task,level,n_demos,batch,env,success,variant,obj_x,obj_y,obj_yaw,goal_x,goal_y,local_rej,nn_demo_dist,cab_x,cab_y,cab_dyaw,bearing
T1,L1,400,0,0,True,-1,0.4199199676513672,0.06320595741271973,0.015568162379218905,0.5,0.25,0.19999999999999996,0.3575149724281647,,,,
T1,L1,400,0,1,True,-1,0.5251350402832031,-0.23926901817321777,-0.6328264991137028,0.5,0.25,0.12,0.16332556104234658,,,,
T1,L1,400,0,2,True,-1,0.5539398193359375,-0.2344609498977661,0.9449733329048506,0.5,0.25,0.040000000000000036,0.3566214571004273,,,,
T1,L1,400,0,3,True,-1,0.45444822311401367,-0.1770169734954834,-1.496712218063705,0.5,0.25,0.16000000000000003,0.171960860125994,,,,
T1,L1,400,0,4,True,-1,0.3772261142730713,-0.04526996612548828,-0.7794043740082593,0.5,0.25,0.19999999999999996,0.22430896724528396,,,,
T1,L1,400,0,5,True,-1,0.47615504264831543,-0.1391589641571045,-0.8314973599042816,0.5,0.25,0.12,0.28759304691716686,,,,
T1,L1,400,0,6,True,-1,0.42728304862976074,0.06062805652618408,0.04037873397655124,0.5,0.25,0.12,0.3350497529522508,,,,
T1,L1,400,0,7,True,-1,0.422792911529541,-0.09509611129760742,1.3049151300091353,0.5,0.25,0.16000000000000003,0.4479629493075282,,,,
T1,L1,400,0,8,True,-1,0.5408880114555359,-0.06334304809570312,-0.019350297280012925,0.5,0.25,0.16000000000000003,0.3139169314541415,,,,
T1,L1,400,0,9,True,-1,0.5538560152053833,-0.12046194076538086,0.152052376545993,0.5,0.25,0.24,0.2673367401828058,,,,
T1,L1,400,0,10,True,-1,0.44010499119758606,0.1084059476852417,1.0659546578986474,0.5,0.25,0.0,0.32348492745967306,,,,
T1,L1,400,0,11,True,-1,0.4031830132007599,0.13948488235473633,1.302472530594698,0.5,0.25,0.040000000000000036,0.07729283255364401,,,,
T1,L1,400,0,12,True,-1,0.5797799825668335,0.01067495346069336,1.1284023824029665,0.5,0.25,0.16000000000000003,0.23806491274161837,,,,
T1,L1,400,0,13,True,-1,0.4009718894958496,-0.15812504291534424,-0.6823677467173213,0.5,0.25,0.12,0.3143032200976965,,,,
T1,L1,400,0,14,True,-1,0.5238549709320068,0.0455399751663208,-0.48376561798232187,0.5,0.25,0.040000000000000036,0.3328499360235524,,,,
T1,L1,400,0,15,True,-1,0.3610808849334717,-0.12740588188171387,-0.015920163079544684,0.5,0.25,0.040000000000000036,0.27883089718476517,,,,
T1,L1,400,0,16,True,-1,0.45041990280151367,0.1068270206451416,0.23924828958745656,0.5,0.25,0.12,0.021629324279372128,,,,
T1,L1,400,0,17,True,-1,0.5561962127685547,0.07948100566864014,-0.14329450257217033,0.5,0.25,0.040000000000000036,0.1143255923550347,,,,
T1,L1,400,0,18,False,-1,0.4355959892272949,-0.21647202968597412,0.7198798286723781,0.5,0.25,0.19999999999999996,0.4216675854544602,,,,
T1,L1,400,0,19,True,-1,0.48358583450317383,0.014761924743652344,-0.04609005527130035,0.5,0.25,0.12,0.2342795871892509,,,,
T1,L1,400,1,0,True,-1,0.5210747718811035,0.0013260841369628906,-1.169778220476784,0.5,0.25,0.12,0.19773385845433705,,,,
T1,L1,400,1,1,True,-1,0.3646879196166992,0.041484951972961426,0.18364795272066375,0.5,0.25,0.16000000000000003,0.37169916437742234,,,,
T1,L1,400,1,2,True,-1,0.47469615936279297,0.06585800647735596,0.7740279944009231,0.5,0.25,0.07999999999999996,0.2593050206244246,,,,
T1,L1,400,1,3,True,-1,0.5456910133361816,0.06700611114501953,-1.538425886175323,0.5,0.25,0.12,0.20370647547642248,,,,
T1,L1,400,1,4,True,-1,0.6355459690093994,0.1070261001586914,0.764659453038695,0.5,0.25,0.12,0.17980855958927966,,,,
T1,L1,400,1,5,True,-1,0.6258540153503418,-0.1133430004119873,-0.8342093806810263,0.5,0.25,0.19999999999999996,0.25303001761980265,,,,
T1,L1,400,1,6,True,-1,0.6477351188659668,-0.01732003688812256,1.5181399724407096,0.5,0.25,0.16000000000000003,0.730568369252512,,,,
T1,L1,400,1,7,True,-1,0.6314210891723633,0.09785604476928711,0.8896565573818832,0.5,0.25,0.16000000000000003,0.14489497919488215,,,,
T1,L1,400,1,8,True,-1,0.4172840118408203,0.02467799186706543,-0.6078825302914668,0.5,0.25,0.19999999999999996,0.3254565623196385,,,,
T1,L1,400,1,9,True,-1,0.4006330072879791,-0.15947699546813965,1.4434165562007077,0.5,0.25,0.19999999999999996,0.13170626769935334,,,,
T1,L1,400,1,10,True,-1,0.3615089952945709,0.13545501232147217,0.168019531213431,0.5,0.25,0.12,0.3383416977270024,,,,
T1,L1,400,1,11,True,-1,0.6430109739303589,-0.1848900318145752,0.8428471272002104,0.5,0.25,0.07999999999999996,0.3983804016860077,,,,
T1,L1,400,1,12,True,-1,0.6058729887008667,-0.13389110565185547,-0.34734139696903593,0.5,0.25,0.24,0.25965554971796634,,,,
T1,L1,400,1,13,True,-1,0.4234330654144287,0.002254009246826172,-0.1629100256876981,0.5,0.25,0.16000000000000003,0.350640075829394,,,,
T1,L1,400,1,14,True,-1,0.35228705406188965,-0.17118096351623535,0.07646260526158265,0.5,0.25,0.07999999999999996,0.1458864871236472,,,,
T1,L1,400,1,15,True,-1,0.6172759532928467,0.054141998291015625,-0.1497900316497556,0.5,0.25,0.07999999999999996,0.3357360114621123,,,,
T1,L1,400,1,16,True,-1,0.5726461410522461,0.010288000106811523,1.0322623943976907,0.5,0.25,0.16000000000000003,0.13289437916088667,,,,
T1,L1,400,1,17,True,-1,0.37904787063598633,-0.23231804370880127,-0.9762347225094953,0.5,0.25,0.12,0.3170909759654995,,,,
T1,L1,400,1,18,True,-1,0.5881252288818359,-0.24677598476409912,-1.3855916997300215,0.5,0.25,0.31999999999999995,0.22940196796370912,,,,
T1,L1,400,1,19,True,-1,0.5181660652160645,-0.11838793754577637,-1.0001948195246437,0.5,0.25,0.12,0.28171280197150955,,,,
T1,L1,400,2,0,True,-1,0.5413532257080078,-0.14773297309875488,-0.37964596816214247,0.5,0.25,0.24,0.33598125536921253,,,,
T1,L1,400,2,1,True,-1,0.37981081008911133,-0.010794997215270996,1.067638704257716,0.5,0.25,0.0,0.27030222970662365,,,,
T1,L1,400,2,2,True,-1,0.4966120719909668,-0.18815302848815918,0.21386124457477274,0.5,0.25,0.07999999999999996,0.23097139977039444,,,,
T1,L1,400,2,3,True,-1,0.3875460624694824,-0.033698081970214844,-0.7826446039173,0.5,0.25,0.19999999999999996,0.34482325047803397,,,,
T1,L1,400,2,4,True,-1,0.3651399612426758,-0.09519410133361816,0.14715266084551223,0.5,0.25,0.12,0.2342775468872564,,,,
T1,L1,400,2,5,True,-1,0.6421060562133789,-0.11122298240661621,-1.3510829776613884,0.5,0.25,0.28,0.19714281531642952,,,,
T1,L1,400,2,6,True,-1,0.5964179039001465,-0.13143599033355713,0.41732164630303675,0.5,0.25,0.19999999999999996,0.2688289143732454,,,,
T1,L1,400,2,7,True,-1,0.499675989151001,-0.10507607460021973,0.8859937638873459,0.5,0.25,0.16000000000000003,0.13298476516682387,,,,
T1,L1,400,2,8,True,-1,0.37232500314712524,-0.10513496398925781,-1.3274009590285878,0.5,0.25,0.24,0.5715049540019408,,,,
T1,L1,400,2,9,True,-1,0.46331000328063965,-0.11660003662109375,0.8810402399756908,0.5,0.25,0.16000000000000003,0.18540396066039935,,,,
T1,L1,400,2,10,True,-1,0.4746130108833313,-0.2028290033340454,1.2565942634893574,0.5,0.25,0.19999999999999996,0.11135515114026817,,,,
T1,L1,400,2,11,True,-1,0.4443399906158447,-0.22750306129455566,1.0227802015103669,0.5,0.25,0.16000000000000003,0.34997099898258066,,,,
T1,L1,400,2,12,True,-1,0.5910359621047974,-0.06209301948547363,-1.0407486831575825,0.5,0.25,0.24,0.2774506769107737,,,,
T1,L1,400,2,13,True,-1,0.46640491485595703,0.0016460418701171875,1.2932821451024321,0.5,0.25,0.040000000000000036,0.24214250053941672,,,,
T1,L1,400,2,14,True,-1,0.5711979866027832,-0.11334705352783203,-0.047240388720686186,0.5,0.25,0.24,0.23929774136283474,,,,
T1,L1,400,2,15,True,-1,0.3840179443359375,0.08597397804260254,1.5071057158156485,0.5,0.25,0.0,0.4196273214458879,,,,
T1,L1,400,2,16,True,-1,0.41747283935546875,-0.14301490783691406,1.353011001311279,0.5,0.25,0.19999999999999996,0.32627466667408284,,,,
T1,L1,400,2,17,True,-1,0.47009801864624023,-0.1363300085067749,1.2836868900672667,0.5,0.25,0.12,0.27483138581749195,,,,
T1,L1,400,2,18,True,-1,0.37511205673217773,0.06210196018218994,-0.1812981663012953,0.5,0.25,0.19999999999999996,0.412746679718019,,,,
T1,L1,400,2,19,True,-1,0.42130517959594727,-0.170989990234375,1.1046855280772416,0.5,0.25,0.16000000000000003,0.29511298997988095,,,,
T1,L1,400,3,0,True,-1,0.3978438377380371,0.04998493194580078,1.2054005219558837,0.5,0.25,0.0,0.13636399702502397,,,,
T1,L1,400,3,1,True,-1,0.6081638336181641,-0.06217598915100098,0.6081612165263101,0.5,0.25,0.12,0.3128597563197493,,,,
T1,L1,400,3,2,True,-1,0.5025582313537598,-0.15768897533416748,-1.2391199201125143,0.5,0.25,0.16000000000000003,0.2924431240293784,,,,
T1,L1,400,3,3,True,-1,0.6248221397399902,0.09261798858642578,-1.074366675379114,0.5,0.25,0.12,0.2600467170358731,,,,
T1,L1,400,3,4,True,-1,0.40196704864501953,0.002370119094848633,-0.712505947950148,0.5,0.25,0.28,0.33866813446625255,,,,
T1,L1,400,3,5,True,-1,0.6215519905090332,-0.13135504722595215,-0.8748032332936452,0.5,0.25,0.24,0.2599961186020569,,,,
T1,L1,400,3,6,True,-1,0.3879249095916748,0.11820602416992188,0.1544313574905224,0.5,0.25,0.12,0.16726233441663363,,,,
T1,L1,400,3,7,True,-1,0.6325480937957764,-0.1696479320526123,-0.9229781752901769,0.5,0.25,0.28,0.18712453578728666,,,,
T1,L1,400,3,8,True,-1,0.5339339971542358,-0.1175529956817627,-0.8723044437429666,0.5,0.25,0.12,0.29933975340402147,,,,
T1,L1,400,3,9,True,-1,0.38383400440216064,-0.21889197826385498,0.29106852364182556,0.5,0.25,0.16000000000000003,0.1734341284555373,,,,
T1,L1,400,3,10,True,-1,0.38298100233078003,0.055052995681762695,0.9144439736218322,0.5,0.25,0.0,0.268442960194183,,,,
T1,L1,400,3,11,True,-1,0.43295300006866455,-0.13831090927124023,-1.0397694994145839,0.5,0.25,0.12,0.34722073119871616,,,,
T1,L1,400,3,12,True,-1,0.43365907669067383,-0.09772205352783203,1.4463839697855492,0.5,0.25,0.19999999999999996,0.4659655290014141,,,,
T1,L1,400,3,13,True,-1,0.4944150447845459,-0.16264796257019043,0.35857597564442767,0.5,0.25,0.12,0.2978856178281214,,,,
T1,L1,400,3,14,True,-1,0.46271610260009766,0.09978902339935303,-1.0801723817098619,0.5,0.25,0.07999999999999996,0.23401944815048484,,,,
T1,L1,400,3,15,True,-1,0.4764540195465088,-0.0806269645690918,0.49166741413383436,0.5,0.25,0.16000000000000003,0.152606392063454,,,,
T1,L1,400,3,16,True,-1,0.3564720153808594,-0.06361699104309082,-0.344336731670838,0.5,0.25,0.07999999999999996,0.4602405691479038,,,,
T1,L1,400,3,17,True,-1,0.558722972869873,-0.1140589714050293,-0.8424527941312846,0.5,0.25,0.19999999999999996,0.20926621433859138,,,,
T1,L1,400,3,18,True,-1,0.4079399108886719,0.10705697536468506,-0.8721564182951481,0.5,0.25,0.16000000000000003,0.26178225300245145,,,,
T1,L1,400,3,19,True,-1,0.6057701110839844,-0.07759690284729004,-1.0041124508791388,0.5,0.25,0.19999999999999996,0.38073829194736125,,,,
T1,L1,400,4,0,True,-1,0.44892406463623047,-0.1399550437927246,-0.9263035575006787,0.5,0.25,0.12,0.28054924758682886,,,,
T1,L1,400,4,1,True,-1,0.42635488510131836,-0.003618955612182617,-0.47621508887270086,0.5,0.25,0.16000000000000003,0.3109116973583059,,,,
T1,L1,400,4,2,True,-1,0.628173828125,0.025660037994384766,-0.5160137795436522,0.5,0.25,0.12,0.3321753464258023,,,,
T1,L1,400,4,3,True,-1,0.5519599914550781,0.08081603050231934,0.6263693387277132,0.5,0.25,0.19999999999999996,0.4058786926173038,,,,
T1,L1,400,4,4,True,-1,0.6171820163726807,-0.06087207794189453,-0.47606712562381914,0.5,0.25,0.16000000000000003,0.375647537964616,,,,
T1,L1,400,4,5,True,-1,0.48258495330810547,-0.01678001880645752,1.1909497603975736,0.5,0.25,0.12,0.2585787989028196,,,,
T1,L1,400,4,6,True,-1,0.6249508857727051,0.05291903018951416,0.8685390660890319,0.5,0.25,0.12,0.1407001749201803,,,,
T1,L1,400,4,7,True,-1,0.6199920177459717,-0.23728108406066895,-0.8805339732958015,0.5,0.25,0.28,0.18809639221422414,,,,
T1,L1,400,4,8,True,-1,0.6149269938468933,-0.052828073501586914,-0.950772770273297,0.5,0.25,0.19999999999999996,0.4224498646858804,,,,
T1,L1,400,4,9,True,-1,0.45015600323677063,-0.13159596920013428,-0.5766756006953255,0.5,0.25,0.07999999999999996,0.2524658332465982,,,,
T1,L1,400,4,10,True,-1,0.5950130224227905,-0.09974098205566406,0.08731772255627288,0.5,0.25,0.24,0.24694391025239057,,,,
T1,L1,400,4,11,True,-1,0.6421890258789062,-0.22020697593688965,-1.3098909461750556,0.5,0.25,0.31999999999999995,0.3320902454985689,,,,
T1,L1,400,4,12,True,-1,0.5179380178451538,-0.12410402297973633,-1.268074236879588,0.5,0.25,0.12,0.39491922786415,,,,
T1,L1,400,4,13,True,-1,0.5793629884719849,0.031378984451293945,0.7584509105339307,0.5,0.25,0.12,0.3181589469737018,,,,
T1,L1,400,4,14,True,-1,0.4137749671936035,-0.07807695865631104,-0.9677076198432111,0.5,0.25,0.16000000000000003,0.24056886234946584,,,,
T1,L1,400,4,15,True,-1,0.5794939994812012,-0.24326610565185547,-1.4032404613098983,0.5,0.25,0.31999999999999995,0.2245833941991187,,,,
T1,L1,400,4,16,True,-1,0.5286698341369629,-0.02480006217956543,-0.09954714163375554,0.5,0.25,0.12,0.20527916791578346,,,,
T1,L1,400,4,17,True,-1,0.5468220710754395,0.11318004131317139,1.2491486388539357,0.5,0.25,0.28,0.29555876972510253,,,,
T1,L1,400,4,18,True,-1,0.6461172103881836,-0.2079160213470459,-1.2212336852843328,0.5,0.25,0.31999999999999995,0.3224601793205755,,,,
T1,L1,400,4,19,True,-1,0.4366440773010254,-0.15762996673583984,1.1258329438837613,0.5,0.25,0.19999999999999996,0.2888166301134636,,,,
T1,L1,100,0,0,False,-1,0.4199199676513672,0.06320595741271973,0.015568162379218905,0.5,0.25,0.19999999999999996,0.3575149724281647,,,,
T1,L1,100,0,1,False,-1,0.5251350402832031,-0.23926901817321777,-0.6328264991137028,0.5,0.25,0.12,0.5230841724810844,,,,
T1,L1,100,0,2,True,-1,0.5539398193359375,-0.2344609498977661,0.9449733329048506,0.5,0.25,0.040000000000000036,0.3566214571004273,,,,
T1,L1,100,0,3,True,-1,0.45444822311401367,-0.1770169734954834,-1.496712218063705,0.5,0.25,0.16000000000000003,0.171960860125994,,,,
T1,L1,100,0,4,False,-1,0.3772261142730713,-0.04526996612548828,-0.7794043740082593,0.5,0.25,0.19999999999999996,0.5947093054681118,,,,
T1,L1,100,0,5,True,-1,0.47615504264831543,-0.1391589641571045,-0.8314973599042816,0.5,0.25,0.12,0.3774348593994877,,,,
T1,L1,100,0,6,False,-1,0.42728304862976074,0.06062805652618408,0.04037873397655124,0.5,0.25,0.12,0.38887669277405,,,,
T1,L1,100,0,7,True,-1,0.422792911529541,-0.09509611129760742,1.3049151300091353,0.5,0.25,0.16000000000000003,0.47987615863235494,,,,
T1,L1,100,0,8,True,-1,0.5408880114555359,-0.06334304809570312,-0.019350297280012925,0.5,0.25,0.16000000000000003,0.5418589686991442,,,,
T1,L1,100,0,9,False,-1,0.5538560152053833,-0.12046194076538086,0.152052376545993,0.5,0.25,0.24,0.6986016036472998,,,,
T1,L1,100,0,10,False,-1,0.44010499119758606,0.1084059476852417,1.0659546578986474,0.5,0.25,0.0,0.345238439000311,,,,
T1,L1,100,0,11,False,-1,0.4031830132007599,0.13948488235473633,1.302472530594698,0.5,0.25,0.040000000000000036,0.754993643912758,,,,
T1,L1,100,0,12,True,-1,0.5797799825668335,0.01067495346069336,1.1284023824029665,0.5,0.25,0.16000000000000003,0.6357014917494397,,,,
T1,L1,100,0,13,False,-1,0.4009718894958496,-0.15812504291534424,-0.6823677467173213,0.5,0.25,0.12,0.3229461949414023,,,,
T1,L1,100,0,14,True,-1,0.5238549709320068,0.0455399751663208,-0.48376561798232187,0.5,0.25,0.040000000000000036,0.3328499360235524,,,,
T1,L1,100,0,15,False,-1,0.3610808849334717,-0.12740588188171387,-0.015920163079544684,0.5,0.25,0.040000000000000036,0.4211025994417268,,,,
T1,L1,100,0,16,False,-1,0.45041990280151367,0.1068270206451416,0.23924828958745656,0.5,0.25,0.12,0.24596219935220248,,,,
T1,L1,100,0,17,True,-1,0.5561962127685547,0.07948100566864014,-0.14329450257217033,0.5,0.25,0.040000000000000036,0.24818091079084162,,,,
T1,L1,100,0,18,True,-1,0.4355959892272949,-0.21647202968597412,0.7198798286723781,0.5,0.25,0.19999999999999996,0.4216675854544602,,,,
T1,L1,100,0,19,True,-1,0.48358583450317383,0.014761924743652344,-0.04609005527130035,0.5,0.25,0.12,0.33177571347807716,,,,
T1,L1,100,1,0,False,-1,0.5210747718811035,0.0013260841369628906,-1.169778220476784,0.5,0.25,0.12,0.36346052846360233,,,,
T1,L1,100,1,1,True,-1,0.3646879196166992,0.041484951972961426,0.18364795272066375,0.5,0.25,0.16000000000000003,0.4952525983799602,,,,
T1,L1,100,1,2,True,-1,0.47469615936279297,0.06585800647735596,0.7740279944009231,0.5,0.25,0.07999999999999996,0.2593050206244246,,,,
T1,L1,100,1,3,True,-1,0.5456910133361816,0.06700611114501953,-1.538425886175323,0.5,0.25,0.12,0.20370647547642248,,,,
T1,L1,100,1,4,True,-1,0.6355459690093994,0.1070261001586914,0.764659453038695,0.5,0.25,0.12,0.3274815571598688,,,,
T1,L1,100,1,5,True,-1,0.6258540153503418,-0.1133430004119873,-0.8342093806810263,0.5,0.25,0.19999999999999996,0.4062421058965517,,,,
T1,L1,100,1,6,True,-1,0.6477351188659668,-0.01732003688812256,1.5181399724407096,0.5,0.25,0.16000000000000003,0.8851094927403902,,,,
T1,L1,100,1,7,True,-1,0.6314210891723633,0.09785604476928711,0.8896565573818832,0.5,0.25,0.16000000000000003,0.25737345546817597,,,,
T1,L1,100,1,8,True,-1,0.4172840118408203,0.02467799186706543,-0.6078825302914668,0.5,0.25,0.19999999999999996,0.4966303975981837,,,,
T1,L1,100,1,9,True,-1,0.4006330072879791,-0.15947699546813965,1.4434165562007077,0.5,0.25,0.19999999999999996,0.13170626769935334,,,,
T1,L1,100,1,10,False,-1,0.3615089952945709,0.13545501232147217,0.168019531213431,0.5,0.25,0.12,0.48764132108794134,,,,
T1,L1,100,1,11,True,-1,0.6430109739303589,-0.1848900318145752,0.8428471272002104,0.5,0.25,0.07999999999999996,0.5002143215273122,,,,
T1,L1,100,1,12,True,-1,0.6058729887008667,-0.13389110565185547,-0.34734139696903593,0.5,0.25,0.24,0.34474083414010614,,,,
T1,L1,100,1,13,True,-1,0.4234330654144287,0.002254009246826172,-0.1629100256876981,0.5,0.25,0.16000000000000003,0.39052322295464853,,,,
T1,L1,100,1,14,True,-1,0.35228705406188965,-0.17118096351623535,0.07646260526158265,0.5,0.25,0.07999999999999996,0.30080228605694365,,,,
T1,L1,100,1,15,True,-1,0.6172759532928467,0.054141998291015625,-0.1497900316497556,0.5,0.25,0.07999999999999996,0.35243903679348765,,,,
T1,L1,100,1,16,True,-1,0.5726461410522461,0.010288000106811523,1.0322623943976907,0.5,0.25,0.16000000000000003,0.5684749621912221,,,,
T1,L1,100,1,17,True,-1,0.37904787063598633,-0.23231804370880127,-0.9762347225094953,0.5,0.25,0.12,0.43824305360342813,,,,
T1,L1,100,1,18,True,-1,0.5881252288818359,-0.24677598476409912,-1.3855916997300215,0.5,0.25,0.31999999999999995,0.3094018186351959,,,,
T1,L1,100,1,19,True,-1,0.5181660652160645,-0.11838793754577637,-1.0001948195246437,0.5,0.25,0.12,0.41853865693478476,,,,
T1,L1,100,2,0,False,-1,0.5413532257080078,-0.14773297309875488,-0.37964596816214247,0.5,0.25,0.24,0.5538505871821698,,,,
T1,L1,100,2,1,True,-1,0.37981081008911133,-0.010794997215270996,1.067638704257716,0.5,0.25,0.0,0.4882805413136694,,,,
T1,L1,100,2,2,True,-1,0.4966120719909668,-0.18815302848815918,0.21386124457477274,0.5,0.25,0.07999999999999996,0.5143737492106736,,,,
T1,L1,100,2,3,True,-1,0.3875460624694824,-0.033698081970214844,-0.7826446039173,0.5,0.25,0.19999999999999996,0.5338788805063251,,,,
T1,L1,100,2,4,True,-1,0.3651399612426758,-0.09519410133361816,0.14715266084551223,0.5,0.25,0.12,0.6521563094890461,,,,
T1,L1,100,2,5,True,-1,0.6421060562133789,-0.11122298240661621,-1.3510829776613884,0.5,0.25,0.28,0.6445581286603014,,,,
T1,L1,100,2,6,True,-1,0.5964179039001465,-0.13143599033355713,0.41732164630303675,0.5,0.25,0.19999999999999996,0.4643944474204514,,,,
T1,L1,100,2,7,True,-1,0.499675989151001,-0.10507607460021973,0.8859937638873459,0.5,0.25,0.16000000000000003,0.13298476516682387,,,,
T1,L1,100,2,8,True,-1,0.37232500314712524,-0.10513496398925781,-1.3274009590285878,0.5,0.25,0.24,0.8205371027561009,,,,
T1,L1,100,2,9,True,-1,0.46331000328063965,-0.11660003662109375,0.8810402399756908,0.5,0.25,0.16000000000000003,0.18540396066039935,,,,
T1,L1,100,2,10,True,-1,0.4746130108833313,-0.2028290033340454,1.2565942634893574,0.5,0.25,0.19999999999999996,0.43087385768741887,,,,
T1,L1,100,2,11,True,-1,0.4443399906158447,-0.22750306129455566,1.0227802015103669,0.5,0.25,0.16000000000000003,0.34997099898258066,,,,
T1,L1,100,2,12,True,-1,0.5910359621047974,-0.06209301948547363,-1.0407486831575825,0.5,0.25,0.24,0.4004392041230376,,,,
T1,L1,100,2,13,True,-1,0.46640491485595703,0.0016460418701171875,1.2932821451024321,0.5,0.25,0.040000000000000036,0.7228983247853056,,,,
T1,L1,100,2,14,True,-1,0.5711979866027832,-0.11334705352783203,-0.047240388720686186,0.5,0.25,0.24,0.6605126971942176,,,,
T1,L1,100,2,15,True,-1,0.3840179443359375,0.08597397804260254,1.5071057158156485,0.5,0.25,0.0,0.6808110139887079,,,,
T1,L1,100,2,16,True,-1,0.41747283935546875,-0.14301490783691406,1.353011001311279,0.5,0.25,0.19999999999999996,0.32627466667408284,,,,
T1,L1,100,2,17,True,-1,0.47009801864624023,-0.1363300085067749,1.2836868900672667,0.5,0.25,0.12,0.33928457654757943,,,,
T1,L1,100,2,18,True,-1,0.37511205673217773,0.06210196018218994,-0.1812981663012953,0.5,0.25,0.19999999999999996,0.5185985734775005,,,,
T1,L1,100,2,19,True,-1,0.42130517959594727,-0.170989990234375,1.1046855280772416,0.5,0.25,0.16000000000000003,0.29511298997988095,,,,
T1,L1,100,3,0,True,-1,0.3978438377380371,0.04998493194580078,1.2054005219558837,0.5,0.25,0.0,0.3731579399334856,,,,
T1,L1,100,3,1,True,-1,0.6081638336181641,-0.06217598915100098,0.6081612165263101,0.5,0.25,0.12,0.5328138376915947,,,,
T1,L1,100,3,2,True,-1,0.5025582313537598,-0.15768897533416748,-1.2391199201125143,0.5,0.25,0.16000000000000003,0.5627910735047194,,,,
T1,L1,100,3,3,True,-1,0.6248221397399902,0.09261798858642578,-1.074366675379114,0.5,0.25,0.12,0.4240977403009236,,,,
T1,L1,100,3,4,True,-1,0.40196704864501953,0.002370119094848633,-0.712505947950148,0.5,0.25,0.28,0.4117910606865892,,,,
T1,L1,100,3,5,True,-1,0.6215519905090332,-0.13135504722595215,-0.8748032332936452,0.5,0.25,0.24,0.4554001883201635,,,,
T1,L1,100,3,6,True,-1,0.3879249095916748,0.11820602416992188,0.1544313574905224,0.5,0.25,0.12,0.16726233441663363,,,,
T1,L1,100,3,7,True,-1,0.6325480937957764,-0.1696479320526123,-0.9229781752901769,0.5,0.25,0.28,0.44758260944785,,,,
T1,L1,100,3,8,True,-1,0.5339339971542358,-0.1175529956817627,-0.8723044437429666,0.5,0.25,0.12,0.45537146461621125,,,,
T1,L1,100,3,9,True,-1,0.38383400440216064,-0.21889197826385498,0.29106852364182556,0.5,0.25,0.16000000000000003,0.1734341284555373,,,,
T1,L1,100,3,10,True,-1,0.38298100233078003,0.055052995681762695,0.9144439736218322,0.5,0.25,0.0,0.6778557797601169,,,,
T1,L1,100,3,11,True,-1,0.43295300006866455,-0.13831090927124023,-1.0397694994145839,0.5,0.25,0.12,0.46060099618373695,,,,
T1,L1,100,3,12,True,-1,0.43365907669067383,-0.09772205352783203,1.4463839697855492,0.5,0.25,0.19999999999999996,0.6343487875196074,,,,
T1,L1,100,3,13,True,-1,0.4944150447845459,-0.16264796257019043,0.35857597564442767,0.5,0.25,0.12,0.5983906757864352,,,,
T1,L1,100,3,14,True,-1,0.46271610260009766,0.09978902339935303,-1.0801723817098619,0.5,0.25,0.07999999999999996,0.5840820192270441,,,,
T1,L1,100,3,15,True,-1,0.4764540195465088,-0.0806269645690918,0.49166741413383436,0.5,0.25,0.16000000000000003,0.4010672115220983,,,,
T1,L1,100,3,16,True,-1,0.3564720153808594,-0.06361699104309082,-0.344336731670838,0.5,0.25,0.07999999999999996,0.5691449591788982,,,,
T1,L1,100,3,17,True,-1,0.558722972869873,-0.1140589714050293,-0.8424527941312846,0.5,0.25,0.19999999999999996,0.20926621433859138,,,,
T1,L1,100,3,18,False,-1,0.4079399108886719,0.10705697536468506,-0.8721564182951481,0.5,0.25,0.16000000000000003,0.3229148949616701,,,,
T1,L1,100,3,19,True,-1,0.6057701110839844,-0.07759690284729004,-1.0041124508791388,0.5,0.25,0.19999999999999996,0.5101559570584816,,,,
T1,L1,100,4,0,True,-1,0.44892406463623047,-0.1399550437927246,-0.9263035575006787,0.5,0.25,0.12,0.4094517792891008,,,,
T1,L1,100,4,1,True,-1,0.42635488510131836,-0.003618955612182617,-0.47621508887270086,0.5,0.25,0.16000000000000003,0.5242881143986261,,,,
T1,L1,100,4,2,True,-1,0.628173828125,0.025660037994384766,-0.5160137795436522,0.5,0.25,0.12,0.6994846714331137,,,,
T1,L1,100,4,3,True,-1,0.5519599914550781,0.08081603050231934,0.6263693387277132,0.5,0.25,0.19999999999999996,0.46710244516695476,,,,
T1,L1,100,4,4,True,-1,0.6171820163726807,-0.06087207794189453,-0.47606712562381914,0.5,0.25,0.16000000000000003,0.4318084523272461,,,,
T1,L1,100,4,5,True,-1,0.48258495330810547,-0.01678001880645752,1.1909497603975736,0.5,0.25,0.12,0.7635634217368126,,,,
T1,L1,100,4,6,True,-1,0.6249508857727051,0.05291903018951416,0.8685390660890319,0.5,0.25,0.12,0.1407001749201803,,,,
T1,L1,100,4,7,True,-1,0.6199920177459717,-0.23728108406066895,-0.8805339732958015,0.5,0.25,0.28,0.770077548371772,,,,
T1,L1,100,4,8,True,-1,0.6149269938468933,-0.052828073501586914,-0.950772770273297,0.5,0.25,0.19999999999999996,0.4224498646858804,,,,
T1,L1,100,4,9,True,-1,0.45015600323677063,-0.13159596920013428,-0.5766756006953255,0.5,0.25,0.07999999999999996,0.30113589324562773,,,,
T1,L1,100,4,10,True,-1,0.5950130224227905,-0.09974098205566406,0.08731772255627288,0.5,0.25,0.24,0.45787890528051894,,,,
T1,L1,100,4,11,True,-1,0.6421890258789062,-0.22020697593688965,-1.3098909461750556,0.5,0.25,0.31999999999999995,0.7152446749899332,,,,
T1,L1,100,4,12,True,-1,0.5179380178451538,-0.12410402297973633,-1.268074236879588,0.5,0.25,0.12,0.5145325134323769,,,,
T1,L1,100,4,13,True,-1,0.5793629884719849,0.031378984451293945,0.7584509105339307,0.5,0.25,0.12,0.5018293789492572,,,,
T1,L1,100,4,14,True,-1,0.4137749671936035,-0.07807695865631104,-0.9677076198432111,0.5,0.25,0.16000000000000003,0.3555351841729176,,,,
T1,L1,100,4,15,True,-1,0.5794939994812012,-0.24326610565185547,-1.4032404613098983,0.5,0.25,0.31999999999999995,0.2245833941991187,,,,
T1,L1,100,4,16,True,-1,0.5286698341369629,-0.02480006217956543,-0.09954714163375554,0.5,0.25,0.12,0.2301975369739292,,,,
T1,L1,100,4,17,True,-1,0.5468220710754395,0.11318004131317139,1.2491486388539357,0.5,0.25,0.28,0.7099785793759914,,,,
T1,L1,100,4,18,True,-1,0.6461172103881836,-0.2079160213470459,-1.2212336852843328,0.5,0.25,0.31999999999999995,0.6566920805090669,,,,
T1,L1,100,4,19,True,-1,0.4366440773010254,-0.15762996673583984,1.1258329438837613,0.5,0.25,0.19999999999999996,0.2888166301134636,,,,
T1,L2,400,0,0,True,-1,0.4199199676513672,0.06320595741271973,0.015568162379218905,0.46863603591918945,0.20419001579284668,0.12,0.2879152458122234,,,,
T1,L2,400,0,1,True,-1,0.5251350402832031,-0.23926901817321777,-0.6328264991137028,0.5896100997924805,0.2531049847602844,0.07999999999999996,0.16469508500151453,,,,
T1,L2,400,0,2,True,-1,0.5539398193359375,-0.2344609498977661,0.9449733329048506,0.44419288635253906,0.2879159450531006,0.16000000000000003,0.3593417030252445,,,,
T1,L2,400,0,3,True,-1,0.45444822311401367,-0.1770169734954834,-1.496712218063705,0.4496941566467285,0.13855195045471191,0.16000000000000003,0.17611971402042167,,,,
T1,L2,400,0,4,True,-1,0.3772261142730713,-0.04526996612548828,-0.7794043740082593,0.4553699493408203,0.2473430633544922,0.24,0.22826463269366443,,,,
T1,L2,400,0,5,True,-1,0.47615504264831543,-0.1391589641571045,-0.8314973599042816,0.4776499271392822,0.10975098609924316,0.07999999999999996,0.29412985477339393,,,,
T1,L2,400,0,6,True,-1,0.42728304862976074,0.06062805652618408,0.04037873397655124,0.5881481170654297,0.1651979684829712,0.12,0.3413727040652906,,,,
T1,L2,400,0,7,True,-1,0.422792911529541,-0.09509611129760742,1.3049151300091353,0.5505480766296387,0.2056729793548584,0.24,0.4824566459022482,,,,
T1,L2,400,0,8,True,-1,0.5408880114555359,-0.06334304809570312,-0.019350297280012925,0.467646986246109,0.15312409400939941,0.0,0.2237939217868472,,,,
T1,L2,400,0,9,True,-1,0.5538560152053833,-0.12046194076538086,0.152052376545993,0.48451000452041626,0.16256999969482422,0.07999999999999996,0.27401430793572606,,,,
T1,L2,400,0,10,True,-1,0.44010499119758606,0.1084059476852417,1.0659546578986474,0.583541989326477,0.24091601371765137,0.07999999999999996,0.32773285440637495,,,,
T1,L2,400,0,11,True,-1,0.5826219916343689,0.1496899127960205,1.0316736543149099,0.509207010269165,0.279691219329834,0.16000000000000003,0.5146475819203834,,,,
T1,L2,400,0,12,True,-1,0.5797799825668335,0.01067495346069336,1.1284023824029665,0.4132399559020996,0.28252696990966797,0.16000000000000003,0.2627475046375637,,,,
T1,L2,400,0,13,True,-1,0.4009718894958496,-0.15812504291534424,-0.6823677467173213,0.40796399116516113,0.22868597507476807,0.040000000000000036,0.3184215499656288,,,,
T1,L2,400,0,14,True,-1,0.5238549709320068,0.0455399751663208,-0.48376561798232187,0.4346339702606201,0.25032901763916016,0.07999999999999996,0.33634039951884354,,,,
T1,L2,400,0,15,True,-1,0.3610808849334717,-0.12740588188171387,-0.015920163079544684,0.5406899452209473,0.16338300704956055,0.28,0.28907889634542594,,,,
T1,L2,400,0,16,True,-1,0.45041990280151367,0.1068270206451416,0.23924828958745656,0.5323271751403809,0.276853084564209,0.12,0.20566405034674137,,,,
T1,L2,400,0,17,True,-1,0.4355959892272949,-0.21647202968597412,0.7198798286723781,0.44623899459838867,0.2841140031814575,0.16000000000000003,0.41703991532573076,,,,
T1,L2,400,0,18,True,-1,0.48358583450317383,0.014762043952941895,-0.04609005527130035,0.48210716247558594,0.2924480438232422,0.07999999999999996,0.23859852285590394,,,,
T1,L2,400,0,19,True,-1,0.37711381912231445,0.10686492919921875,1.4904195283766482,0.5654177665710449,0.1844189167022705,0.07999999999999996,0.27858574928051355,,,,
T1,L2,400,1,0,True,-1,0.5210747718811035,0.0013260841369628906,-1.169778220476784,0.5145859718322754,0.20821404457092285,0.16000000000000003,0.20106793268088816,,,,
T1,L2,400,1,1,True,-1,0.47469615936279297,0.06585800647735596,0.7740279944009231,0.42285823822021484,0.263729989528656,0.12,0.252598053693568,,,,
T1,L2,400,1,2,True,-1,0.5456910133361816,0.06700503826141357,-1.538425886175323,0.42995119094848633,0.17413198947906494,0.19999999999999996,0.4891660704545674,,,,
T1,L2,400,1,3,True,-1,0.6355462074279785,0.1070261001586914,0.764659453038695,0.4667220115661621,0.1881999969482422,0.19999999999999996,0.18212351789175657,,,,
T1,L2,400,1,4,True,-1,0.6258540153503418,-0.1133430004119873,-0.8342093806810263,0.4150710105895996,0.18363499641418457,0.07999999999999996,0.25664789658406184,,,,
T1,L2,400,1,5,True,-1,0.6477351188659668,-0.01732003688812256,1.5181399724407096,0.5724020004272461,0.2323000431060791,0.12,0.7742209071874665,,,,
T1,L2,400,1,6,True,-1,0.6314210891723633,0.09785604476928711,0.8896565573818832,0.45636796951293945,0.19811797142028809,0.16000000000000003,0.14674047695486928,,,,
T1,L2,400,1,7,True,-1,0.4172840118408203,0.02467799186706543,-0.6078825302914668,0.4590458869934082,0.2348918914794922,0.24,0.24663971004204038,,,,
T1,L2,400,1,8,True,-1,0.4006330072879791,-0.15947699546813965,1.4434165562007077,0.5400170087814331,0.17100000381469727,0.16000000000000003,0.13541057419707073,,,,
T1,L2,400,1,9,True,-1,0.6430109739303589,-0.1848900318145752,0.8428471272002104,0.5017499923706055,0.28252899646759033,0.12,0.4007954142291494,,,,
T1,L2,400,1,10,True,-1,0.6058729887008667,-0.13389098644256592,-0.34734139696903593,0.5214329957962036,0.25017595291137695,0.040000000000000036,0.2631873655113442,,,,
T1,L2,400,1,11,True,-1,0.42343300580978394,0.002254009246826172,-0.1629100256876981,0.49353501200675964,0.15091609954833984,0.07999999999999996,0.33548066141065075,,,,
T1,L2,400,1,12,True,-1,0.35228705406188965,-0.17118096351623535,0.07646260526158265,0.42312002182006836,0.25609588623046875,0.19999999999999996,0.302431090298333,,,,
T1,L2,400,1,13,True,-1,0.6172759532928467,0.054141998291015625,-0.1497900316497556,0.5145779848098755,0.1979440450668335,0.4,0.3420860534899242,,,,
T1,L2,400,1,14,True,-1,0.5726460218429565,0.010288000106811523,1.0322623943976907,0.5021220445632935,0.16343903541564941,0.16000000000000003,0.13458607213140666,,,,
T1,L2,400,1,15,True,-1,0.37904810905456543,-0.23231792449951172,-0.9762347225094953,0.4312279224395752,0.14907407760620117,0.040000000000000036,0.3192648282973165,,,,
T1,L2,400,1,16,True,-1,0.5881252288818359,-0.24677610397338867,-1.3855916997300215,0.421968936920166,0.2329390048980713,0.07999999999999996,0.11054131202164506,,,,
T1,L2,400,1,17,True,-1,0.5181660652160645,-0.11838805675506592,-1.0001948195246437,0.46268701553344727,0.14175796508789062,0.07999999999999996,0.2850156514008201,,,,
T1,L2,400,1,18,True,-1,0.6029219627380371,0.08500003814697266,-1.4363033396761387,0.5029640197753906,0.25604796409606934,0.24,0.1843920519001581,,,,
T1,L2,400,1,19,True,-1,0.5037841796875,-0.05118894577026367,0.8202261970545227,0.4314260482788086,0.16667890548706055,0.24,0.40870643662309647,,,,
T1,L2,400,2,0,True,-1,0.5413532257080078,-0.14773297309875488,-0.37964596816214247,0.592951774597168,0.12119388580322266,0.040000000000000036,0.2735656524614778,,,,
T1,L2,400,2,1,True,-1,0.37981081008911133,-0.010794997215270996,1.067638704257716,0.5114378929138184,0.2704460024833679,0.040000000000000036,0.2733930590995487,,,,
T1,L2,400,2,2,True,-1,0.4966120719909668,-0.18815302848815918,0.21386124457477274,0.544990062713623,0.15623605251312256,0.19999999999999996,0.2346530728086767,,,,
T1,L2,400,2,3,True,-1,0.3875460624694824,-0.033698081970214844,-0.7826446039173,0.42093992233276367,0.20398807525634766,0.24,0.35085059624283593,,,,
T1,L2,400,2,4,True,-1,0.3651399612426758,-0.09519410133361816,0.14715266084551223,0.5677099227905273,0.2551310062408447,0.16000000000000003,0.2359913035687012,,,,
T1,L2,400,2,5,True,-1,0.6421060562133789,-0.11122298240661621,-1.3510829776613884,0.458967924118042,0.282043993473053,0.16000000000000003,0.2011761622608368,,,,
T1,L2,400,2,6,True,-1,0.5964179039001465,-0.13143599033355713,0.41732164630303675,0.44394803047180176,0.24585402011871338,0.19999999999999996,0.27225726537634176,,,,
T1,L2,400,2,7,True,-1,0.499675989151001,-0.10507607460021973,0.8859937638873459,0.4156680107116699,0.2805628776550293,0.28,0.3772844368595905,,,,
T1,L2,400,2,8,True,-1,0.37232500314712524,-0.10513496398925781,-1.3274009590285878,0.5316349864006042,0.1884310245513916,0.12,0.09438827916339405,,,,
T1,L2,400,2,9,True,-1,0.46331000328063965,-0.11660003662109375,0.8810402399756908,0.4762429893016815,0.19511401653289795,0.24,0.18852049604618126,,,,
T1,L2,400,2,10,True,-1,0.4746130108833313,-0.2028290033340454,1.2565942634893574,0.4630489945411682,0.2045069932937622,0.19999999999999996,0.11423151602353265,,,,
T1,L2,400,2,11,True,-1,0.4443399906158447,-0.22750306129455566,1.0227802015103669,0.5092509984970093,0.2670412063598633,0.19999999999999996,0.36022148476047383,,,,
T1,L2,400,2,12,True,-1,0.5910359621047974,-0.06209301948547363,-1.0407486831575825,0.5383080244064331,0.2658360004425049,0.16000000000000003,0.27923937346087857,,,,
T1,L2,400,2,13,True,-1,0.5711979866027832,-0.11334705352783203,-0.047240388720686186,0.4542520046234131,0.13850200176239014,0.12,0.2439338457749596,,,,
T1,L2,400,2,14,True,-1,0.41747307777404785,-0.1430150270462036,1.353011001311279,0.5633399486541748,0.17922604084014893,0.16000000000000003,0.33350895212367915,,,,
T1,L2,400,2,15,True,-1,0.47009801864624023,-0.13632988929748535,1.2836868900672667,0.49242305755615234,0.2339489459991455,0.31999999999999995,0.2822783532033972,,,,
T1,L2,400,2,16,True,-1,0.558405876159668,0.14088797569274902,-0.06111950840215809,0.42377519607543945,0.22291994094848633,0.24,0.336470796483245,,,,
T1,L2,400,2,17,True,-1,0.37511205673217773,0.06210196018218994,-0.1812981663012953,0.41860485076904297,0.2814440131187439,0.19999999999999996,0.40821893472537585,,,,
T1,L2,400,2,18,True,-1,0.42130517959594727,-0.170989990234375,1.1046855280772416,0.41874217987060547,0.2439730167388916,0.16000000000000003,0.13092056458770768,,,,
T1,L2,400,2,19,True,-1,0.48632001876831055,-0.08150196075439453,0.9497629280534444,0.5260891914367676,0.26665306091308594,0.28,0.2977006160109038,,,,
T1,L2,400,3,0,True,-1,0.3978438377380371,0.04998493194580078,1.2054005219558837,0.5026578903198242,0.28113603591918945,0.07999999999999996,0.13865251424033878,,,,
T1,L2,400,3,1,True,-1,0.6081638336181641,-0.06217598915100098,0.6081612165263101,0.45990800857543945,0.19756805896759033,0.19999999999999996,0.31674803891321557,,,,
T1,L2,400,3,2,True,-1,0.5025582313537598,-0.15768897533416748,-1.2391199201125143,0.5093522071838379,0.28693699836730957,0.12,0.2965590042497946,,,,
T1,L2,400,3,3,True,-1,0.6248221397399902,0.09261798858642578,-1.074366675379114,0.4313530921936035,0.26532697677612305,0.24,0.263783095880076,,,,
T1,L2,400,3,4,True,-1,0.40196704864501953,0.002370119094848633,-0.712505947950148,0.5445880889892578,0.2822589874267578,0.24,0.340670861224768,,,,
T1,L2,400,3,5,True,-1,0.6215519905090332,-0.13135504722595215,-0.8748032332936452,0.46173095703125,0.26426398754119873,0.12,0.2650457582270554,,,,
T1,L2,400,3,6,True,-1,0.3879249095916748,0.11820602416992188,0.1544313574905224,0.4779961109161377,0.2906750440597534,0.12,0.16859923359147225,,,,
T1,L2,400,3,7,True,-1,0.6325480937957764,-0.1696479320526123,-0.9229781752901769,0.598046064376831,0.24527788162231445,0.12,0.18942903302262762,,,,
T1,L2,400,3,8,True,-1,0.5339339971542358,-0.1175529956817627,-0.8723044437429666,0.5495550036430359,0.16342592239379883,0.07999999999999996,0.30782657239511624,,,,
T1,L2,400,3,9,True,-1,0.38383400440216064,-0.21889197826385498,0.29106852364182556,0.45915400981903076,0.11076796054840088,0.24,0.17601291521150086,,,,
T1,L2,400,3,10,True,-1,0.43295300006866455,-0.13831102848052979,-1.0397694994145839,0.4813759922981262,0.20361995697021484,0.07999999999999996,0.16692116862705073,,,,
T1,L2,400,3,11,True,-1,0.43365800380706787,-0.09772205352783203,1.4463839697855492,0.41709500551223755,0.10518407821655273,0.24,0.625925224428287,,,,
T1,L2,400,3,12,True,-1,0.4944150447845459,-0.16264796257019043,0.35857597564442767,0.5825589895248413,0.2919940948486328,0.19999999999999996,0.30125774224427865,,,,
T1,L2,400,3,13,True,-1,0.46271610260009766,0.09978902339935303,-1.0801723817098619,0.5349220037460327,0.2824609875679016,0.16000000000000003,0.23599601663347092,,,,
T1,L2,400,3,14,True,-1,0.4764540195465088,-0.0806269645690918,0.49166741413383436,0.5683660507202148,0.2651170492172241,0.16000000000000003,0.15203783631067708,,,,
T1,L2,400,3,15,True,-1,0.35647106170654297,-0.06361699104309082,-0.344336731670838,0.5855460166931152,0.15746593475341797,0.19999999999999996,0.5749031804599128,,,,
T1,L2,400,3,16,True,-1,0.558722972869873,-0.1140589714050293,-0.8424527941312846,0.5232601165771484,0.22595810890197754,0.040000000000000036,0.21163967049262644,,,,
T1,L2,400,3,17,True,-1,0.4079399108886719,0.10705697536468506,-0.8721564182951481,0.529454231262207,0.2002110481262207,0.19999999999999996,0.2656843598555493,,,,
T1,L2,400,3,18,True,-1,0.6057701110839844,-0.07759702205657959,-1.0041124508791388,0.4600081443786621,0.2029639482498169,0.16000000000000003,0.2912901661840496,,,,
T1,L2,400,3,19,True,-1,0.35779380798339844,0.08016610145568848,0.8557513491128724,0.5523281097412109,0.2919478416442871,0.12,0.4910157997620509,,,,
T1,L2,400,4,0,True,-1,0.44892406463623047,-0.1399550437927246,-0.9263035575006787,0.4132218360900879,0.1167440414428711,0.07999999999999996,0.24213878163705274,,,,
T1,L2,400,4,1,True,-1,0.42635488510131836,-0.003618955612182617,-0.47621508887270086,0.42303991317749023,0.2838060259819031,0.07999999999999996,0.3152835486093338,,,,
T1,L2,400,4,2,True,-1,0.628173828125,0.025660037994384766,-0.5160137795436522,0.48699283599853516,0.18454599380493164,0.19999999999999996,0.3417044449547847,,,,
T1,L2,400,4,3,True,-1,0.6171817779541016,-0.06087207794189453,-0.47606712562381914,0.46621179580688477,0.1914660930633545,0.040000000000000036,0.33442197376059846,,,,
T1,L2,400,4,4,True,-1,0.48258495330810547,-0.01677989959716797,1.1909497603975736,0.41359901428222656,0.12351202964782715,0.19999999999999996,0.40515916563779264,,,,
T1,L2,400,4,5,True,-1,0.6199920177459717,-0.2372809648513794,-0.8805339732958015,0.5688860416412354,0.2336970567703247,0.12,0.19056878769427257,,,,
T1,L2,400,4,6,True,-1,0.6149270534515381,-0.05282795429229736,-0.950772770273297,0.5110559463500977,0.245061993598938,0.19999999999999996,0.12116570188789023,,,,
T1,L2,400,4,7,True,-1,0.45015597343444824,-0.13159608840942383,-0.5766756006953255,0.5934669971466064,0.2283461093902588,0.07999999999999996,0.25638642066062123,,,,
T1,L2,400,4,8,True,-1,0.5950130224227905,-0.09974098205566406,0.08731772255627288,0.4777339994907379,0.23662209510803223,0.12,0.07586964215317325,,,,
T1,L2,400,4,9,True,-1,0.6421890258789062,-0.22020697593688965,-1.3098909461750556,0.5496079921722412,0.20911097526550293,0.12,0.23076527037561978,,,,
T1,L2,400,4,10,True,-1,0.5179380178451538,-0.12410402297973633,-1.268074236879588,0.42291000485420227,0.15314698219299316,0.07999999999999996,0.4318074437080322,,,,
T1,L2,400,4,11,True,-1,0.5793629884719849,0.031378984451293945,0.7584509105339307,0.4150640070438385,0.16093111038208008,0.19999999999999996,0.3225964335362512,,,,
T1,L2,400,4,12,True,-1,0.4137749671936035,-0.07807707786560059,-0.9677076198432111,0.4966120719909668,0.10396909713745117,0.19999999999999996,0.2423953913309142,,,,
T1,L2,400,4,13,True,-1,0.5794939994812012,-0.24326598644256592,-1.4032404613098983,0.47043299674987793,0.23628199100494385,0.040000000000000036,0.21117530466363868,,,,
T1,L2,400,4,14,True,-1,0.528668999671936,-0.02479994297027588,-0.09954714163375554,0.5307220220565796,0.15099799633026123,0.07999999999999996,0.20880044198205402,,,,
T1,L2,400,4,15,True,-1,0.6461169719696045,-0.2079160213470459,-1.2212336852843328,0.5017019510269165,0.2653818130493164,0.12,0.3302890799642023,,,,
T1,L2,400,4,16,True,-1,0.4366440773010254,-0.15762996673583984,1.1258329438837613,0.5204281806945801,0.2344069480895996,0.19999999999999996,0.29605910760802323,,,,
T1,L2,400,4,17,True,-1,0.3938941955566406,-0.030619025230407715,-0.25830746855509773,0.47342777252197266,0.16693103313446045,0.16000000000000003,0.1600420013902171,,,,
T1,L2,400,4,18,True,-1,0.6461520195007324,0.012622952461242676,-0.8845154242154264,0.41680908203125,0.2635359764099121,0.19999999999999996,0.35574075131577737,,,,
T1,L2,400,4,19,True,-1,0.49560117721557617,-0.14426803588867188,0.3277772657104126,0.4973578453063965,0.26296186447143555,0.12,0.2694805778564482,,,,
T1,L2,100,0,0,False,-1,0.4199199676513672,0.06320595741271973,0.015568162379218905,0.46863603591918945,0.20419001579284668,0.12,0.44445559363823206,,,,
T1,L2,100,0,1,False,-1,0.5251350402832031,-0.23926901817321777,-0.6328264991137028,0.5896100997924805,0.2531049847602844,0.07999999999999996,0.5195705899961616,,,,
T1,L2,100,0,2,False,-1,0.5539398193359375,-0.2344609498977661,0.9449733329048506,0.44419288635253906,0.2879159450531006,0.16000000000000003,0.40367146882849986,,,,
T1,L2,100,0,3,True,-1,0.45444822311401367,-0.1770169734954834,-1.496712218063705,0.4496941566467285,0.13855195045471191,0.16000000000000003,0.17611971402042167,,,,
T1,L2,100,0,4,False,-1,0.3772261142730713,-0.04526996612548828,-0.7794043740082593,0.4553699493408203,0.2473430633544922,0.24,0.7761207007489805,,,,
T1,L2,100,0,5,True,-1,0.47615504264831543,-0.1391589641571045,-0.8314973599042816,0.4776499271392822,0.10975098609924316,0.07999999999999996,0.3748188337327616,,,,
T1,L2,100,0,6,False,-1,0.42728304862976074,0.06062805652618408,0.04037873397655124,0.5881481170654297,0.1651979684829712,0.12,0.39036977622986246,,,,
T1,L2,100,0,7,True,-1,0.422792911529541,-0.09509611129760742,1.3049151300091353,0.5505480766296387,0.2056729793548584,0.24,0.48763396894825345,,,,
T1,L2,100,0,8,True,-1,0.5408880114555359,-0.06334304809570312,-0.019350297280012925,0.467646986246109,0.15312409400939941,0.0,0.2710914314955157,,,,
T1,L2,100,0,9,True,-1,0.5538560152053833,-0.12046194076538086,0.152052376545993,0.48451000452041626,0.16256999969482422,0.07999999999999996,0.4364528254294378,,,,
T1,L2,100,0,10,False,-1,0.44010499119758606,0.1084059476852417,1.0659546578986474,0.583541989326477,0.24091601371765137,0.07999999999999996,0.32773285440637495,,,,
T1,L2,100,0,11,True,-1,0.5826219916343689,0.1496899127960205,1.0316736543149099,0.509207010269165,0.279691219329834,0.16000000000000003,0.6965496923397811,,,,
T1,L2,100,0,12,False,-1,0.5797799825668335,0.01067495346069336,1.1284023824029665,0.4132399559020996,0.28252696990966797,0.16000000000000003,0.3634267918203445,,,,
T1,L2,100,0,13,True,-1,0.4009718894958496,-0.15812504291534424,-0.6823677467173213,0.40796399116516113,0.22868597507476807,0.040000000000000036,0.32542261611490386,,,,
T1,L2,100,0,14,True,-1,0.5238549709320068,0.0455399751663208,-0.48376561798232187,0.4346339702606201,0.25032901763916016,0.07999999999999996,0.33634039951884354,,,,
T1,L2,100,0,15,False,-1,0.3610808849334717,-0.12740588188171387,-0.015920163079544684,0.5406899452209473,0.16338300704956055,0.28,0.28907889634542594,,,,
T1,L2,100,0,16,True,-1,0.45041990280151367,0.1068270206451416,0.23924828958745656,0.5323271751403809,0.276853084564209,0.12,0.568536129186406,,,,
T1,L2,100,0,17,True,-1,0.4355959892272949,-0.21647202968597412,0.7198798286723781,0.44623899459838867,0.2841140031814575,0.16000000000000003,0.41703991532573076,,,,
T1,L2,100,0,18,True,-1,0.48358583450317383,0.014762043952941895,-0.04609005527130035,0.48210716247558594,0.2924480438232422,0.07999999999999996,0.37552945671917876,,,,
T1,L2,100,0,19,False,-1,0.37711381912231445,0.10686492919921875,1.4904195283766482,0.5654177665710449,0.1844189167022705,0.07999999999999996,0.552524018983909,,,,
T1,L2,100,1,0,True,-1,0.5210747718811035,0.0013260841369628906,-1.169778220476784,0.5145859718322754,0.20821404457092285,0.16000000000000003,0.28169046221195015,,,,
T1,L2,100,1,1,True,-1,0.47469615936279297,0.06585800647735596,0.7740279944009231,0.42285823822021484,0.263729989528656,0.12,0.37868500605030253,,,,
T1,L2,100,1,2,False,-1,0.5456910133361816,0.06700503826141357,-1.538425886175323,0.42995119094848633,0.17413198947906494,0.19999999999999996,0.8653829164061201,,,,
T1,L2,100,1,3,True,-1,0.6355462074279785,0.1070261001586914,0.764659453038695,0.4667220115661621,0.1881999969482422,0.19999999999999996,0.44046766332181847,,,,
T1,L2,100,1,4,True,-1,0.6258540153503418,-0.1133430004119873,-0.8342093806810263,0.4150710105895996,0.18363499641418457,0.07999999999999996,0.5248377867035857,,,,
T1,L2,100,1,5,True,-1,0.6477351188659668,-0.01732003688812256,1.5181399724407096,0.5724020004272461,0.2323000431060791,0.12,0.7742209071874665,,,,
T1,L2,100,1,6,True,-1,0.6314210891723633,0.09785604476928711,0.8896565573818832,0.45636796951293945,0.19811797142028809,0.16000000000000003,0.3752712121521517,,,,
T1,L2,100,1,7,True,-1,0.4172840118408203,0.02467799186706543,-0.6078825302914668,0.4590458869934082,0.2348918914794922,0.24,0.3531654690327374,,,,
T1,L2,100,1,8,True,-1,0.4006330072879791,-0.15947699546813965,1.4434165562007077,0.5400170087814331,0.17100000381469727,0.16000000000000003,0.4927775534287128,,,,
T1,L2,100,1,9,True,-1,0.6430109739303589,-0.1848900318145752,0.8428471272002104,0.5017499923706055,0.28252899646759033,0.12,0.7036228332678185,,,,
T1,L2,100,1,10,False,-1,0.6058729887008667,-0.13389098644256592,-0.34734139696903593,0.5214329957962036,0.25017595291137695,0.040000000000000036,0.2631873655113442,,,,
T1,L2,100,1,11,True,-1,0.42343300580978394,0.002254009246826172,-0.1629100256876981,0.49353501200675964,0.15091609954833984,0.07999999999999996,0.40519288592280084,,,,
T1,L2,100,1,12,False,-1,0.35228705406188965,-0.17118096351623535,0.07646260526158265,0.42312002182006836,0.25609588623046875,0.19999999999999996,0.4607917009780811,,,,
T1,L2,100,1,13,True,-1,0.6172759532928467,0.054141998291015625,-0.1497900316497556,0.5145779848098755,0.1979440450668335,0.4,0.3420860534899242,,,,
T1,L2,100,1,14,True,-1,0.5726460218429565,0.010288000106811523,1.0322623943976907,0.5021220445632935,0.16343903541564941,0.16000000000000003,0.3028064180428581,,,,
T1,L2,100,1,15,False,-1,0.37904810905456543,-0.23231792449951172,-0.9762347225094953,0.4312279224395752,0.14907407760620117,0.040000000000000036,0.3192648282973165,,,,
T1,L2,100,1,16,True,-1,0.5881252288818359,-0.24677610397338867,-1.3855916997300215,0.421968936920166,0.2329390048980713,0.07999999999999996,0.11054131202164506,,,,
T1,L2,100,1,17,True,-1,0.5181660652160645,-0.11838805675506592,-1.0001948195246437,0.46268701553344727,0.14175796508789062,0.07999999999999996,0.3090731901476278,,,,
T1,L2,100,1,18,True,-1,0.6029219627380371,0.08500003814697266,-1.4363033396761387,0.5029640197753906,0.25604796409606934,0.24,0.1843920519001581,,,,
T1,L2,100,1,19,True,-1,0.5037841796875,-0.05118894577026367,0.8202261970545227,0.4314260482788086,0.16667890548706055,0.24,0.4822577456009974,,,,
T1,L2,100,2,0,True,-1,0.5413532257080078,-0.14773297309875488,-0.37964596816214247,0.592951774597168,0.12119388580322266,0.040000000000000036,0.2735656524614778,,,,
T1,L2,100,2,1,True,-1,0.37981081008911133,-0.010794997215270996,1.067638704257716,0.5114378929138184,0.2704460024833679,0.040000000000000036,0.4621548710399274,,,,
T1,L2,100,2,2,True,-1,0.4966120719909668,-0.18815302848815918,0.21386124457477274,0.544990062713623,0.15623605251312256,0.19999999999999996,0.3294915959403437,,,,
T1,L2,100,2,3,True,-1,0.3875460624694824,-0.033698081970214844,-0.7826446039173,0.42093992233276367,0.20398807525634766,0.24,0.7512218886723074,,,,
T1,L2,100,2,4,True,-1,0.3651399612426758,-0.09519410133361816,0.14715266084551223,0.5677099227905273,0.2551310062408447,0.16000000000000003,0.4998986001722643,,,,
T1,L2,100,2,5,True,-1,0.6421060562133789,-0.11122298240661621,-1.3510829776613884,0.458967924118042,0.282043993473053,0.16000000000000003,0.539600543256099,,,,
T1,L2,100,2,6,True,-1,0.5964179039001465,-0.13143599033355713,0.41732164630303675,0.44394803047180176,0.24585402011871338,0.19999999999999996,0.6342832218568789,,,,
T1,L2,100,2,7,True,-1,0.499675989151001,-0.10507607460021973,0.8859937638873459,0.4156680107116699,0.2805628776550293,0.28,0.42776515493618505,,,,
T1,L2,100,2,8,True,-1,0.37232500314712524,-0.10513496398925781,-1.3274009590285878,0.5316349864006042,0.1884310245513916,0.12,0.7282577310743662,,,,
T1,L2,100,2,9,True,-1,0.46331000328063965,-0.11660003662109375,0.8810402399756908,0.4762429893016815,0.19511401653289795,0.24,0.18852049604618126,,,,
T1,L2,100,2,10,True,-1,0.4746130108833313,-0.2028290033340454,1.2565942634893574,0.4630489945411682,0.2045069932937622,0.19999999999999996,0.6763675501140243,,,,
T1,L2,100,2,11,True,-1,0.4443399906158447,-0.22750306129455566,1.0227802015103669,0.5092509984970093,0.2670412063598633,0.19999999999999996,0.5828637791424084,,,,
T1,L2,100,2,12,True,-1,0.5910359621047974,-0.06209301948547363,-1.0407486831575825,0.5383080244064331,0.2658360004425049,0.16000000000000003,0.6317092091900379,,,,
T1,L2,100,2,13,True,-1,0.5711979866027832,-0.11334705352783203,-0.047240388720686186,0.4542520046234131,0.13850200176239014,0.12,0.41962207335056345,,,,
T1,L2,100,2,14,True,-1,0.41747307777404785,-0.1430150270462036,1.353011001311279,0.5633399486541748,0.17922604084014893,0.16000000000000003,0.4236399926961457,,,,
T1,L2,100,2,15,True,-1,0.47009801864624023,-0.13632988929748535,1.2836868900672667,0.49242305755615234,0.2339489459991455,0.31999999999999995,0.6500585682934515,,,,
T1,L2,100,2,16,True,-1,0.558405876159668,0.14088797569274902,-0.06111950840215809,0.42377519607543945,0.22291994094848633,0.24,0.336470796483245,,,,
T1,L2,100,2,17,True,-1,0.37511205673217773,0.06210196018218994,-0.1812981663012953,0.41860485076904297,0.2814440131187439,0.19999999999999996,0.40821893472537585,,,,
T1,L2,100,2,18,True,-1,0.42130517959594727,-0.170989990234375,1.1046855280772416,0.41874217987060547,0.2439730167388916,0.16000000000000003,0.13092056458770768,,,,
T1,L2,100,2,19,True,-1,0.48632001876831055,-0.08150196075439453,0.9497629280534444,0.5260891914367676,0.26665306091308594,0.28,0.2977006160109038,,,,
T1,L2,100,3,0,False,-1,0.3978438377380371,0.04998493194580078,1.2054005219558837,0.5026578903198242,0.28113603591918945,0.07999999999999996,0.48940884236947363,,,,
T1,L2,100,3,1,True,-1,0.6081638336181641,-0.06217598915100098,0.6081612165263101,0.45990800857543945,0.19756805896759033,0.19999999999999996,0.33291512490780745,,,,
T1,L2,100,3,2,True,-1,0.5025582313537598,-0.15768897533416748,-1.2391199201125143,0.5093522071838379,0.28693699836730957,0.12,0.4286240031191382,,,,
T1,L2,100,3,3,True,-1,0.6248221397399902,0.09261798858642578,-1.074366675379114,0.4313530921936035,0.26532697677612305,0.24,0.38263411062862085,,,,
T1,L2,100,3,4,True,-1,0.40196704864501953,0.002370119094848633,-0.712505947950148,0.5445880889892578,0.2822589874267578,0.24,0.49112417930925584,,,,
T1,L2,100,3,5,True,-1,0.6215519905090332,-0.13135504722595215,-0.8748032332936452,0.46173095703125,0.26426398754119873,0.12,0.49998143381083765,,,,
T1,L2,100,3,6,True,-1,0.3879249095916748,0.11820602416992188,0.1544313574905224,0.4779961109161377,0.2906750440597534,0.12,0.9232338129829337,,,,
T1,L2,100,3,7,True,-1,0.6325480937957764,-0.1696479320526123,-0.9229781752901769,0.598046064376831,0.24527788162231445,0.12,0.5893368991379159,,,,
T1,L2,100,3,8,True,-1,0.5339339971542358,-0.1175529956817627,-0.8723044437429666,0.5495550036430359,0.16342592239379883,0.07999999999999996,0.4735689717760482,,,,
T1,L2,100,3,9,True,-1,0.38383400440216064,-0.21889197826385498,0.29106852364182556,0.45915400981903076,0.11076796054840088,0.24,0.47737970682132497,,,,
T1,L2,100,3,10,True,-1,0.43295300006866455,-0.13831102848052979,-1.0397694994145839,0.4813759922981262,0.20361995697021484,0.07999999999999996,0.16692116862705073,,,,
T1,L2,100,3,11,True,-1,0.43365800380706787,-0.09772205352783203,1.4463839697855492,0.41709500551223755,0.10518407821655273,0.24,0.625925224428287,,,,
T1,L2,100,3,12,True,-1,0.4944150447845459,-0.16264796257019043,0.35857597564442767,0.5825589895248413,0.2919940948486328,0.19999999999999996,0.479135870619471,,,,
T1,L2,100,3,13,True,-1,0.46271610260009766,0.09978902339935303,-1.0801723817098619,0.5349220037460327,0.2824609875679016,0.16000000000000003,0.23599601663347092,,,,
T1,L2,100,3,14,True,-1,0.4764540195465088,-0.0806269645690918,0.49166741413383436,0.5683660507202148,0.2651170492172241,0.16000000000000003,0.24081385828134466,,,,
T1,L2,100,3,15,True,-1,0.35647106170654297,-0.06361699104309082,-0.344336731670838,0.5855460166931152,0.15746593475341797,0.19999999999999996,0.5749031804599128,,,,
T1,L2,100,3,16,True,-1,0.558722972869873,-0.1140589714050293,-0.8424527941312846,0.5232601165771484,0.22595810890197754,0.040000000000000036,0.4684811100784739,,,,
T1,L2,100,3,17,False,-1,0.4079399108886719,0.10705697536468506,-0.8721564182951481,0.529454231262207,0.2002110481262207,0.19999999999999996,0.3218795476214969,,,,
T1,L2,100,3,18,True,-1,0.6057701110839844,-0.07759702205657959,-1.0041124508791388,0.4600081443786621,0.2029639482498169,0.16000000000000003,0.5802422232017095,,,,
T1,L2,100,3,19,False,-1,0.35779380798339844,0.08016610145568848,0.8557513491128724,0.5523281097412109,0.2919478416442871,0.12,0.8273633604583235,,,,
T1,L2,100,4,0,True,-1,0.44892406463623047,-0.1399550437927246,-0.9263035575006787,0.4132218360900879,0.1167440414428711,0.07999999999999996,0.24213878163705274,,,,
T1,L2,100,4,1,True,-1,0.42635488510131836,-0.003618955612182617,-0.47621508887270086,0.42303991317749023,0.2838060259819031,0.07999999999999996,0.5636604654570818,,,,
T1,L2,100,4,2,True,-1,0.628173828125,0.025660037994384766,-0.5160137795436522,0.48699283599853516,0.18454599380493164,0.19999999999999996,0.5344774437211726,,,,
T1,L2,100,4,3,True,-1,0.6171817779541016,-0.06087207794189453,-0.47606712562381914,0.46621179580688477,0.1914660930633545,0.040000000000000036,0.3797555863283101,,,,
T1,L2,100,4,4,True,-1,0.48258495330810547,-0.01677989959716797,1.1909497603975736,0.41359901428222656,0.12351202964782715,0.19999999999999996,0.40515916563779264,,,,
T1,L2,100,4,5,True,-1,0.6199920177459717,-0.2372809648513794,-0.8805339732958015,0.5688860416412354,0.2336970567703247,0.12,0.28877618838780844,,,,
T1,L2,100,4,6,True,-1,0.6149270534515381,-0.05282795429229736,-0.950772770273297,0.5110559463500977,0.245061993598938,0.19999999999999996,0.7167200306053677,,,,
T1,L2,100,4,7,True,-1,0.45015597343444824,-0.13159608840942383,-0.5766756006953255,0.5934669971466064,0.2283461093902588,0.07999999999999996,0.25638642066062123,,,,
T1,L2,100,4,8,True,-1,0.5950130224227905,-0.09974098205566406,0.08731772255627288,0.4777339994907379,0.23662209510803223,0.12,0.39676735925243456,,,,
T1,L2,100,4,9,False,-1,0.6421890258789062,-0.22020697593688965,-1.3098909461750556,0.5496079921722412,0.20911097526550293,0.12,0.572926929373214,,,,
T1,L2,100,4,10,True,-1,0.5179380178451538,-0.12410402297973633,-1.268074236879588,0.42291000485420227,0.15314698219299316,0.07999999999999996,0.4318074437080322,,,,
T1,L2,100,4,11,True,-1,0.5793629884719849,0.031378984451293945,0.7584509105339307,0.4150640070438385,0.16093111038208008,0.19999999999999996,0.4495008451772476,,,,
T1,L2,100,4,12,True,-1,0.4137749671936035,-0.07807707786560059,-0.9677076198432111,0.4966120719909668,0.10396909713745117,0.19999999999999996,0.6355424770998575,,,,
T1,L2,100,4,13,True,-1,0.5794939994812012,-0.24326598644256592,-1.4032404613098983,0.47043299674987793,0.23628199100494385,0.040000000000000036,0.21117530466363868,,,,
T1,L2,100,4,14,True,-1,0.528668999671936,-0.02479994297027588,-0.09954714163375554,0.5307220220565796,0.15099799633026123,0.07999999999999996,0.20880044198205402,,,,
T1,L2,100,4,15,True,-1,0.6461169719696045,-0.2079160213470459,-1.2212336852843328,0.5017019510269165,0.2653818130493164,0.12,0.5402497673454635,,,,
T1,L2,100,4,16,True,-1,0.4366440773010254,-0.15762996673583984,1.1258329438837613,0.5204281806945801,0.2344069480895996,0.19999999999999996,0.30619444534020873,,,,
T1,L2,100,4,17,True,-1,0.3938941955566406,-0.030619025230407715,-0.25830746855509773,0.47342777252197266,0.16693103313446045,0.16000000000000003,0.1600420013902171,,,,
T1,L2,100,4,18,True,-1,0.6461520195007324,0.012622952461242676,-0.8845154242154264,0.41680908203125,0.2635359764099121,0.19999999999999996,0.3882193979337382,,,,
T1,L2,100,4,19,False,-1,0.49560117721557617,-0.14426803588867188,0.3277772657104126,0.4973578453063965,0.26296186447143555,0.12,0.536660982187,,,,
T1,L3b,400,0,0,True,0,0.4199199676513672,0.06320595741271973,0.015568162379218905,0.46863603591918945,0.20419001579284668,0.12,0.2660581157785666,,,,
T1,L3b,400,0,1,True,0,0.5251350402832031,-0.23926901817321777,-0.6328264991137028,0.5896100997924805,0.2531049847602844,0.16000000000000003,0.3128294180625953,,,,
T1,L3b,400,0,2,True,0,0.5539398193359375,-0.2344609498977661,0.9449733329048506,0.44419288635253906,0.2879159450531006,0.07999999999999996,0.2187296052020208,,,,
T1,L3b,400,0,3,True,0,0.45444822311401367,-0.1770169734954834,-1.496712218063705,0.4496941566467285,0.13855195045471191,0.19999999999999996,0.3705785318853652,,,,
T1,L3b,400,0,4,True,0,0.3772261142730713,-0.04526996612548828,-0.7794043740082593,0.4553699493408203,0.2473430633544922,0.16000000000000003,0.14685896300859938,,,,
T1,L3b,400,0,5,True,0,0.47615504264831543,-0.1391589641571045,-0.8314973599042816,0.4776499271392822,0.10975098609924316,0.16000000000000003,0.18541702402574725,,,,
T1,L3b,400,0,6,True,0,0.42728304862976074,0.06062805652618408,0.04037873397655124,0.5881481170654297,0.1651979684829712,0.12,0.34576819746137366,,,,
T1,L3b,400,0,7,True,0,0.422792911529541,-0.09509611129760742,1.3049151300091353,0.5505480766296387,0.2056729793548584,0.07999999999999996,0.28934212506988394,,,,
T1,L3b,400,0,8,True,0,0.5408880114555359,-0.06334304809570312,-0.019350297280012925,0.467646986246109,0.15312409400939941,0.16000000000000003,0.2526482303632044,,,,
T1,L3b,400,0,9,True,0,0.5538560152053833,-0.12046194076538086,0.152052376545993,0.48451000452041626,0.16256999969482422,0.16000000000000003,0.20307006803959407,,,,
T1,L3b,400,0,10,True,0,0.44010499119758606,0.1084059476852417,1.0659546578986474,0.583541989326477,0.24091601371765137,0.07999999999999996,0.5944223115643295,,,,
T1,L3b,400,0,11,True,0,0.5826219916343689,0.1496899127960205,1.0316736543149099,0.509207010269165,0.279691219329834,0.12,0.2696477188325057,,,,
T1,L3b,400,0,12,True,0,0.5797799825668335,0.01067495346069336,1.1284023824029665,0.4132399559020996,0.28252696990966797,0.16000000000000003,0.2599388678859657,,,,
T1,L3b,400,0,13,True,0,0.4009718894958496,-0.15812504291534424,-0.6823677467173213,0.40796399116516113,0.22868597507476807,0.19999999999999996,0.27631937611252844,,,,
T1,L3b,400,0,14,True,0,0.5238549709320068,0.0455399751663208,-0.48376561798232187,0.4346339702606201,0.25032901763916016,0.19999999999999996,0.20747005287741582,,,,
T1,L3b,400,0,15,True,0,0.3610808849334717,-0.12740588188171387,-0.015920163079544684,0.5406899452209473,0.16338300704956055,0.24,0.3285724202450832,,,,
T1,L3b,400,0,16,True,0,0.45041990280151367,0.1068270206451416,0.23924828958745656,0.5323271751403809,0.276853084564209,0.12,0.39323270350858397,,,,
T1,L3b,400,0,17,True,0,0.4355959892272949,-0.21647202968597412,0.7198798286723781,0.44623899459838867,0.2841140031814575,0.07999999999999996,0.2623373708993181,,,,
T1,L3b,400,0,18,True,0,0.48358583450317383,0.014762043952941895,-0.04609005527130035,0.48210716247558594,0.2924480438232422,0.19999999999999996,0.2608065765231223,,,,
T1,L3b,400,0,19,False,0,0.37711381912231445,0.10686492919921875,1.4904195283766482,0.5654177665710449,0.1844189167022705,0.040000000000000036,0.5777628591086849,,,,
T1,L3b,400,1,0,True,1,0.5210747718811035,0.0013260841369628906,-1.169778220476784,0.5145859718322754,0.20821404457092285,0.16000000000000003,0.2202429062206051,,,,
T1,L3b,400,1,1,True,1,0.47469615936279297,0.06585800647735596,0.7740279944009231,0.42285823822021484,0.263729989528656,0.12,0.43504570847548835,,,,
T1,L3b,400,1,2,True,1,0.5456910133361816,0.06700503826141357,-1.538425886175323,0.42995119094848633,0.17413198947906494,0.16000000000000003,0.47005231129319747,,,,
T1,L3b,400,1,3,False,1,0.6355462074279785,0.1070261001586914,0.764659453038695,0.4667220115661621,0.1881999969482422,0.12,0.1041082486677063,,,,
T1,L3b,400,1,4,True,1,0.6258540153503418,-0.1133430004119873,-0.8342093806810263,0.4150710105895996,0.18363499641418457,0.19999999999999996,0.42664284734552604,,,,
T1,L3b,400,1,5,True,1,0.6477351188659668,-0.01732003688812256,1.5181399724407096,0.5724020004272461,0.2323000431060791,0.12,0.4820414218844459,,,,
T1,L3b,400,1,6,True,1,0.6314210891723633,0.09785604476928711,0.8896565573818832,0.45636796951293945,0.19811797142028809,0.12,0.16466251336328086,,,,
T1,L3b,400,1,7,True,1,0.4172840118408203,0.02467799186706543,-0.6078825302914668,0.4590458869934082,0.2348918914794922,0.12,0.2391497646421924,,,,
T1,L3b,400,1,8,True,1,0.4006330072879791,-0.15947699546813965,1.4434165562007077,0.5400170087814331,0.17100000381469727,0.12,0.15114632375674417,,,,
T1,L3b,400,1,9,True,1,0.6430109739303589,-0.1848900318145752,0.8428471272002104,0.5017499923706055,0.28252899646759033,0.24,0.33638654625479275,,,,
T1,L3b,400,1,10,True,1,0.6058729887008667,-0.13389098644256592,-0.34734139696903593,0.5214329957962036,0.25017595291137695,0.24,0.07272930402419954,,,,
T1,L3b,400,1,11,True,1,0.42343300580978394,0.002254009246826172,-0.1629100256876981,0.49353501200675964,0.15091609954833984,0.12,0.3508679095151527,,,,
T1,L3b,400,1,12,True,1,0.35228705406188965,-0.17118096351623535,0.07646260526158265,0.42312002182006836,0.25609588623046875,0.19999999999999996,0.5136701012970039,,,,
T1,L3b,400,1,13,True,1,0.6172759532928467,0.054141998291015625,-0.1497900316497556,0.5145779848098755,0.1979440450668335,0.19999999999999996,0.44487840264736184,,,,
T1,L3b,400,1,14,True,1,0.5726460218429565,0.010288000106811523,1.0322623943976907,0.5021220445632935,0.16343903541564941,0.16000000000000003,0.1882592120060682,,,,
T1,L3b,400,1,15,True,1,0.37904810905456543,-0.23231792449951172,-0.9762347225094953,0.4312279224395752,0.14907407760620117,0.07999999999999996,0.3309503171024964,,,,
T1,L3b,400,1,16,True,1,0.5881252288818359,-0.24677610397338867,-1.3855916997300215,0.421968936920166,0.2329390048980713,0.19999999999999996,0.28265580579232474,,,,
T1,L3b,400,1,17,True,1,0.5181660652160645,-0.11838805675506592,-1.0001948195246437,0.46268701553344727,0.14175796508789062,0.0,0.2449321252196942,,,,
T1,L3b,400,1,18,False,1,0.6029219627380371,0.08500003814697266,-1.4363033396761387,0.5029640197753906,0.25604796409606934,0.12,0.038425125248567976,,,,
T1,L3b,400,1,19,True,1,0.5037841796875,-0.05118894577026367,0.8202261970545227,0.4314260482788086,0.16667890548706055,0.12,0.106886020508127,,,,
T1,L3b,400,2,0,True,2,0.5413532257080078,-0.14773297309875488,-0.37964596816214247,0.592951774597168,0.12119388580322266,0.12,0.22531930708885117,,,,
T1,L3b,400,2,1,True,2,0.37981081008911133,-0.010794997215270996,1.067638704257716,0.5114378929138184,0.2704460024833679,0.0,0.11810073982139267,,,,
T1,L3b,400,2,2,True,2,0.4966120719909668,-0.18815302848815918,0.21386124457477274,0.544990062713623,0.15623605251312256,0.16000000000000003,0.40200942863855316,,,,
T1,L3b,400,2,3,True,2,0.3875460624694824,-0.033698081970214844,-0.7826446039173,0.42093992233276367,0.20398807525634766,0.16000000000000003,0.124507702411006,,,,
T1,L3b,400,2,4,True,2,0.3651399612426758,-0.09519410133361816,0.14715266084551223,0.5677099227905273,0.2551310062408447,0.16000000000000003,0.3274493392013189,,,,
T1,L3b,400,2,5,True,2,0.6421060562133789,-0.11122298240661621,-1.3510829776613884,0.458967924118042,0.282043993473053,0.12,0.3558075310311291,,,,
T1,L3b,400,2,6,True,2,0.5964179039001465,-0.13143599033355713,0.41732164630303675,0.44394803047180176,0.24585402011871338,0.31999999999999995,0.3743313384357896,,,,
T1,L3b,400,2,7,True,2,0.499675989151001,-0.10507607460021973,0.8859937638873459,0.4156680107116699,0.2805628776550293,0.12,0.35308188610088187,,,,
T1,L3b,400,2,8,True,2,0.37232500314712524,-0.10513496398925781,-1.3274009590285878,0.5316349864006042,0.1884310245513916,0.16000000000000003,0.35514397089090616,,,,
T1,L3b,400,2,9,True,2,0.46331000328063965,-0.11660003662109375,0.8810402399756908,0.4762429893016815,0.19511401653289795,0.12,0.16348548749246433,,,,
T1,L3b,400,2,10,True,2,0.4746130108833313,-0.2028290033340454,1.2565942634893574,0.4630489945411682,0.2045069932937622,0.07999999999999996,0.21349162889156478,,,,
T1,L3b,400,2,11,True,2,0.4443399906158447,-0.22750306129455566,1.0227802015103669,0.5092509984970093,0.2670412063598633,0.07999999999999996,0.19484892822160904,,,,
T1,L3b,400,2,12,True,2,0.5910359621047974,-0.06209301948547363,-1.0407486831575825,0.5383080244064331,0.2658360004425049,0.0,0.37251162445674985,,,,
T1,L3b,400,2,13,True,2,0.5711979866027832,-0.11334705352783203,-0.047240388720686186,0.4542520046234131,0.13850200176239014,0.24,0.3718153210183473,,,,
T1,L3b,400,2,14,True,2,0.41747307777404785,-0.1430150270462036,1.353011001311279,0.5633399486541748,0.17922604084014893,0.040000000000000036,0.15005983421255892,,,,
T1,L3b,400,2,15,True,2,0.47009801864624023,-0.13632988929748535,1.2836868900672667,0.49242305755615234,0.2339489459991455,0.07999999999999996,0.4336765043377691,,,,
T1,L3b,400,2,16,True,2,0.558405876159668,0.14088797569274902,-0.06111950840215809,0.42377519607543945,0.22291994094848633,0.16000000000000003,0.41253596508124146,,,,
T1,L3b,400,2,17,True,2,0.37511205673217773,0.06210196018218994,-0.1812981663012953,0.41860485076904297,0.2814440131187439,0.19999999999999996,0.3299906841730749,,,,
T1,L3b,400,2,18,True,2,0.42130517959594727,-0.170989990234375,1.1046855280772416,0.41874217987060547,0.2439730167388916,0.12,0.2347608318959165,,,,
T1,L3b,400,2,19,True,2,0.48632001876831055,-0.08150196075439453,0.9497629280534444,0.5260891914367676,0.26665306091308594,0.12,0.1984805348353085,,,,
T1,L3b,400,3,0,True,3,0.3978438377380371,0.04998493194580078,1.2054005219558837,0.5026578903198242,0.28113603591918945,0.040000000000000036,0.3619196056421264,,,,
T1,L3b,400,3,1,True,3,0.6081638336181641,-0.06217598915100098,0.6081612165263101,0.45990800857543945,0.19756805896759033,0.24,0.30704909158679566,,,,
T1,L3b,400,3,2,True,3,0.5025582313537598,-0.15768897533416748,-1.2391199201125143,0.5093522071838379,0.28693699836730957,0.07999999999999996,0.3666916720000299,,,,
T1,L3b,400,3,3,True,3,0.6248221397399902,0.09261798858642578,-1.074366675379114,0.4313530921936035,0.26532697677612305,0.16000000000000003,0.2347167821754749,,,,
T1,L3b,400,3,4,True,3,0.40196704864501953,0.002370119094848633,-0.712505947950148,0.5445880889892578,0.2822589874267578,0.12,0.30759299805334894,,,,
T1,L3b,400,3,5,True,3,0.6215519905090332,-0.13135504722595215,-0.8748032332936452,0.46173095703125,0.26426398754119873,0.16000000000000003,0.35028695893617307,,,,
T1,L3b,400,3,6,True,3,0.3879249095916748,0.11820602416992188,0.1544313574905224,0.4779961109161377,0.2906750440597534,0.12,0.2974830215094215,,,,
T1,L3b,400,3,7,True,3,0.6325480937957764,-0.1696479320526123,-0.9229781752901769,0.598046064376831,0.24527788162231445,0.12,0.41948270282258776,,,,
T1,L3b,400,3,8,True,3,0.5339339971542358,-0.1175529956817627,-0.8723044437429666,0.5495550036430359,0.16342592239379883,0.040000000000000036,0.0697795842102949,,,,
T1,L3b,400,3,9,True,3,0.38383400440216064,-0.21889197826385498,0.29106852364182556,0.45915400981903076,0.11076796054840088,0.16000000000000003,0.2519895487480837,,,,
T1,L3b,400,3,10,True,3,0.43295300006866455,-0.13831102848052979,-1.0397694994145839,0.4813759922981262,0.20361995697021484,0.16000000000000003,0.3501853035597723,,,,
T1,L3b,400,3,11,True,3,0.43365800380706787,-0.09772205352783203,1.4463839697855492,0.41709500551223755,0.10518407821655273,0.040000000000000036,0.3178884127875651,,,,
T1,L3b,400,3,12,True,3,0.4944150447845459,-0.16264796257019043,0.35857597564442767,0.5825589895248413,0.2919940948486328,0.12,0.18637501773640672,,,,
T1,L3b,400,3,13,True,3,0.46271610260009766,0.09978902339935303,-1.0801723817098619,0.5349220037460327,0.2824609875679016,0.16000000000000003,0.17192303292496386,,,,
T1,L3b,400,3,14,True,3,0.4764540195465088,-0.0806269645690918,0.49166741413383436,0.5683660507202148,0.2651170492172241,0.16000000000000003,0.2856261676920018,,,,
T1,L3b,400,3,15,True,3,0.35647106170654297,-0.06361699104309082,-0.344336731670838,0.5855460166931152,0.15746593475341797,0.12,0.11404393612115976,,,,
T1,L3b,400,3,16,True,3,0.558722972869873,-0.1140589714050293,-0.8424527941312846,0.5232601165771484,0.22595810890197754,0.07999999999999996,0.2247476854418904,,,,
T1,L3b,400,3,17,True,3,0.4079399108886719,0.10705697536468506,-0.8721564182951481,0.529454231262207,0.2002110481262207,0.19999999999999996,0.342309019765079,,,,
T1,L3b,400,3,18,True,3,0.6057701110839844,-0.07759702205657959,-1.0041124508791388,0.4600081443786621,0.2029639482498169,0.07999999999999996,0.4498472953973924,,,,
T1,L3b,400,3,19,True,3,0.35779380798339844,0.08016610145568848,0.8557513491128724,0.5523281097412109,0.2919478416442871,0.040000000000000036,0.07785583635048667,,,,
T1,L3b,400,4,0,True,4,0.44892406463623047,-0.1399550437927246,-0.9263035575006787,0.4132218360900879,0.1167440414428711,0.16000000000000003,0.22737071360232605,,,,
T1,L3b,400,4,1,True,4,0.42635488510131836,-0.003618955612182617,-0.47621508887270086,0.42303991317749023,0.2838060259819031,0.16000000000000003,0.3749899121041872,,,,
T1,L3b,400,4,2,True,4,0.628173828125,0.025660037994384766,-0.5160137795436522,0.48699283599853516,0.18454599380493164,0.12,0.317477354602188,,,,
T1,L3b,400,4,3,True,4,0.6171817779541016,-0.06087207794189453,-0.47606712562381914,0.46621179580688477,0.1914660930633545,0.16000000000000003,0.32238664953017426,,,,
T1,L3b,400,4,4,False,4,0.48258495330810547,-0.01677989959716797,1.1909497603975736,0.41359901428222656,0.12351202964782715,0.07999999999999996,0.3872423704070682,,,,
T1,L3b,400,4,5,True,4,0.6199920177459717,-0.2372809648513794,-0.8805339732958015,0.5688860416412354,0.2336970567703247,0.16000000000000003,0.4843348070258374,,,,
T1,L3b,400,4,6,True,4,0.6149270534515381,-0.05282795429229736,-0.950772770273297,0.5110559463500977,0.245061993598938,0.040000000000000036,0.3501209172163438,,,,
T1,L3b,400,4,7,True,4,0.45015597343444824,-0.13159608840942383,-0.5766756006953255,0.5934669971466064,0.2283461093902588,0.16000000000000003,0.2330267908549225,,,,
T1,L3b,400,4,8,True,4,0.5950130224227905,-0.09974098205566406,0.08731772255627288,0.4777339994907379,0.23662209510803223,0.24,0.26635063070290055,,,,
T1,L3b,400,4,9,True,4,0.6421890258789062,-0.22020697593688965,-1.3098909461750556,0.5496079921722412,0.20911097526550293,0.07999999999999996,0.34987078618403517,,,,
T1,L3b,400,4,10,True,4,0.5179380178451538,-0.12410402297973633,-1.268074236879588,0.42291000485420227,0.15314698219299316,0.12,0.16667455211585339,,,,
T1,L3b,400,4,11,True,4,0.5793629884719849,0.031378984451293945,0.7584509105339307,0.4150640070438385,0.16093111038208008,0.12,0.3043669882272291,,,,
T1,L3b,400,4,12,True,4,0.4137749671936035,-0.07807707786560059,-0.9677076198432111,0.4966120719909668,0.10396909713745117,0.19999999999999996,0.21068865301428125,,,,
T1,L3b,400,4,13,True,4,0.5794939994812012,-0.24326598644256592,-1.4032404613098983,0.47043299674987793,0.23628199100494385,0.16000000000000003,0.256649548462188,,,,
T1,L3b,400,4,14,True,4,0.528668999671936,-0.02479994297027588,-0.09954714163375554,0.5307220220565796,0.15099799633026123,0.12,0.16401750222731026,,,,
T1,L3b,400,4,15,True,4,0.6461169719696045,-0.2079160213470459,-1.2212336852843328,0.5017019510269165,0.2653818130493164,0.07999999999999996,0.2910498188450155,,,,
T1,L3b,400,4,16,True,4,0.4366440773010254,-0.15762996673583984,1.1258329438837613,0.5204281806945801,0.2344069480895996,0.12,0.2261468197006314,,,,
T1,L3b,400,4,17,True,4,0.3938941955566406,-0.030619025230407715,-0.25830746855509773,0.47342777252197266,0.16693103313446045,0.07999999999999996,0.4053873771379866,,,,
T1,L3b,400,4,18,True,4,0.6461520195007324,0.012622952461242676,-0.8845154242154264,0.41680908203125,0.2635359764099121,0.040000000000000036,0.11697387427996726,,,,
T1,L3b,400,4,19,True,4,0.49560117721557617,-0.14426803588867188,0.3277772657104126,0.4973578453063965,0.26296186447143555,0.07999999999999996,0.2151524466883196,,,,
T1,L3b,400,5,0,True,5,0.4143967628479004,-0.22796201705932617,-1.0076940614860805,0.5439457893371582,0.11496305465698242,0.07999999999999996,0.19378425345286265,,,,
T1,L3b,400,5,1,True,5,0.39109182357788086,-0.06675302982330322,0.037792270093268104,0.49492788314819336,0.21253299713134766,0.16000000000000003,0.1863282462657804,,,,
T1,L3b,400,5,2,True,5,0.6488900184631348,0.14436697959899902,-1.4455756494200178,0.4840250015258789,0.22237801551818848,0.16000000000000003,0.7393588863708631,,,,
T1,L3b,400,5,3,True,5,0.6225919723510742,-0.19376301765441895,-0.4502494563507012,0.505159854888916,0.1327219009399414,0.28,0.2581396118954712,,,,
T1,L3b,400,5,4,True,5,0.39779210090637207,-0.1783161163330078,0.274604012987873,0.49295806884765625,0.1362318992614746,0.24,0.1618110626569654,,,,
T1,L3b,400,5,5,True,5,0.5418779850006104,-0.1311800479888916,0.7060079926309537,0.501741886138916,0.20552098751068115,0.16000000000000003,0.14823705714492677,,,,
T1,L3b,400,5,6,True,5,0.5846500396728516,0.0811840295791626,0.33974762834790806,0.41785192489624023,0.17494094371795654,0.12,0.2761958493657291,,,,
T1,L3b,400,5,7,True,5,0.4215259552001953,-0.2134990692138672,0.6169941678172843,0.5034980773925781,0.10946393013000488,0.07999999999999996,0.30552317532434264,,,,
T1,L3b,400,5,8,True,5,0.37971100211143494,-0.10585498809814453,-0.6565382237562791,0.47768399119377136,0.1915140151977539,0.19999999999999996,0.2984160222455885,,,,
T1,L3b,400,5,9,True,5,0.36692601442337036,-0.11535394191741943,1.333949575730242,0.4064599871635437,0.2739940285682678,0.040000000000000036,0.31139033141892436,,,,
T1,L3b,400,5,10,True,5,0.5362129807472229,-0.08879005908966064,-0.5463268880998886,0.4008350074291229,0.29084300994873047,0.07999999999999996,0.29619730437957553,,,,
T1,L3b,400,5,11,True,5,0.5683799982070923,-0.1105039119720459,-1.3974369253795424,0.5521659851074219,0.22292804718017578,0.07999999999999996,0.3294632876891863,,,,
T1,L3b,400,5,12,True,5,0.5957969427108765,0.0903480052947998,-1.1987752217756986,0.42636895179748535,0.1541459560394287,0.12,0.2996774509310891,,,,
T1,L3b,400,5,13,True,5,0.6222399473190308,-0.2489490509033203,-0.6568442523567768,0.5104880332946777,0.2199920415878296,0.16000000000000003,0.29511092709172504,,,,
T1,L3b,400,5,14,True,5,0.5729609727859497,-0.08816099166870117,1.26375052706784,0.45488905906677246,0.24389803409576416,0.16000000000000003,0.3133933496441654,,,,
T1,L3b,400,5,15,True,5,0.49622392654418945,0.03441309928894043,1.3656934742093056,0.4344499111175537,0.17518305778503418,0.16000000000000003,0.3680325609473613,,,,
T1,L3b,400,5,16,True,5,0.42908382415771484,-0.2078540325164795,-0.8498447751663851,0.5054712295532227,0.2122960090637207,0.07999999999999996,0.44868303255653263,,,,
T1,L3b,400,5,17,False,5,0.35286617279052734,-0.06368803977966309,-0.6966311146294438,0.4268980026245117,0.26533597707748413,0.07999999999999996,0.2558167086354655,,,,
T1,L3b,400,5,18,True,5,0.4251837730407715,-0.10506594181060791,-0.28916023612490477,0.5249700546264648,0.10033905506134033,0.19999999999999996,0.4353386379342278,,,,
T1,L3b,400,5,19,False,5,0.561835765838623,-0.24448609352111816,-0.8631060725291253,0.507174015045166,0.18252992630004883,0.16000000000000003,0.22210674691070725,,,,
T1,L3b,400,6,0,True,6,0.5023221969604492,-0.10666108131408691,-0.44882149831588897,0.5710902214050293,0.13958311080932617,0.0,0.18113509232494,,,,
T1,L3b,400,6,1,True,6,0.3688797950744629,-0.17841601371765137,-1.0137440521628116,0.5721287727355957,0.2635999917984009,0.07999999999999996,0.2734292595974689,,,,
T1,L3b,400,6,2,True,6,0.6161141395568848,-0.19592797756195068,-0.3304736727703946,0.40331602096557617,0.1898280382156372,0.36,0.21553539257261672,,,,
T1,L3b,400,6,3,True,6,0.5103302001953125,-0.033091068267822266,1.2128801757420724,0.4878520965576172,0.27368688583374023,0.12,0.15052945791715747,,,,
T1,L3b,400,6,4,True,6,0.5941040515899658,-0.04220390319824219,-1.4058077059168554,0.44057798385620117,0.24358010292053223,0.07999999999999996,0.31887383316490087,,,,
T1,L3b,400,6,5,True,6,0.459636926651001,-0.11552000045776367,0.4716741811408168,0.5243699550628662,0.21710205078125,0.16000000000000003,0.23683767240061723,,,,
T1,L3b,400,6,6,True,6,0.5378799438476562,0.06702804565429688,-0.1229534500189642,0.5372650623321533,0.2916140556335449,0.19999999999999996,0.2840057409652157,,,,
T1,L3b,400,6,7,True,6,0.6302850246429443,0.07697296142578125,-0.3340024490622815,0.4196960926055908,0.2739839553833008,0.16000000000000003,0.371102905184545,,,,
T1,L3b,400,6,8,True,6,0.5827239751815796,-0.1927809715270996,-0.42754510518407846,0.5578380227088928,0.2682340145111084,0.16000000000000003,0.2108946703316347,,,,
T1,L3b,400,6,9,True,6,0.4952070116996765,-0.10176002979278564,1.3840302249179408,0.4636639952659607,0.1345679759979248,0.07999999999999996,0.42651035677733556,,,,
T1,L3b,400,6,10,True,6,0.6184120178222656,-0.00031697750091552734,-0.9275043292582672,0.5797839760780334,0.14753997325897217,0.040000000000000036,0.1615514384210076,,,,
T1,L3b,400,6,11,True,6,0.518750011920929,-0.06540393829345703,-1.4821543782336901,0.5064939856529236,0.21117496490478516,0.12,0.1394432399102449,,,,
T1,L3b,400,6,12,True,6,0.6321890354156494,-0.23714804649353027,-1.2495502408820065,0.509315013885498,0.19562196731567383,0.07999999999999996,0.5173063283302605,,,,
T1,L3b,400,6,13,True,6,0.35930800437927246,-0.08949804306030273,0.5853135542949712,0.5522600412368774,0.24843502044677734,0.16000000000000003,0.08659070369088828,,,,
T1,L3b,400,6,14,True,6,0.6323319673538208,-0.12378895282745361,-0.22296143710061764,0.4371819496154785,0.16375601291656494,0.24,0.3077829814836779,,,,
T1,L3b,400,6,15,False,6,0.5855549573898315,-0.022650957107543945,-0.6124135205055691,0.5025709867477417,0.27115821838378906,0.16000000000000003,0.15950530743683375,,,,
T1,L3b,400,6,16,False,6,0.419435977935791,0.044801950454711914,1.1703854667646951,0.4527778625488281,0.1888279914855957,0.040000000000000036,0.2346463454929149,,,,
T1,L3b,400,6,17,True,6,0.4031820297241211,-0.2366880178451538,-1.4811896448312327,0.5636382102966309,0.20958900451660156,0.07999999999999996,0.3118610812810396,,,,
T1,L3b,400,6,18,True,6,0.38156604766845703,0.06440401077270508,-1.3940645988212716,0.5610389709472656,0.19327104091644287,0.16000000000000003,0.3946400491511533,,,,
T1,L3b,400,6,19,True,6,0.649378776550293,-0.15824007987976074,0.886660078227593,0.4082918167114258,0.22794103622436523,0.19999999999999996,0.24546368882178693,,,,
T1,L3b,400,7,0,True,7,0.3875761032104492,-0.017863988876342773,-1.1846610924512386,0.5779118537902832,0.13754606246948242,0.12,0.0965727949009428,,,,
T1,L3b,400,7,1,True,7,0.5484638214111328,0.06605303287506104,-0.17168683610930982,0.44281721115112305,0.2940269708633423,0.19999999999999996,0.3109634947647111,,,,
T1,L3b,400,7,2,True,7,0.593937873840332,-0.039437055587768555,-0.3002466199860779,0.5709958076477051,0.25846195220947266,0.24,0.21214146041902204,,,,
T1,L3b,400,7,3,True,7,0.5931081771850586,-0.20654702186584473,0.8176424809969766,0.458035945892334,0.21575403213500977,0.12,0.3299160441722338,,,,
T1,L3b,400,7,4,True,7,0.39337801933288574,-0.06801700592041016,-1.3279875150063645,0.5353500843048096,0.10984396934509277,0.16000000000000003,0.4064831740339677,,,,
T1,L3b,400,7,5,True,7,0.3735320568084717,0.07873702049255371,1.0004660796924076,0.4686288833618164,0.2941269874572754,0.040000000000000036,0.16677867416792508,,,,
T1,L3b,400,7,6,True,7,0.6216940879821777,0.056471943855285645,0.17002275920715249,0.4121088981628418,0.2594289779663086,0.16000000000000003,0.16843562167920453,,,,
T1,L3b,400,7,7,True,7,0.3559439182281494,-0.060823917388916016,1.5592506346469848,0.47525691986083984,0.2239530086517334,0.040000000000000036,0.20609881027587582,,,,
T1,L3b,400,7,8,True,7,0.37320899963378906,-0.1267540454864502,-0.7181000344868161,0.4370580017566681,0.13972997665405273,0.16000000000000003,0.2993362387402052,,,,
T1,L3b,400,7,9,True,7,0.5229780077934265,-0.10152804851531982,-1.0995863474268441,0.532929003238678,0.15754103660583496,0.040000000000000036,0.28030285595788157,,,,
T1,L3b,400,7,10,True,7,0.5989530086517334,-0.10380005836486816,1.1268904333844496,0.4532740116119385,0.18655502796173096,0.19999999999999996,0.20036852600368713,,,,
T1,L3b,400,7,11,True,7,0.5857740044593811,-0.0816659927368164,0.10854923373488468,0.5105379819869995,0.17655110359191895,0.31999999999999995,0.33553951866710613,,,,
T1,L3b,400,7,12,True,7,0.47051000595092773,-0.22049999237060547,1.4448236655398417,0.5748310089111328,0.15261006355285645,0.040000000000000036,0.13370392291401018,,,,
T1,L3b,400,7,13,True,7,0.3587360382080078,-0.050778985023498535,-1.3378803975718319,0.5386849641799927,0.11302697658538818,0.07999999999999996,0.23585044589041984,,,,
T1,L3b,400,7,14,True,7,0.6243129968643188,0.002115011215209961,0.8537711001431513,0.5952500104904175,0.17649602890014648,0.12,0.3295984886548623,,,,
T1,L3b,400,7,15,True,7,0.5992599725723267,-0.22864198684692383,0.7996282742733969,0.5837019681930542,0.22356796264648438,0.12,0.25439434147753875,,,,
T1,L3b,400,7,16,True,7,0.3895258903503418,-0.23981809616088867,0.0027740006818727527,0.5990800857543945,0.12244200706481934,0.19999999999999996,0.37488157569701913,,,,
T1,L3b,400,7,17,True,7,0.3581061363220215,-0.14903998374938965,0.46583663624718136,0.5882349014282227,0.2198699712753296,0.24,0.28786670242285517,,,,
T1,L3b,400,7,18,True,7,0.371732234954834,-0.041007041931152344,-0.3066276812058639,0.4274740219116211,0.25602197647094727,0.16000000000000003,0.2809820574287223,,,,
T1,L3b,400,7,19,True,7,0.5225310325622559,-0.0652320384979248,-0.21594338750341924,0.44491100311279297,0.29812192916870117,0.12,0.2651167724668303,,,,
T1,L3b,400,8,0,True,8,0.3536229133605957,-0.18721389770507812,0.295229094503696,0.5253801345825195,0.21213603019714355,0.28,0.3371665213061141,,,,
T1,L3b,400,8,1,True,8,0.4798240661621094,-0.1683800220489502,-1.2154859274513585,0.45273494720458984,0.2450159788131714,0.16000000000000003,0.3277412383747562,,,,
T1,L3b,400,8,2,True,8,0.35478782653808594,-0.0017440319061279297,-0.41673082111596993,0.4591178894042969,0.11913394927978516,0.07999999999999996,0.16944988285974735,,,,
T1,L3b,400,8,3,True,8,0.6317791938781738,-0.011023998260498047,-0.16654847027686495,0.4710121154785156,0.19054388999938965,0.16000000000000003,0.35606715431183805,,,,
T1,L3b,400,8,4,True,8,0.6441340446472168,0.08848190307617188,-0.7222437842035202,0.5128059387207031,0.247528076171875,0.16000000000000003,0.33682162715024533,,,,
T1,L3b,400,8,5,True,8,0.45976805686950684,-0.009328007698059082,-1.4355255796125534,0.43901991844177246,0.21521902084350586,0.19999999999999996,0.16671771324248408,,,,
T1,L3b,400,8,6,True,8,0.5493190288543701,-0.19317102432250977,-0.498299647750739,0.40018391609191895,0.292186975479126,0.19999999999999996,0.3843553276619061,,,,
T1,L3b,400,8,7,True,8,0.5972640514373779,-0.14656305313110352,-1.3722607305223846,0.408660888671875,0.11971902847290039,0.07999999999999996,0.28301239343884343,,,,
T1,L3b,400,8,8,True,8,0.3814390003681183,0.09173393249511719,0.23843847086379313,0.42615601420402527,0.26233601570129395,0.07999999999999996,0.334298966935268,,,,
T1,L3b,400,8,9,True,8,0.5837010145187378,-0.029006004333496094,-0.08542797951109266,0.41964301466941833,0.2828180193901062,0.19999999999999996,0.26835538842878354,,,,
T1,L3b,400,8,10,True,8,0.37891799211502075,-0.2152479887008667,0.8913543273854392,0.47174501419067383,0.2562140226364136,0.16000000000000003,0.37452278689259366,,,,
T1,L3b,400,8,11,True,8,0.5734729766845703,-0.13945508003234863,0.6020136140769297,0.5280330181121826,0.2721872329711914,0.16000000000000003,0.15773182538981467,,,,
T1,L3b,400,8,12,True,8,0.41642093658447266,0.05706501007080078,1.222574266290967,0.5125230550765991,0.23530006408691406,0.040000000000000036,0.3128221481568032,,,,
T1,L3b,400,8,13,True,8,0.619547963142395,-0.01881396770477295,-0.16710038863205204,0.594884991645813,0.298380970954895,0.19999999999999996,0.2384439707031301,,,,
T1,L3b,400,8,14,True,8,0.41658496856689453,0.09769999980926514,0.31634552363409346,0.5510419607162476,0.28125202655792236,0.07999999999999996,0.4276584980300383,,,,
T1,L3b,400,8,15,True,8,0.4376809597015381,-0.01690196990966797,0.6800255736417854,0.5536119937896729,0.1383509635925293,0.07999999999999996,0.341465442550044,,,,
T1,L3b,400,8,16,False,8,0.582423210144043,-0.09643793106079102,1.2669027651305966,0.48920583724975586,0.11632394790649414,0.16000000000000003,0.3188580347929172,,,,
T1,L3b,400,8,17,True,8,0.5666937828063965,-0.10193395614624023,-1.1918632025802796,0.4947361946105957,0.11246800422668457,0.07999999999999996,0.47173862487741197,,,,
T1,L3b,400,8,18,True,8,0.5731191635131836,0.13598394393920898,-1.5471658722268196,0.41978979110717773,0.11477494239807129,0.19999999999999996,0.5444924270506261,,,,
T1,L3b,400,8,19,True,8,0.48165178298950195,-0.21209406852722168,1.161875038607793,0.5920162200927734,0.18616199493408203,0.12,0.1502177756803205,,,,
T1,L3b,400,9,0,True,9,0.6461100578308105,-0.12410998344421387,0.7759314290494685,0.47116613388061523,0.11896705627441406,0.24,0.12001492433577944,,,,
T1,L3b,400,9,1,False,9,0.5220751762390137,-0.07635903358459473,-0.1003099975345117,0.49114418029785156,0.19234895706176758,0.16000000000000003,0.2853423376176628,,,,
T1,L3b,400,9,2,True,9,0.39034080505371094,-0.04277598857879639,0.2431101836174372,0.5329489707946777,0.10014796257019043,0.16000000000000003,0.25905904171044736,,,,
T1,L3b,400,9,3,True,9,0.5531520843505859,-0.13234710693359375,-1.0406081541320567,0.5000619888305664,0.29561519622802734,0.040000000000000036,0.2676995393954335,,,,
T1,L3b,400,9,4,True,9,0.433290958404541,-0.20294809341430664,1.1596295777077354,0.4508240222930908,0.18222403526306152,0.040000000000000036,0.34391629791523504,,,,
T1,L3b,400,9,5,True,9,0.5039710998535156,-0.21533405780792236,-0.15670630013406944,0.5926179885864258,0.13364696502685547,0.19999999999999996,0.24596033349218113,,,,
T1,L3b,400,9,6,True,9,0.6124749183654785,-0.09916996955871582,-1.1552479204048136,0.5886499881744385,0.16781604290008545,0.07999999999999996,0.3900021782229037,,,,
T1,L3b,400,9,7,True,9,0.5379838943481445,-0.24060797691345215,0.7210683234156237,0.5399019718170166,0.10996794700622559,0.12,0.20307078255047759,,,,
T1,L3b,400,9,8,True,9,0.6461210250854492,-0.04225492477416992,-0.9391313752106518,0.4197100102901459,0.28115391731262207,0.12,0.05570904145390202,,,,
T1,L3b,400,9,9,True,9,0.370388001203537,0.07954800128936768,1.3946853382211404,0.5845609903335571,0.2256380319595337,0.040000000000000036,0.3240999675936726,,,,
T1,L3b,400,9,10,True,9,0.5058509707450867,-0.16342496871948242,1.2185423626050351,0.49401000142097473,0.19394004344940186,0.12,0.36282681061458216,,,,
T1,L3b,400,9,11,True,9,0.5635910034179688,0.12205910682678223,-1.032547693851604,0.5124779939651489,0.29715394973754883,0.19999999999999996,0.1489040806249377,,,,
T1,L3b,400,9,12,True,9,0.47738194465637207,-0.04448390007019043,-0.6308255497896171,0.524757981300354,0.2695579528808594,0.07999999999999996,0.11998349946022287,,,,
T1,L3b,400,9,13,True,9,0.6120940446853638,-0.19890999794006348,-0.6533528209579244,0.5163179636001587,0.26990699768066406,0.24,0.09632786155549634,,,,
T1,L3b,400,9,14,True,9,0.3553309440612793,-0.2387690544128418,-1.1501838911843343,0.5337940454483032,0.23518705368041992,0.07999999999999996,0.5218119539099709,,,,
T1,L3b,400,9,15,True,9,0.5886080265045166,-0.24441194534301758,-0.8405204319928337,0.43773603439331055,0.26844310760498047,0.16000000000000003,0.2659947962713494,,,,
T1,L3b,400,9,16,False,9,0.5762500762939453,0.023973941802978516,1.5310372363090126,0.4908461570739746,0.2520740032196045,0.16000000000000003,0.26402387672253474,,,,
T1,L3b,400,9,17,True,9,0.47746706008911133,-0.23799395561218262,-0.05938070711467571,0.46176815032958984,0.16343605518341064,0.12,0.2364484089711195,,,,
T1,L3b,400,9,18,True,9,0.5545639991760254,-0.18317794799804688,1.4445652307713712,0.539949893951416,0.29552197456359863,0.07999999999999996,0.23550459103612345,,,,
T1,L3b,400,9,19,True,9,0.42807912826538086,0.031491994857788086,-1.2249441474372353,0.566403865814209,0.14591193199157715,0.12,0.2510963569669372,,,,
T1,L3b,100,0,0,False,0,0.4199199676513672,0.06320595741271973,0.015568162379218905,0.46863603591918945,0.20419001579284668,0.12,0.5374820130533705,,,,
T1,L3b,100,0,1,False,0,0.5251350402832031,-0.23926901817321777,-0.6328264991137028,0.5896100997924805,0.2531049847602844,0.16000000000000003,0.3128294180625953,,,,
T1,L3b,100,0,2,True,0,0.5539398193359375,-0.2344609498977661,0.9449733329048506,0.44419288635253906,0.2879159450531006,0.07999999999999996,0.2187296052020208,,,,
T1,L3b,100,0,3,True,0,0.45444822311401367,-0.1770169734954834,-1.496712218063705,0.4496941566467285,0.13855195045471191,0.19999999999999996,0.6288266949726621,,,,
T1,L3b,100,0,4,True,0,0.3772261142730713,-0.04526996612548828,-0.7794043740082593,0.4553699493408203,0.2473430633544922,0.16000000000000003,0.29357672200449153,,,,
T1,L3b,100,0,5,False,0,0.47615504264831543,-0.1391589641571045,-0.8314973599042816,0.4776499271392822,0.10975098609924316,0.16000000000000003,0.29725587728203073,,,,
T1,L3b,100,0,6,True,0,0.42728304862976074,0.06062805652618408,0.04037873397655124,0.5881481170654297,0.1651979684829712,0.12,0.5560977920652883,,,,
T1,L3b,100,0,7,False,0,0.422792911529541,-0.09509611129760742,1.3049151300091353,0.5505480766296387,0.2056729793548584,0.07999999999999996,0.28934212506988394,,,,
T1,L3b,100,0,8,True,0,0.5408880114555359,-0.06334304809570312,-0.019350297280012925,0.467646986246109,0.15312409400939941,0.16000000000000003,0.2526482303632044,,,,
T1,L3b,100,0,9,True,0,0.5538560152053833,-0.12046194076538086,0.152052376545993,0.48451000452041626,0.16256999969482422,0.16000000000000003,0.2801802697947981,,,,
T1,L3b,100,0,10,True,0,0.44010499119758606,0.1084059476852417,1.0659546578986474,0.583541989326477,0.24091601371765137,0.07999999999999996,0.5944223115643295,,,,
T1,L3b,100,0,11,True,0,0.5826219916343689,0.1496899127960205,1.0316736543149099,0.509207010269165,0.279691219329834,0.12,0.8404872657183173,,,,
T1,L3b,100,0,12,True,0,0.5797799825668335,0.01067495346069336,1.1284023824029665,0.4132399559020996,0.28252696990966797,0.16000000000000003,0.2840706316613046,,,,
T1,L3b,100,0,13,True,0,0.4009718894958496,-0.15812504291534424,-0.6823677467173213,0.40796399116516113,0.22868597507476807,0.19999999999999996,0.4999118035431874,,,,
T1,L3b,100,0,14,True,0,0.5238549709320068,0.0455399751663208,-0.48376561798232187,0.4346339702606201,0.25032901763916016,0.19999999999999996,0.39198482776215554,,,,
T1,L3b,100,0,15,True,0,0.3610808849334717,-0.12740588188171387,-0.015920163079544684,0.5406899452209473,0.16338300704956055,0.24,0.3285724202450832,,,,
T1,L3b,100,0,16,True,0,0.45041990280151367,0.1068270206451416,0.23924828958745656,0.5323271751403809,0.276853084564209,0.12,0.39323270350858397,,,,
T1,L3b,100,0,17,True,0,0.4355959892272949,-0.21647202968597412,0.7198798286723781,0.44623899459838867,0.2841140031814575,0.07999999999999996,0.2623373708993181,,,,
T1,L3b,100,0,18,False,0,0.48358583450317383,0.014762043952941895,-0.04609005527130035,0.48210716247558594,0.2924480438232422,0.19999999999999996,0.6415124593990995,,,,
T1,L3b,100,0,19,False,0,0.37711381912231445,0.10686492919921875,1.4904195283766482,0.5654177665710449,0.1844189167022705,0.040000000000000036,0.7322117502575624,,,,
T1,L3b,100,1,0,True,1,0.5210747718811035,0.0013260841369628906,-1.169778220476784,0.5145859718322754,0.20821404457092285,0.16000000000000003,0.3849738106291318,,,,
T1,L3b,100,1,1,True,1,0.47469615936279297,0.06585800647735596,0.7740279944009231,0.42285823822021484,0.263729989528656,0.12,0.43504570847548835,,,,
T1,L3b,100,1,2,True,1,0.5456910133361816,0.06700503826141357,-1.538425886175323,0.42995119094848633,0.17413198947906494,0.16000000000000003,0.546184429549443,,,,
T1,L3b,100,1,3,True,1,0.6355462074279785,0.1070261001586914,0.764659453038695,0.4667220115661621,0.1881999969482422,0.12,0.1041082486677063,,,,
T1,L3b,100,1,4,False,1,0.6258540153503418,-0.1133430004119873,-0.8342093806810263,0.4150710105895996,0.18363499641418457,0.19999999999999996,0.5786552367715763,,,,
T1,L3b,100,1,5,True,1,0.6477351188659668,-0.01732003688812256,1.5181399724407096,0.5724020004272461,0.2323000431060791,0.12,0.4820414218844459,,,,
T1,L3b,100,1,6,True,1,0.6314210891723633,0.09785604476928711,0.8896565573818832,0.45636796951293945,0.19811797142028809,0.12,0.16466251336328086,,,,
T1,L3b,100,1,7,True,1,0.4172840118408203,0.02467799186706543,-0.6078825302914668,0.4590458869934082,0.2348918914794922,0.12,0.2679485366972291,,,,
T1,L3b,100,1,8,False,1,0.4006330072879791,-0.15947699546813965,1.4434165562007077,0.5400170087814331,0.17100000381469727,0.12,0.15114632375674417,,,,
T1,L3b,100,1,9,True,1,0.6430109739303589,-0.1848900318145752,0.8428471272002104,0.5017499923706055,0.28252899646759033,0.24,0.33638654625479275,,,,
T1,L3b,100,1,10,True,1,0.6058729887008667,-0.13389098644256592,-0.34734139696903593,0.5214329957962036,0.25017595291137695,0.24,0.41393310951374995,,,,
T1,L3b,100,1,11,False,1,0.42343300580978394,0.002254009246826172,-0.1629100256876981,0.49353501200675964,0.15091609954833984,0.12,0.3879688638007765,,,,
T1,L3b,100,1,12,True,1,0.35228705406188965,-0.17118096351623535,0.07646260526158265,0.42312002182006836,0.25609588623046875,0.19999999999999996,0.5328387392318041,,,,
T1,L3b,100,1,13,True,1,0.6172759532928467,0.054141998291015625,-0.1497900316497556,0.5145779848098755,0.1979440450668335,0.19999999999999996,0.44487840264736184,,,,
T1,L3b,100,1,14,True,1,0.5726460218429565,0.010288000106811523,1.0322623943976907,0.5021220445632935,0.16343903541564941,0.16000000000000003,0.37192392079734166,,,,
T1,L3b,100,1,15,False,1,0.37904810905456543,-0.23231792449951172,-0.9762347225094953,0.4312279224395752,0.14907407760620117,0.07999999999999996,0.3309503171024964,,,,
T1,L3b,100,1,16,True,1,0.5881252288818359,-0.24677610397338867,-1.3855916997300215,0.421968936920166,0.2329390048980713,0.19999999999999996,0.3920384480897593,,,,
T1,L3b,100,1,17,True,1,0.5181660652160645,-0.11838805675506592,-1.0001948195246437,0.46268701553344727,0.14175796508789062,0.0,0.39554570350876955,,,,
T1,L3b,100,1,18,True,1,0.6029219627380371,0.08500003814697266,-1.4363033396761387,0.5029640197753906,0.25604796409606934,0.12,0.5376444241954595,,,,
T1,L3b,100,1,19,True,1,0.5037841796875,-0.05118894577026367,0.8202261970545227,0.4314260482788086,0.16667890548706055,0.12,0.29275989540580866,,,,
T1,L3b,100,2,0,True,2,0.5413532257080078,-0.14773297309875488,-0.37964596816214247,0.592951774597168,0.12119388580322266,0.12,0.35151600717460174,,,,
T1,L3b,100,2,1,True,2,0.37981081008911133,-0.010794997215270996,1.067638704257716,0.5114378929138184,0.2704460024833679,0.0,0.11810073982139267,,,,
T1,L3b,100,2,2,True,2,0.4966120719909668,-0.18815302848815918,0.21386124457477274,0.544990062713623,0.15623605251312256,0.16000000000000003,0.5555624968451375,,,,
T1,L3b,100,2,3,True,2,0.3875460624694824,-0.033698081970214844,-0.7826446039173,0.42093992233276367,0.20398807525634766,0.16000000000000003,0.3419574537643835,,,,
T1,L3b,100,2,4,True,2,0.3651399612426758,-0.09519410133361816,0.14715266084551223,0.5677099227905273,0.2551310062408447,0.16000000000000003,0.3274493392013189,,,,
T1,L3b,100,2,5,True,2,0.6421060562133789,-0.11122298240661621,-1.3510829776613884,0.458967924118042,0.282043993473053,0.12,0.3774600430447838,,,,
T1,L3b,100,2,6,True,2,0.5964179039001465,-0.13143599033355713,0.41732164630303675,0.44394803047180176,0.24585402011871338,0.31999999999999995,0.3743313384357896,,,,
T1,L3b,100,2,7,True,2,0.499675989151001,-0.10507607460021973,0.8859937638873459,0.4156680107116699,0.2805628776550293,0.12,0.3554335397461654,,,,
T1,L3b,100,2,8,False,2,0.37232500314712524,-0.10513496398925781,-1.3274009590285878,0.5316349864006042,0.1884310245513916,0.16000000000000003,0.5389270179163924,,,,
T1,L3b,100,2,9,False,2,0.46331000328063965,-0.11660003662109375,0.8810402399756908,0.4762429893016815,0.19511401653289795,0.12,0.4477738230592195,,,,
T1,L3b,100,2,10,False,2,0.4746130108833313,-0.2028290033340454,1.2565942634893574,0.4630489945411682,0.2045069932937622,0.07999999999999996,0.8726074643671355,,,,
T1,L3b,100,2,11,True,2,0.4443399906158447,-0.22750306129455566,1.0227802015103669,0.5092509984970093,0.2670412063598633,0.07999999999999996,0.46055201735004664,,,,
T1,L3b,100,2,12,True,2,0.5910359621047974,-0.06209301948547363,-1.0407486831575825,0.5383080244064331,0.2658360004425049,0.0,0.4233418493697793,,,,
T1,L3b,100,2,13,True,2,0.5711979866027832,-0.11334705352783203,-0.047240388720686186,0.4542520046234131,0.13850200176239014,0.24,0.3718153210183473,,,,
T1,L3b,100,2,14,True,2,0.41747307777404785,-0.1430150270462036,1.353011001311279,0.5633399486541748,0.17922604084014893,0.040000000000000036,0.1925679593396085,,,,
T1,L3b,100,2,15,True,2,0.47009801864624023,-0.13632988929748535,1.2836868900672667,0.49242305755615234,0.2339489459991455,0.07999999999999996,0.7762020450848361,,,,
T1,L3b,100,2,16,False,2,0.558405876159668,0.14088797569274902,-0.06111950840215809,0.42377519607543945,0.22291994094848633,0.16000000000000003,1.0318323277285646,,,,
T1,L3b,100,2,17,True,2,0.37511205673217773,0.06210196018218994,-0.1812981663012953,0.41860485076904297,0.2814440131187439,0.19999999999999996,0.4499719322713769,,,,
T1,L3b,100,2,18,True,2,0.42130517959594727,-0.170989990234375,1.1046855280772416,0.41874217987060547,0.2439730167388916,0.12,0.5077495475609719,,,,
T1,L3b,100,2,19,True,2,0.48632001876831055,-0.08150196075439453,0.9497629280534444,0.5260891914367676,0.26665306091308594,0.12,0.1984805348353085,,,,
T1,L3b,100,3,0,False,3,0.3978438377380371,0.04998493194580078,1.2054005219558837,0.5026578903198242,0.28113603591918945,0.040000000000000036,0.5991253701325474,,,,
T1,L3b,100,3,1,True,3,0.6081638336181641,-0.06217598915100098,0.6081612165263101,0.45990800857543945,0.19756805896759033,0.24,0.36984315688139935,,,,
T1,L3b,100,3,2,True,3,0.5025582313537598,-0.15768897533416748,-1.2391199201125143,0.5093522071838379,0.28693699836730957,0.07999999999999996,0.5634749476801645,,,,
T1,L3b,100,3,3,True,3,0.6248221397399902,0.09261798858642578,-1.074366675379114,0.4313530921936035,0.26532697677612305,0.16000000000000003,0.6064179306763371,,,,
T1,L3b,100,3,4,True,3,0.40196704864501953,0.002370119094848633,-0.712505947950148,0.5445880889892578,0.2822589874267578,0.12,0.5148274088128898,,,,
T1,L3b,100,3,5,True,3,0.6215519905090332,-0.13135504722595215,-0.8748032332936452,0.46173095703125,0.26426398754119873,0.16000000000000003,0.5184590797041082,,,,
T1,L3b,100,3,6,False,3,0.3879249095916748,0.11820602416992188,0.1544313574905224,0.4779961109161377,0.2906750440597534,0.12,0.44459866863118047,,,,
T1,L3b,100,3,7,True,3,0.6325480937957764,-0.1696479320526123,-0.9229781752901769,0.598046064376831,0.24527788162231445,0.12,0.4328157066361639,,,,
T1,L3b,100,3,8,True,3,0.5339339971542358,-0.1175529956817627,-0.8723044437429666,0.5495550036430359,0.16342592239379883,0.040000000000000036,0.47377415713095217,,,,
T1,L3b,100,3,9,True,3,0.38383400440216064,-0.21889197826385498,0.29106852364182556,0.45915400981903076,0.11076796054840088,0.16000000000000003,0.5034109089845769,,,,
T1,L3b,100,3,10,True,3,0.43295300006866455,-0.13831102848052979,-1.0397694994145839,0.4813759922981262,0.20361995697021484,0.16000000000000003,0.39234359216916154,,,,
T1,L3b,100,3,11,True,3,0.43365800380706787,-0.09772205352783203,1.4463839697855492,0.41709500551223755,0.10518407821655273,0.040000000000000036,0.3320595643229068,,,,
T1,L3b,100,3,12,True,3,0.4944150447845459,-0.16264796257019043,0.35857597564442767,0.5825589895248413,0.2919940948486328,0.12,0.5303689060348566,,,,
T1,L3b,100,3,13,True,3,0.46271610260009766,0.09978902339935303,-1.0801723817098619,0.5349220037460327,0.2824609875679016,0.16000000000000003,0.4914113294538086,,,,
T1,L3b,100,3,14,True,3,0.4764540195465088,-0.0806269645690918,0.49166741413383436,0.5683660507202148,0.2651170492172241,0.16000000000000003,0.2856261676920018,,,,
T1,L3b,100,3,15,True,3,0.35647106170654297,-0.06361699104309082,-0.344336731670838,0.5855460166931152,0.15746593475341797,0.12,0.14848267671124973,,,,
T1,L3b,100,3,16,False,3,0.558722972869873,-0.1140589714050293,-0.8424527941312846,0.5232601165771484,0.22595810890197754,0.07999999999999996,0.4078767417853437,,,,
T1,L3b,100,3,17,False,3,0.4079399108886719,0.10705697536468506,-0.8721564182951481,0.529454231262207,0.2002110481262207,0.19999999999999996,0.40975193565690426,,,,
T1,L3b,100,3,18,True,3,0.6057701110839844,-0.07759702205657959,-1.0041124508791388,0.4600081443786621,0.2029639482498169,0.07999999999999996,0.5680924501391719,,,,
T1,L3b,100,3,19,False,3,0.35779380798339844,0.08016610145568848,0.8557513491128724,0.5523281097412109,0.2919478416442871,0.040000000000000036,0.07785583635048667,,,,
T1,L3b,100,4,0,True,4,0.44892406463623047,-0.1399550437927246,-0.9263035575006787,0.4132218360900879,0.1167440414428711,0.16000000000000003,0.4730280357268293,,,,
T1,L3b,100,4,1,True,4,0.42635488510131836,-0.003618955612182617,-0.47621508887270086,0.42303991317749023,0.2838060259819031,0.16000000000000003,0.3749899121041872,,,,
T1,L3b,100,4,2,True,4,0.628173828125,0.025660037994384766,-0.5160137795436522,0.48699283599853516,0.18454599380493164,0.12,0.5314878751892066,,,,
T1,L3b,100,4,3,True,4,0.6171817779541016,-0.06087207794189453,-0.47606712562381914,0.46621179580688477,0.1914660930633545,0.16000000000000003,0.5833612329804851,,,,
T1,L3b,100,4,4,True,4,0.48258495330810547,-0.01677989959716797,1.1909497603975736,0.41359901428222656,0.12351202964782715,0.07999999999999996,0.5951424530556357,,,,
T1,L3b,100,4,5,True,4,0.6199920177459717,-0.2372809648513794,-0.8805339732958015,0.5688860416412354,0.2336970567703247,0.16000000000000003,0.5050849670496533,,,,
T1,L3b,100,4,6,True,4,0.6149270534515381,-0.05282795429229736,-0.950772770273297,0.5110559463500977,0.245061993598938,0.040000000000000036,0.616436439963011,,,,
T1,L3b,100,4,7,True,4,0.45015597343444824,-0.13159608840942383,-0.5766756006953255,0.5934669971466064,0.2283461093902588,0.16000000000000003,0.5445346541808822,,,,
T1,L3b,100,4,8,False,4,0.5950130224227905,-0.09974098205566406,0.08731772255627288,0.4777339994907379,0.23662209510803223,0.24,0.556553818211839,,,,
T1,L3b,100,4,9,True,4,0.6421890258789062,-0.22020697593688965,-1.3098909461750556,0.5496079921722412,0.20911097526550293,0.07999999999999996,0.7095391270921089,,,,
T1,L3b,100,4,10,True,4,0.5179380178451538,-0.12410402297973633,-1.268074236879588,0.42291000485420227,0.15314698219299316,0.12,0.5277368557919456,,,,
T1,L3b,100,4,11,False,4,0.5793629884719849,0.031378984451293945,0.7584509105339307,0.4150640070438385,0.16093111038208008,0.12,0.33719087244351253,,,,
T1,L3b,100,4,12,True,4,0.4137749671936035,-0.07807707786560059,-0.9677076198432111,0.4966120719909668,0.10396909713745117,0.19999999999999996,0.21068865301428125,,,,
T1,L3b,100,4,13,True,4,0.5794939994812012,-0.24326598644256592,-1.4032404613098983,0.47043299674987793,0.23628199100494385,0.16000000000000003,0.387550536291639,,,,
T1,L3b,100,4,14,True,4,0.528668999671936,-0.02479994297027588,-0.09954714163375554,0.5307220220565796,0.15099799633026123,0.12,0.6138979763768802,,,,
T1,L3b,100,4,15,True,4,0.6461169719696045,-0.2079160213470459,-1.2212336852843328,0.5017019510269165,0.2653818130493164,0.07999999999999996,0.7416263617297857,,,,
T1,L3b,100,4,16,False,4,0.4366440773010254,-0.15762996673583984,1.1258329438837613,0.5204281806945801,0.2344069480895996,0.12,0.5409783969768975,,,,
T1,L3b,100,4,17,False,4,0.3938941955566406,-0.030619025230407715,-0.25830746855509773,0.47342777252197266,0.16693103313446045,0.07999999999999996,0.44312687579072774,,,,
T1,L3b,100,4,18,False,4,0.6461520195007324,0.012622952461242676,-0.8845154242154264,0.41680908203125,0.2635359764099121,0.040000000000000036,0.7385989814381004,,,,
T1,L3b,100,4,19,False,4,0.49560117721557617,-0.14426803588867188,0.3277772657104126,0.4973578453063965,0.26296186447143555,0.07999999999999996,0.3586103639444869,,,,
T1,L3b,100,5,0,False,5,0.4143967628479004,-0.22796201705932617,-1.0076940614860805,0.5439457893371582,0.11496305465698242,0.07999999999999996,0.2766641083258229,,,,
T1,L3b,100,5,1,False,5,0.39109182357788086,-0.06675302982330322,0.037792270093268104,0.49492788314819336,0.21253299713134766,0.16000000000000003,0.1863282462657804,,,,
T1,L3b,100,5,2,False,5,0.6488900184631348,0.14436697959899902,-1.4455756494200178,0.4840250015258789,0.22237801551818848,0.16000000000000003,1.0044110304853553,,,,
T1,L3b,100,5,3,False,5,0.6225919723510742,-0.19376301765441895,-0.4502494563507012,0.505159854888916,0.1327219009399414,0.28,0.2581396118954712,,,,
T1,L3b,100,5,4,False,5,0.39779210090637207,-0.1783161163330078,0.274604012987873,0.49295806884765625,0.1362318992614746,0.24,0.1618110626569654,,,,
T1,L3b,100,5,5,True,5,0.5418779850006104,-0.1311800479888916,0.7060079926309537,0.501741886138916,0.20552098751068115,0.16000000000000003,0.5218816382876076,,,,
T1,L3b,100,5,6,True,5,0.5846500396728516,0.0811840295791626,0.33974762834790806,0.41785192489624023,0.17494094371795654,0.12,0.5432432602428052,,,,
T1,L3b,100,5,7,False,5,0.4215259552001953,-0.2134990692138672,0.6169941678172843,0.5034980773925781,0.10946393013000488,0.07999999999999996,0.30552317532434264,,,,
T1,L3b,100,5,8,False,5,0.37971100211143494,-0.10585498809814453,-0.6565382237562791,0.47768399119377136,0.1915140151977539,0.19999999999999996,0.35388224739381535,,,,
T1,L3b,100,5,9,False,5,0.36692601442337036,-0.11535394191741943,1.333949575730242,0.4064599871635437,0.2739940285682678,0.040000000000000036,0.5159394165871228,,,,
T1,L3b,100,5,10,True,5,0.5362129807472229,-0.08879005908966064,-0.5463268880998886,0.4008350074291229,0.29084300994873047,0.07999999999999996,0.31466920473588106,,,,
T1,L3b,100,5,11,True,5,0.5683799982070923,-0.1105039119720459,-1.3974369253795424,0.5521659851074219,0.22292804718017578,0.07999999999999996,0.4120416669934229,,,,
T1,L3b,100,5,12,True,5,0.5957969427108765,0.0903480052947998,-1.1987752217756986,0.42636895179748535,0.1541459560394287,0.12,0.4418081522581385,,,,
T1,L3b,100,5,13,False,5,0.6222399473190308,-0.2489490509033203,-0.6568442523567768,0.5104880332946777,0.2199920415878296,0.16000000000000003,0.5621374221195421,,,,
T1,L3b,100,5,14,False,5,0.5729609727859497,-0.08816099166870117,1.26375052706784,0.45488905906677246,0.24389803409576416,0.16000000000000003,0.6172303511721362,,,,
T1,L3b,100,5,15,True,5,0.49622392654418945,0.03441309928894043,1.3656934742093056,0.4344499111175537,0.17518305778503418,0.16000000000000003,0.3680325609473613,,,,
T1,L3b,100,5,16,False,5,0.42908382415771484,-0.2078540325164795,-0.8498447751663851,0.5054712295532227,0.2122960090637207,0.07999999999999996,0.5887096605856281,,,,
T1,L3b,100,5,17,True,5,0.35286617279052734,-0.06368803977966309,-0.6966311146294438,0.4268980026245117,0.26533597707748413,0.07999999999999996,0.39335154142228834,,,,
T1,L3b,100,5,18,True,5,0.4251837730407715,-0.10506594181060791,-0.28916023612490477,0.5249700546264648,0.10033905506134033,0.19999999999999996,0.4353386379342278,,,,
T1,L3b,100,5,19,True,5,0.561835765838623,-0.24448609352111816,-0.8631060725291253,0.507174015045166,0.18252992630004883,0.16000000000000003,0.4330020298958565,,,,
T1,L3b,100,6,0,True,6,0.5023221969604492,-0.10666108131408691,-0.44882149831588897,0.5710902214050293,0.13958311080932617,0.0,0.2980971678940337,,,,
T1,L3b,100,6,1,False,6,0.3688797950744629,-0.17841601371765137,-1.0137440521628116,0.5721287727355957,0.2635999917984009,0.07999999999999996,0.6781451042878663,,,,
T1,L3b,100,6,2,True,6,0.6161141395568848,-0.19592797756195068,-0.3304736727703946,0.40331602096557617,0.1898280382156372,0.36,0.36806999402761875,,,,
T1,L3b,100,6,3,True,6,0.5103302001953125,-0.033091068267822266,1.2128801757420724,0.4878520965576172,0.27368688583374023,0.12,0.36685700875257343,,,,
T1,L3b,100,6,4,True,6,0.5941040515899658,-0.04220390319824219,-1.4058077059168554,0.44057798385620117,0.24358010292053223,0.07999999999999996,0.5353935267067863,,,,
T1,L3b,100,6,5,False,6,0.459636926651001,-0.11552000045776367,0.4716741811408168,0.5243699550628662,0.21710205078125,0.16000000000000003,0.5116384250838709,,,,
T1,L3b,100,6,6,False,6,0.5378799438476562,0.06702804565429688,-0.1229534500189642,0.5372650623321533,0.2916140556335449,0.19999999999999996,0.2840057409652157,,,,
T1,L3b,100,6,7,True,6,0.6302850246429443,0.07697296142578125,-0.3340024490622815,0.4196960926055908,0.2739839553833008,0.16000000000000003,0.371102905184545,,,,
T1,L3b,100,6,8,True,6,0.5827239751815796,-0.1927809715270996,-0.42754510518407846,0.5578380227088928,0.2682340145111084,0.16000000000000003,0.3775500295244973,,,,
T1,L3b,100,6,9,True,6,0.4952070116996765,-0.10176002979278564,1.3840302249179408,0.4636639952659607,0.1345679759979248,0.07999999999999996,0.558840482718198,,,,
T1,L3b,100,6,10,True,6,0.6184120178222656,-0.00031697750091552734,-0.9275043292582672,0.5797839760780334,0.14753997325897217,0.040000000000000036,0.5069791962626192,,,,
T1,L3b,100,6,11,True,6,0.518750011920929,-0.06540393829345703,-1.4821543782336901,0.5064939856529236,0.21117496490478516,0.12,0.8061969943965895,,,,
T1,L3b,100,6,12,False,6,0.6321890354156494,-0.23714804649353027,-1.2495502408820065,0.509315013885498,0.19562196731567383,0.07999999999999996,0.5978898995270304,,,,
T1,L3b,100,6,13,False,6,0.35930800437927246,-0.08949804306030273,0.5853135542949712,0.5522600412368774,0.24843502044677734,0.16000000000000003,0.14492374323229645,,,,
T1,L3b,100,6,14,False,6,0.6323319673538208,-0.12378895282745361,-0.22296143710061764,0.4371819496154785,0.16375601291656494,0.24,0.43703738850247287,,,,
T1,L3b,100,6,15,True,6,0.5855549573898315,-0.022650957107543945,-0.6124135205055691,0.5025709867477417,0.27115821838378906,0.16000000000000003,0.15950530743683375,,,,
T1,L3b,100,6,16,True,6,0.419435977935791,0.044801950454711914,1.1703854667646951,0.4527778625488281,0.1888279914855957,0.040000000000000036,0.5234894971991934,,,,
T1,L3b,100,6,17,False,6,0.4031820297241211,-0.2366880178451538,-1.4811896448312327,0.5636382102966309,0.20958900451660156,0.07999999999999996,0.40693616354859413,,,,
T1,L3b,100,6,18,True,6,0.38156604766845703,0.06440401077270508,-1.3940645988212716,0.5610389709472656,0.19327104091644287,0.16000000000000003,0.3946400491511533,,,,
T1,L3b,100,6,19,True,6,0.649378776550293,-0.15824007987976074,0.886660078227593,0.4082918167114258,0.22794103622436523,0.19999999999999996,0.24546368882178693,,,,
T1,L3b,100,7,0,True,7,0.3875761032104492,-0.017863988876342773,-1.1846610924512386,0.5779118537902832,0.13754606246948242,0.12,0.22772831764623405,,,,
T1,L3b,100,7,1,True,7,0.5484638214111328,0.06605303287506104,-0.17168683610930982,0.44281721115112305,0.2940269708633423,0.19999999999999996,0.3109634947647111,,,,
T1,L3b,100,7,2,False,7,0.593937873840332,-0.039437055587768555,-0.3002466199860779,0.5709958076477051,0.25846195220947266,0.24,0.42480010493758463,,,,
T1,L3b,100,7,3,True,7,0.5931081771850586,-0.20654702186584473,0.8176424809969766,0.458035945892334,0.21575403213500977,0.12,0.3299160441722338,,,,
T1,L3b,100,7,4,True,7,0.39337801933288574,-0.06801700592041016,-1.3279875150063645,0.5353500843048096,0.10984396934509277,0.16000000000000003,0.4064831740339677,,,,
T1,L3b,100,7,5,False,7,0.3735320568084717,0.07873702049255371,1.0004660796924076,0.4686288833618164,0.2941269874572754,0.040000000000000036,0.16677867416792508,,,,
T1,L3b,100,7,6,False,7,0.6216940879821777,0.056471943855285645,0.17002275920715249,0.4121088981628418,0.2594289779663086,0.16000000000000003,0.19227075983610456,,,,
T1,L3b,100,7,7,True,7,0.3559439182281494,-0.060823917388916016,1.5592506346469848,0.47525691986083984,0.2239530086517334,0.040000000000000036,0.559705637393451,,,,
T1,L3b,100,7,8,True,7,0.37320899963378906,-0.1267540454864502,-0.7181000344868161,0.4370580017566681,0.13972997665405273,0.16000000000000003,0.2993362387402052,,,,
T1,L3b,100,7,9,True,7,0.5229780077934265,-0.10152804851531982,-1.0995863474268441,0.532929003238678,0.15754103660583496,0.040000000000000036,0.48741476118959104,,,,
T1,L3b,100,7,10,False,7,0.5989530086517334,-0.10380005836486816,1.1268904333844496,0.4532740116119385,0.18655502796173096,0.19999999999999996,0.749915819346479,,,,
T1,L3b,100,7,11,True,7,0.5857740044593811,-0.0816659927368164,0.10854923373488468,0.5105379819869995,0.17655110359191895,0.31999999999999995,0.454836530446659,,,,
T1,L3b,100,7,12,True,7,0.47051000595092773,-0.22049999237060547,1.4448236655398417,0.5748310089111328,0.15261006355285645,0.040000000000000036,0.9922236926673549,,,,
T1,L3b,100,7,13,True,7,0.3587360382080078,-0.050778985023498535,-1.3378803975718319,0.5386849641799927,0.11302697658538818,0.07999999999999996,0.23585044589041984,,,,
T1,L3b,100,7,14,True,7,0.6243129968643188,0.002115011215209961,0.8537711001431513,0.5952500104904175,0.17649602890014648,0.12,0.4409207649248367,,,,
T1,L3b,100,7,15,True,7,0.5992599725723267,-0.22864198684692383,0.7996282742733969,0.5837019681930542,0.22356796264648438,0.12,0.40357068166685567,,,,
T1,L3b,100,7,16,False,7,0.3895258903503418,-0.23981809616088867,0.0027740006818727527,0.5990800857543945,0.12244200706481934,0.19999999999999996,0.7666798294615158,,,,
T1,L3b,100,7,17,True,7,0.3581061363220215,-0.14903998374938965,0.46583663624718136,0.5882349014282227,0.2198699712753296,0.24,0.28786670242285517,,,,
T1,L3b,100,7,18,True,7,0.371732234954834,-0.041007041931152344,-0.3066276812058639,0.4274740219116211,0.25602197647094727,0.16000000000000003,0.2809820574287223,,,,
T1,L3b,100,7,19,True,7,0.5225310325622559,-0.0652320384979248,-0.21594338750341924,0.44491100311279297,0.29812192916870117,0.12,0.39054284103392534,,,,
T1,L3b,100,8,0,False,8,0.3536229133605957,-0.18721389770507812,0.295229094503696,0.5253801345825195,0.21213603019714355,0.28,0.6055091107529499,,,,
T1,L3b,100,8,1,True,8,0.4798240661621094,-0.1683800220489502,-1.2154859274513585,0.45273494720458984,0.2450159788131714,0.16000000000000003,0.5960493717201688,,,,
T1,L3b,100,8,2,True,8,0.35478782653808594,-0.0017440319061279297,-0.41673082111596993,0.4591178894042969,0.11913394927978516,0.07999999999999996,0.4453053891285953,,,,
T1,L3b,100,8,3,True,8,0.6317791938781738,-0.011023998260498047,-0.16654847027686495,0.4710121154785156,0.19054388999938965,0.16000000000000003,0.6427736825329161,,,,
T1,L3b,100,8,4,True,8,0.6441340446472168,0.08848190307617188,-0.7222437842035202,0.5128059387207031,0.247528076171875,0.16000000000000003,0.4477414568636037,,,,
T1,L3b,100,8,5,True,8,0.45976805686950684,-0.009328007698059082,-1.4355255796125534,0.43901991844177246,0.21521902084350586,0.19999999999999996,0.557963986950495,,,,
T1,L3b,100,8,6,True,8,0.5493190288543701,-0.19317102432250977,-0.498299647750739,0.40018391609191895,0.292186975479126,0.19999999999999996,0.5614373417050168,,,,
T1,L3b,100,8,7,True,8,0.5972640514373779,-0.14656305313110352,-1.3722607305223846,0.408660888671875,0.11971902847290039,0.07999999999999996,0.41597291012436904,,,,
T1,L3b,100,8,8,True,8,0.3814390003681183,0.09173393249511719,0.23843847086379313,0.42615601420402527,0.26233601570129395,0.07999999999999996,0.5420643459305661,,,,
T1,L3b,100,8,9,True,8,0.5837010145187378,-0.029006004333496094,-0.08542797951109266,0.41964301466941833,0.2828180193901062,0.19999999999999996,0.5040725587037178,,,,
T1,L3b,100,8,10,False,8,0.37891799211502075,-0.2152479887008667,0.8913543273854392,0.47174501419067383,0.2562140226364136,0.16000000000000003,0.7793764124742927,,,,
T1,L3b,100,8,11,True,8,0.5734729766845703,-0.13945508003234863,0.6020136140769297,0.5280330181121826,0.2721872329711914,0.16000000000000003,0.3368674771339105,,,,
T1,L3b,100,8,12,True,8,0.41642093658447266,0.05706501007080078,1.222574266290967,0.5125230550765991,0.23530006408691406,0.040000000000000036,0.5762694933965992,,,,
T1,L3b,100,8,13,True,8,0.619547963142395,-0.01881396770477295,-0.16710038863205204,0.594884991645813,0.298380970954895,0.19999999999999996,0.5611295107226503,,,,
T1,L3b,100,8,14,False,8,0.41658496856689453,0.09769999980926514,0.31634552363409346,0.5510419607162476,0.28125202655792236,0.07999999999999996,0.6303828037129742,,,,
T1,L3b,100,8,15,True,8,0.4376809597015381,-0.01690196990966797,0.6800255736417854,0.5536119937896729,0.1383509635925293,0.07999999999999996,0.4024537485516746,,,,
T1,L3b,100,8,16,False,8,0.582423210144043,-0.09643793106079102,1.2669027651305966,0.48920583724975586,0.11632394790649414,0.16000000000000003,0.6887051266562492,,,,
T1,L3b,100,8,17,True,8,0.5666937828063965,-0.10193395614624023,-1.1918632025802796,0.4947361946105957,0.11246800422668457,0.07999999999999996,0.5102633823639819,,,,
T1,L3b,100,8,18,False,8,0.5731191635131836,0.13598394393920898,-1.5471658722268196,0.41978979110717773,0.11477494239807129,0.19999999999999996,0.5444924270506261,,,,
T1,L3b,100,8,19,False,8,0.48165178298950195,-0.21209406852722168,1.161875038607793,0.5920162200927734,0.18616199493408203,0.12,0.7934807432896119,,,,
T1,L3b,100,9,0,True,9,0.6461100578308105,-0.12410998344421387,0.7759314290494685,0.47116613388061523,0.11896705627441406,0.24,0.12001492433577944,,,,
T1,L3b,100,9,1,False,9,0.5220751762390137,-0.07635903358459473,-0.1003099975345117,0.49114418029785156,0.19234895706176758,0.16000000000000003,0.33830302183707767,,,,
T1,L3b,100,9,2,True,9,0.39034080505371094,-0.04277598857879639,0.2431101836174372,0.5329489707946777,0.10014796257019043,0.16000000000000003,0.31411643551236273,,,,
T1,L3b,100,9,3,True,9,0.5531520843505859,-0.13234710693359375,-1.0406081541320567,0.5000619888305664,0.29561519622802734,0.040000000000000036,0.39304412255899535,,,,
T1,L3b,100,9,4,True,9,0.433290958404541,-0.20294809341430664,1.1596295777077354,0.4508240222930908,0.18222403526306152,0.040000000000000036,0.7062280441008741,,,,
T1,L3b,100,9,5,False,9,0.5039710998535156,-0.21533405780792236,-0.15670630013406944,0.5926179885864258,0.13364696502685547,0.19999999999999996,0.24596033349218113,,,,
T1,L3b,100,9,6,True,9,0.6124749183654785,-0.09916996955871582,-1.1552479204048136,0.5886499881744385,0.16781604290008545,0.07999999999999996,0.44631158631187456,,,,
T1,L3b,100,9,7,True,9,0.5379838943481445,-0.24060797691345215,0.7210683234156237,0.5399019718170166,0.10996794700622559,0.12,0.20307078255047759,,,,
T1,L3b,100,9,8,True,9,0.6461210250854492,-0.04225492477416992,-0.9391313752106518,0.4197100102901459,0.28115391731262207,0.12,0.6630153097308605,,,,
T1,L3b,100,9,9,False,9,0.370388001203537,0.07954800128936768,1.3946853382211404,0.5845609903335571,0.2256380319595337,0.040000000000000036,0.5600753383324614,,,,
T1,L3b,100,9,10,True,9,0.5058509707450867,-0.16342496871948242,1.2185423626050351,0.49401000142097473,0.19394004344940186,0.12,0.9560338049962741,,,,
T1,L3b,100,9,11,True,9,0.5635910034179688,0.12205910682678223,-1.032547693851604,0.5124779939651489,0.29715394973754883,0.19999999999999996,0.1489040806249377,,,,
T1,L3b,100,9,12,True,9,0.47738194465637207,-0.04448390007019043,-0.6308255497896171,0.524757981300354,0.2695579528808594,0.07999999999999996,0.5958204964206196,,,,
T1,L3b,100,9,13,True,9,0.6120940446853638,-0.19890999794006348,-0.6533528209579244,0.5163179636001587,0.26990699768066406,0.24,0.09632786155549634,,,,
T1,L3b,100,9,14,True,9,0.3553309440612793,-0.2387690544128418,-1.1501838911843343,0.5337940454483032,0.23518705368041992,0.07999999999999996,0.5218119539099709,,,,
T1,L3b,100,9,15,True,9,0.5886080265045166,-0.24441194534301758,-0.8405204319928337,0.43773603439331055,0.26844310760498047,0.16000000000000003,0.38229413111170285,,,,
T1,L3b,100,9,16,False,9,0.5762500762939453,0.023973941802978516,1.5310372363090126,0.4908461570739746,0.2520740032196045,0.16000000000000003,0.26402387672253474,,,,
T1,L3b,100,9,17,False,9,0.47746706008911133,-0.23799395561218262,-0.05938070711467571,0.46176815032958984,0.16343605518341064,0.12,0.422094091170476,,,,
T1,L3b,100,9,18,False,9,0.5545639991760254,-0.18317794799804688,1.4445652307713712,0.539949893951416,0.29552197456359863,0.07999999999999996,0.5462396081830372,,,,
T1,L3b,100,9,19,True,9,0.42807912826538086,0.031491994857788086,-1.2249441474372353,0.566403865814209,0.14591193199157715,0.12,0.3454795711344372,,,,
T2,L1,400,0,0,False,-1,0.194317722320557,0.45377111434936523,0.24743682354649002,,,0.36,0.325536451937384,0.9000000000000004,0.0,0.0,
T2,L1,400,0,1,False,-1,0.2548049926757816,0.4977949857711792,0.5241742065268357,,,0.72,0.12331098325321943,0.9000000000000004,0.0,0.0,
T2,L1,400,0,2,False,-1,0.1820959091186527,0.5291240215301514,-0.7496354381811143,,,0.36,0.14579915025827397,0.9000000000000004,0.0,0.0,
T2,L1,400,0,3,False,-1,0.18484678268432653,0.3946962356567383,-0.36628195346265424,,,0.76,0.2547205654587989,0.9000000000000004,0.0,0.0,
T2,L1,400,0,4,False,-1,0.18768491744995108,0.49260902404785156,0.6796538224092066,,,0.64,0.42121681047210346,0.8999999999999999,0.0,0.0,
T2,L1,400,0,5,False,-1,0.1988247871398925,0.36877596378326416,-0.7012056595612965,,,0.96,0.7850883506648625,0.8999999999999999,0.0,0.0,
T2,L1,400,0,6,False,-1,0.25407400131225577,0.41867804527282715,-0.4094357426981283,,,0.31999999999999995,0.36644850141213636,0.8999999999999999,0.0,0.0,
T2,L1,400,0,7,False,-1,0.23527398109436026,0.4551057815551758,-0.5672758755507005,,,0.48,0.26449754812972776,0.8999999999999999,0.0,0.0,
T2,L1,400,0,8,False,-1,0.19382301867008211,0.40781211853027344,0.7095340074181251,,,0.72,0.30285025874958765,0.9,0.0,0.0,
T2,L1,400,0,9,False,-1,0.20225501954555514,0.4163130521774292,-0.39389956513500657,,,0.6,0.13105836644902882,0.9,0.0,0.0,
T2,L1,400,0,10,False,-1,0.2517710268497467,0.48682498931884766,-0.4976099678847683,,,0.6,0.406542516960075,0.9,0.0,0.0,
T2,L1,400,0,11,False,-1,0.1850490212440491,0.3970460891723633,0.4597133668860615,,,0.64,0.30684883545825253,0.9,0.0,0.0,
T2,L1,400,0,12,False,-1,0.2146038055419921,0.5217220783233643,0.5259097069863595,,,0.48,0.4875098059136795,0.8999999999999999,0.0,0.0,
T2,L1,400,0,13,False,-1,0.16661992073059073,0.5242739915847778,0.5490628171244181,,,0.52,0.2224288535066937,0.8999999999999999,0.0,0.0,
T2,L1,400,0,14,False,-1,0.16398181915283194,0.4758169651031494,-0.6377152153583494,,,0.72,0.2994251052658359,0.8999999999999999,0.0,0.0,
T2,L1,400,0,15,False,-1,0.17731680870056143,0.49529600143432617,0.04752248573258299,,,0.6799999999999999,0.11999655735170923,0.8999999999999999,0.0,0.0,
T2,L1,400,0,16,False,-1,0.2303446769714359,0.41704511642456055,-0.31270455962001453,,,0.4,0.02255730745563536,0.9000000000000004,0.0,0.0,
T2,L1,400,0,17,False,-1,0.2261637687683109,0.5191680192947388,-0.30195184261139285,,,0.6799999999999999,0.28018932279304215,0.9000000000000004,0.0,0.0,
T2,L1,400,0,18,False,-1,0.2481221199035648,0.3972799777984619,-0.20982881806177728,,,0.4,0.10621382085192162,0.9000000000000004,0.0,0.0,
T2,L1,400,0,19,False,-1,0.1831196784973148,0.5257019996643066,-0.7466836046002938,,,0.36,0.21562050796796228,0.9000000000000004,0.0,0.0,
T2,L1,400,1,0,False,-1,0.21729412078857457,0.45739316940307617,-0.16510151584624622,,,0.64,0.17742145237250662,0.9000000000000004,0.0,0.0,
T2,L1,400,1,1,False,-1,0.18241205215454137,0.38551998138427734,0.5747378595309504,,,0.6799999999999999,0.3481941421003285,0.9000000000000004,0.0,0.0,
T2,L1,400,1,2,False,-1,0.1714281082153324,0.5073568820953369,0.5496864906198374,,,0.6,0.16566266104378272,0.9000000000000004,0.0,0.0,
T2,L1,400,1,3,False,-1,0.17497577667236364,0.42671823501586914,0.017112201665746698,,,0.36,0.07936381668465052,0.9000000000000004,0.0,0.0,
T2,L1,400,1,4,False,-1,0.19336094856262198,0.4393801689147949,-0.15750279501153366,,,0.4,0.23913857707512098,0.8999999999999999,0.0,0.0,
T2,L1,400,1,5,False,-1,0.16753592491149893,0.4352719783782959,-0.1667170575026677,,,0.31999999999999995,0.30004286830170324,0.8999999999999999,0.0,0.0,
T2,L1,400,1,6,False,-1,0.24620094299316397,0.47906994819641113,-0.3527845265882391,,,0.6799999999999999,0.3405527858756263,0.8999999999999999,0.0,0.0,
T2,L1,400,1,7,False,-1,0.18818392753601065,0.4483060836791992,0.7326613794351938,,,0.6799999999999999,0.3449372066143925,0.8999999999999999,0.0,0.0,
T2,L1,400,1,8,False,-1,0.18952302038669588,0.4814028739929199,-0.24982527554041709,,,0.4,0.2017972212363781,0.9,0.0,0.0,
T2,L1,400,1,9,False,-1,0.23000902831554415,0.4239000082015991,0.17798488481478117,,,0.19999999999999996,0.19210181917923702,0.9,0.0,0.0,
T2,L1,400,1,10,False,-1,0.19022702574729922,0.4055670499801636,0.09390250201734245,,,0.28,0.14616780175758495,0.9,0.0,0.0,
T2,L1,400,1,11,True,-1,0.21087502837181094,0.5242757797241211,-0.26944441704221134,,,0.64,0.27862742365184373,0.9,0.0,0.0,
T2,L1,400,1,12,False,-1,0.22071590423583975,0.4951591491699219,0.2612219413230898,,,0.24,0.14584193072779988,0.8999999999999999,0.0,0.0,
T2,L1,400,1,13,False,-1,0.20676698684692374,0.4058239459991455,-0.24582658794807108,,,0.36,0.16338645906377558,0.8999999999999999,0.0,0.0,
T2,L1,400,1,14,False,-1,0.1715599536895751,0.500485897064209,0.10389472250154395,,,0.6,0.10758063208806075,0.8999999999999999,0.0,0.0,
T2,L1,400,1,15,True,-1,0.2172888755798339,0.4481501579284668,-0.1648645981319725,,,0.56,0.3260938253331418,0.8999999999999999,0.0,0.0,
T2,L1,400,1,16,False,-1,0.21106090545654332,0.4170951843261719,0.3938201099598278,,,0.24,0.1668369565850311,0.9000000000000004,0.0,0.0,
T2,L1,400,1,17,False,-1,0.17561378479003942,0.40416598320007324,-0.6380566608904196,,,0.96,0.7262721957743445,0.9000000000000004,0.0,0.0,
T2,L1,400,1,18,True,-1,0.17098369598388707,0.4796450138092041,-0.5531634563651477,,,0.52,0.2167843026534872,0.9000000000000004,0.0,0.0,
T2,L1,400,1,19,True,-1,0.1913436889648441,0.3975820541381836,-0.37215578682875794,,,0.76,0.2602977862719594,0.9000000000000004,0.0,0.0,
T2,L1,400,2,0,False,-1,0.25647583007812536,0.3790750503540039,0.38407027595976906,,,0.56,0.32833805390677817,0.9000000000000004,0.0,0.0,
T2,L1,400,2,1,True,-1,0.21571769714355504,0.513401985168457,-0.7427004243514954,,,0.4,0.2611630527503936,0.9000000000000004,0.0,0.0,
T2,L1,400,2,2,False,-1,0.2324956893920902,0.41061294078826904,-0.20361757565072736,,,0.4,0.2573772188146092,0.9000000000000004,0.0,0.0,
T2,L1,400,2,3,False,-1,0.1704701423645023,0.45358991622924805,-0.14029104520098581,,,0.6,0.2935433585423371,0.9000000000000004,0.0,0.0,
T2,L1,400,2,4,False,-1,0.2438539505004882,0.4996180534362793,0.5896468491016633,,,0.72,0.2676604121754053,0.8999999999999999,0.0,0.0,
T2,L1,400,2,5,False,-1,0.18948378562927237,0.523838996887207,0.3735787566207785,,,0.56,0.20649469860108535,0.8999999999999999,0.0,0.0,
T2,L1,400,2,6,False,-1,0.18197383880615225,0.4912680387496948,0.0006640000407495807,,,0.6799999999999999,0.30857058402342685,0.8999999999999999,0.0,0.0,
T2,L1,400,2,7,False,-1,0.1678339481353759,0.5225062370300293,-0.1261576220786134,,,0.6,0.1699441902274727,0.8999999999999999,0.0,0.0,
T2,L1,400,2,8,False,-1,0.22581701874732973,0.4395880699157715,0.293658017730538,,,0.19999999999999996,0.36062312258033086,0.9,0.0,0.0,
T2,L1,400,2,9,False,-1,0.19812201857566836,0.44560301303863525,0.23547568073934988,,,0.28,0.26877822576972704,0.9,0.0,0.0,
T2,L1,400,2,10,True,-1,0.1915250211954117,0.4540560245513916,-0.1281516993641351,,,0.36,0.0782697053229085,0.9,0.0,0.0,
T2,L1,400,2,11,True,-1,0.21462602317333224,0.5103368759155273,0.09086925883756725,,,0.43999999999999995,0.2934169648354409,0.9,0.0,0.0,
T2,L1,400,2,12,False,-1,0.22915401458740225,0.5092520713806152,-0.5423837163374716,,,0.56,0.24955609817714397,0.8999999999999999,0.0,0.0,
T2,L1,400,2,13,False,-1,0.20792689323425284,0.38884103298187256,-0.20930994748833817,,,0.4,0.11548065579519687,0.8999999999999999,0.0,0.0,
T2,L1,400,2,14,False,-1,0.18712582588195792,0.39465200901031494,-0.7800941828750277,,,1.0,0.9731280387149004,0.8999999999999999,0.0,0.0,
T2,L1,400,2,15,True,-1,0.17322888374328604,0.45340394973754883,0.21234064802136934,,,0.43999999999999995,0.10646498503303253,0.8999999999999999,0.0,0.0,
T2,L1,400,2,16,False,-1,0.24167003631591832,0.4313030242919922,-0.060877411859384715,,,0.43999999999999995,0.21112933839404355,0.9000000000000004,0.0,0.0,
T2,L1,400,2,17,False,-1,0.20621194839477575,0.4805539846420288,0.5926072811503521,,,0.64,0.29707534074077,0.9000000000000004,0.0,0.0,
T2,L1,400,2,18,True,-1,0.1718877792358402,0.47062695026397705,-0.19600366846652437,,,0.64,0.2688707526843339,0.9000000000000004,0.0,0.0,
T2,L1,400,2,19,True,-1,0.16930189132690465,0.5233001708984375,-0.7202944122124364,,,0.4,0.1674022785501006,0.9000000000000004,0.0,0.0,
T2,L1,400,3,0,True,-1,0.21132888793945348,0.5230228900909424,0.7134666665855608,,,0.76,0.7452947320571583,0.9000000000000004,0.0,0.0,
T2,L1,400,3,1,True,-1,0.189953708648682,0.4478110074996948,0.15623881607162668,,,0.48,0.18735448662866755,0.9000000000000004,0.0,0.0,
T2,L1,400,3,2,False,-1,0.21467580795288121,0.5282440185546875,-0.7121135783700837,,,0.52,0.282478509368873,0.9000000000000004,0.0,0.0,
T2,L1,400,3,3,False,-1,0.17567577362060582,0.508793830871582,-0.539206557910885,,,0.36,0.15285789975620048,0.9000000000000004,0.0,0.0,
T2,L1,400,3,4,True,-1,0.23229398727416983,0.5240330696105957,-0.7543512677365285,,,0.43999999999999995,0.3713670874037138,0.8999999999999999,0.0,0.0,
T2,L1,400,3,5,False,-1,0.19086589813232413,0.5078380107879639,0.007742015318082176,,,0.6,0.28357096521753894,0.8999999999999999,0.0,0.0,
T2,L1,400,3,6,False,-1,0.19899787902832022,0.5316081047058105,-0.7187412633898093,,,0.4,0.23324655690380164,0.8999999999999999,0.0,0.0,
T2,L1,400,3,7,False,-1,0.2590228557586669,0.4907498359680176,0.349256310439507,,,0.76,0.4194155458709549,0.8999999999999999,0.0,0.0,
T2,L1,400,3,8,False,-1,0.23477702736854555,0.4170842170715332,-0.3621537549692187,,,0.4,0.19712004904525066,0.9,0.0,0.0,
T2,L1,400,3,9,False,-1,0.21383801996707918,0.4429689645767212,-0.2532259629001612,,,0.52,0.3823247340413144,0.9,0.0,0.0,
T2,L1,400,3,10,True,-1,0.1895770221948624,0.36969101428985596,0.13639968120371762,,,0.31999999999999995,0.3834937422849088,0.9,0.0,0.0,
T2,L1,400,3,11,True,-1,0.18649902343750002,0.3761601448059082,0.7807949668485585,,,0.72,0.5616702251179694,0.9,0.0,0.0,
T2,L1,400,3,12,False,-1,0.2006877899169921,0.45325803756713867,0.0936101893035868,,,0.43999999999999995,0.39115661267137813,0.8999999999999999,0.0,0.0,
T2,L1,400,3,13,False,-1,0.16854801177978507,0.3646659851074219,-0.11063437303210771,,,0.6,0.336116969677608,0.8999999999999999,0.0,0.0,
T2,L1,400,3,14,False,-1,0.25127997398376456,0.5327939987182617,0.7345853909468996,,,0.64,0.555165598854364,0.8999999999999999,0.0,0.0,
T2,L1,400,3,15,True,-1,0.22746100425720206,0.5242137908935547,-0.5787851805565151,,,0.56,0.11754069824178222,0.8999999999999999,0.0,0.0,
T2,L1,400,3,16,False,-1,0.2441829681396488,0.50860595703125,-0.6668452231436037,,,0.52,0.22313688490788922,0.9000000000000004,0.0,0.0,
T2,L1,400,3,17,False,-1,0.2527736663818363,0.4117189645767212,-0.719037805940667,,,0.72,0.4043948503643304,0.9000000000000004,0.0,0.0,
T2,L1,400,3,18,False,-1,0.2216300010681156,0.4733619689941406,-0.20732312332407551,,,0.6,0.2694192961680502,0.9000000000000004,0.0,0.0,
T2,L1,400,3,19,False,-1,0.2247270584106449,0.45019006729125977,-0.15581965748760146,,,0.6,0.3781203120397962,0.9000000000000004,0.0,0.0,
T2,L1,400,4,0,True,-1,0.1666096687316898,0.37507009506225586,-0.491846725386271,,,0.92,0.4370202733900007,0.9000000000000004,0.0,0.0,
T2,L1,400,4,1,True,-1,0.1715201377868656,0.5254250168800354,-0.7770939625516609,,,0.4,0.13667291937557063,0.9000000000000004,0.0,0.0,
T2,L1,400,4,2,False,-1,0.20349588394165075,0.43609094619750977,-0.24173812505653594,,,0.36,0.16111807196806538,0.9000000000000004,0.0,0.0,
T2,L1,400,4,3,False,-1,0.25701179504394567,0.4104142189025879,0.14234610528708933,,,0.36,0.2634325313017612,0.9000000000000004,0.0,0.0,
T2,L1,400,4,4,True,-1,0.1931058406829833,0.4423189163208008,-0.465225974048188,,,0.6799999999999999,0.3501134802144785,0.8999999999999999,0.0,0.0,
T2,L1,400,4,5,False,-1,0.1667999267578124,0.3811609745025635,-0.10034011395575236,,,0.6,0.2374253017152958,0.8999999999999999,0.0,0.0,
T2,L1,400,4,6,False,-1,0.24248399734497061,0.407634973526001,0.6736242478490869,,,0.8,0.48745269513665196,0.8999999999999999,0.0,0.0,
T2,L1,400,4,7,False,-1,0.24444284439086905,0.4803280830383301,0.20063627843842038,,,0.56,0.27933308541583474,0.8999999999999999,0.0,0.0,
T2,L1,400,4,8,False,-1,0.21552802026271822,0.4905557632446289,0.7707895378335189,,,0.88,0.6858253568766944,0.9,0.0,0.0,
T2,L1,400,4,9,False,-1,0.256734037399292,0.47551095485687256,0.09668969665262198,,,0.6,0.35232968627693656,0.9,0.0,0.0,
T2,L1,400,4,10,True,-1,0.19886701703071596,0.4829599857330322,-0.10883774714022078,,,0.48,0.22003219668815688,0.9,0.0,0.0,
T2,L1,400,4,11,True,-1,0.2348040282726288,0.45819997787475586,-0.04073082920203612,,,0.56,0.47556705939278154,0.9,0.0,0.0,
T2,L1,400,4,12,False,-1,0.17145481109619132,0.40783214569091797,-0.36360172537530794,,,0.72,0.32403481921072746,0.8999999999999999,0.0,0.0,
T2,L1,400,4,13,False,-1,0.1675318717956542,0.41483795642852783,0.7611686899916755,,,0.72,0.3635862457908177,0.8999999999999999,0.0,0.0,
T2,L1,400,4,14,False,-1,0.20830597877502433,0.36357200145721436,0.3735826009353741,,,0.36,0.17742527781400527,0.8999999999999999,0.0,0.0,
T2,L1,400,4,15,True,-1,0.19521679878234854,0.4826540946960449,0.39588224825850854,,,0.31999999999999995,0.07256691590927143,0.8999999999999999,0.0,0.0,
T2,L1,400,4,16,False,-1,0.22536077499389684,0.4058980941772461,0.5129467541547907,,,0.64,0.16761163479828423,0.9000000000000004,0.0,0.0,
T2,L1,400,4,17,True,-1,0.1827677726745609,0.42226600646972656,-0.49081172835647086,,,0.88,0.6015467828733425,0.9000000000000004,0.0,0.0,
T2,L1,400,4,18,False,-1,0.21085109710693395,0.5088438987731934,0.26919600301707564,,,0.28,0.17743652482349234,0.9000000000000004,0.0,0.0,
T2,L1,400,4,19,False,-1,0.2202137947082523,0.48096609115600586,-0.03679208174078623,,,0.6,0.21563762684988982,0.9000000000000004,0.0,0.0,
T2,L1,100,0,0,False,-1,0.194317722320557,0.45377111434936523,0.24743682354649002,,,0.36,0.4479252580268548,0.9000000000000004,0.0,0.0,
T2,L1,100,0,1,False,-1,0.2548049926757816,0.4977949857711792,0.5241742065268357,,,0.72,0.4728832339020109,0.9000000000000004,0.0,0.0,
T2,L1,100,0,2,True,-1,0.1820959091186527,0.5291240215301514,-0.7496354381811143,,,0.36,0.30137311673922484,0.9000000000000004,0.0,0.0,
T2,L1,100,0,3,True,-1,0.18484678268432653,0.3946962356567383,-0.36628195346265424,,,0.76,0.4753628362312927,0.9000000000000004,0.0,0.0,
T2,L1,100,0,4,False,-1,0.18768491744995108,0.49260902404785156,0.6796538224092066,,,0.64,0.4516561195404977,0.8999999999999999,0.0,0.0,
T2,L1,100,0,5,False,-1,0.1988247871398925,0.36877596378326416,-0.7012056595612965,,,0.96,0.7850883506648625,0.8999999999999999,0.0,0.0,
T2,L1,100,0,6,False,-1,0.25407400131225577,0.41867804527282715,-0.4094357426981283,,,0.31999999999999995,0.49484147161077596,0.8999999999999999,0.0,0.0,
T2,L1,100,0,7,False,-1,0.23527398109436026,0.4551057815551758,-0.5672758755507005,,,0.48,0.5738411735717888,0.8999999999999999,0.0,0.0,
T2,L1,100,0,8,False,-1,0.19382301867008211,0.40781211853027344,0.7095340074181251,,,0.72,0.30285025874958765,0.9,0.0,0.0,
T2,L1,100,0,9,True,-1,0.20225501954555514,0.4163130521774292,-0.39389956513500657,,,0.6,0.4387084847325026,0.9,0.0,0.0,
T2,L1,100,0,10,False,-1,0.2517710268497467,0.48682498931884766,-0.4976099678847683,,,0.6,0.5478411468224176,0.9,0.0,0.0,
T2,L1,100,0,11,False,-1,0.1850490212440491,0.3970460891723633,0.4597133668860615,,,0.64,0.45277183863266524,0.9,0.0,0.0,
T2,L1,100,0,12,False,-1,0.2146038055419921,0.5217220783233643,0.5259097069863595,,,0.48,0.6982566312307881,0.8999999999999999,0.0,0.0,
T2,L1,100,0,13,False,-1,0.16661992073059073,0.5242739915847778,0.5490628171244181,,,0.52,0.3920837437555989,0.8999999999999999,0.0,0.0,
T2,L1,100,0,14,False,-1,0.16398181915283194,0.4758169651031494,-0.6377152153583494,,,0.72,0.43785464766014487,0.8999999999999999,0.0,0.0,
T2,L1,100,0,15,False,-1,0.17731680870056143,0.49529600143432617,0.04752248573258299,,,0.6799999999999999,0.48735019113142825,0.8999999999999999,0.0,0.0,
T2,L1,100,0,16,False,-1,0.2303446769714359,0.41704511642456055,-0.31270455962001453,,,0.4,0.295773591881398,0.9000000000000004,0.0,0.0,
T2,L1,100,0,17,False,-1,0.2261637687683109,0.5191680192947388,-0.30195184261139285,,,0.6799999999999999,0.43214132623215146,0.9000000000000004,0.0,0.0,
T2,L1,100,0,18,False,-1,0.2481221199035648,0.3972799777984619,-0.20982881806177728,,,0.4,0.3386742263237628,0.9000000000000004,0.0,0.0,
T2,L1,100,0,19,False,-1,0.1831196784973148,0.5257019996643066,-0.7466836046002938,,,0.36,0.32136481097038133,0.9000000000000004,0.0,0.0,
T2,L1,100,1,0,False,-1,0.21729412078857457,0.45739316940307617,-0.16510151584624622,,,0.64,0.23654275496320493,0.9000000000000004,0.0,0.0,
T2,L1,100,1,1,False,-1,0.18241205215454137,0.38551998138427734,0.5747378595309504,,,0.6799999999999999,0.6143772171447618,0.9000000000000004,0.0,0.0,
T2,L1,100,1,2,True,-1,0.1714281082153324,0.5073568820953369,0.5496864906198374,,,0.6,0.2607080254978366,0.9000000000000004,0.0,0.0,
T2,L1,100,1,3,True,-1,0.17497577667236364,0.42671823501586914,0.017112201665746698,,,0.36,0.22735307476471908,0.9000000000000004,0.0,0.0,
T2,L1,100,1,4,True,-1,0.19336094856262198,0.4393801689147949,-0.15750279501153366,,,0.4,0.3273172200580432,0.8999999999999999,0.0,0.0,
T2,L1,100,1,5,False,-1,0.16753592491149893,0.4352719783782959,-0.1667170575026677,,,0.31999999999999995,0.30004286830170324,0.8999999999999999,0.0,0.0,
T2,L1,100,1,6,False,-1,0.24620094299316397,0.47906994819641113,-0.3527845265882391,,,0.6799999999999999,0.4764859454697457,0.8999999999999999,0.0,0.0,
T2,L1,100,1,7,False,-1,0.18818392753601065,0.4483060836791992,0.7326613794351938,,,0.6799999999999999,0.3449372066143925,0.8999999999999999,0.0,0.0,
T2,L1,100,1,8,False,-1,0.18952302038669588,0.4814028739929199,-0.24982527554041709,,,0.4,0.2017972212363781,0.9,0.0,0.0,
T2,L1,100,1,9,True,-1,0.23000902831554415,0.4239000082015991,0.17798488481478117,,,0.19999999999999996,0.19210181917923702,0.9,0.0,0.0,
T2,L1,100,1,10,True,-1,0.19022702574729922,0.4055670499801636,0.09390250201734245,,,0.28,0.14616780175758495,0.9,0.0,0.0,
T2,L1,100,1,11,False,-1,0.21087502837181094,0.5242757797241211,-0.26944441704221134,,,0.64,0.27862742365184373,0.9,0.0,0.0,
T2,L1,100,1,12,False,-1,0.22071590423583975,0.4951591491699219,0.2612219413230898,,,0.24,0.1677154975154721,0.8999999999999999,0.0,0.0,
T2,L1,100,1,13,False,-1,0.20676698684692374,0.4058239459991455,-0.24582658794807108,,,0.36,0.16338645906377558,0.8999999999999999,0.0,0.0,
T2,L1,100,1,14,False,-1,0.1715599536895751,0.500485897064209,0.10389472250154395,,,0.6,0.5193304941967053,0.8999999999999999,0.0,0.0,
T2,L1,100,1,15,True,-1,0.2172888755798339,0.4481501579284668,-0.1648645981319725,,,0.56,0.3877590916373258,0.8999999999999999,0.0,0.0,
T2,L1,100,1,16,False,-1,0.21106090545654332,0.4170951843261719,0.3938201099598278,,,0.24,0.38109683484736867,0.9000000000000004,0.0,0.0,
T2,L1,100,1,17,False,-1,0.17561378479003942,0.40416598320007324,-0.6380566608904196,,,0.96,0.8366292664866961,0.9000000000000004,0.0,0.0,
T2,L1,100,1,18,False,-1,0.17098369598388707,0.4796450138092041,-0.5531634563651477,,,0.52,0.31829002550328434,0.9000000000000004,0.0,0.0,
T2,L1,100,1,19,False,-1,0.1913436889648441,0.3975820541381836,-0.37215578682875794,,,0.76,0.6151476095015306,0.9000000000000004,0.0,0.0,
T2,L1,100,2,0,False,-1,0.25647583007812536,0.3790750503540039,0.38407027595976906,,,0.56,0.32833805390677817,0.9000000000000004,0.0,0.0,
T2,L1,100,2,1,False,-1,0.21571769714355504,0.513401985168457,-0.7427004243514954,,,0.4,0.5120187921868996,0.9000000000000004,0.0,0.0,
T2,L1,100,2,2,False,-1,0.2324956893920902,0.41061294078826904,-0.20361757565072736,,,0.4,0.2573772188146092,0.9000000000000004,0.0,0.0,
T2,L1,100,2,3,True,-1,0.1704701423645023,0.45358991622924805,-0.14029104520098581,,,0.6,0.3978166388001164,0.9000000000000004,0.0,0.0,
T2,L1,100,2,4,True,-1,0.2438539505004882,0.4996180534362793,0.5896468491016633,,,0.72,0.2676604121754053,0.8999999999999999,0.0,0.0,
T2,L1,100,2,5,False,-1,0.18948378562927237,0.523838996887207,0.3735787566207785,,,0.56,0.20649469860108535,0.8999999999999999,0.0,0.0,
T2,L1,100,2,6,False,-1,0.18197383880615225,0.4912680387496948,0.0006640000407495807,,,0.6799999999999999,0.45296205826957886,0.8999999999999999,0.0,0.0,
T2,L1,100,2,7,True,-1,0.1678339481353759,0.5225062370300293,-0.1261576220786134,,,0.6,0.17270399012884644,0.8999999999999999,0.0,0.0,
T2,L1,100,2,8,False,-1,0.22581701874732973,0.4395880699157715,0.293658017730538,,,0.19999999999999996,0.41311284556380945,0.9,0.0,0.0,
T2,L1,100,2,9,True,-1,0.19812201857566836,0.44560301303863525,0.23547568073934988,,,0.28,0.26877822576972704,0.9,0.0,0.0,
T2,L1,100,2,10,True,-1,0.1915250211954117,0.4540560245513916,-0.1281516993641351,,,0.36,0.0782697053229085,0.9,0.0,0.0,
T2,L1,100,2,11,False,-1,0.21462602317333224,0.5103368759155273,0.09086925883756725,,,0.43999999999999995,0.4580175052998009,0.9,0.0,0.0,
T2,L1,100,2,12,False,-1,0.22915401458740225,0.5092520713806152,-0.5423837163374716,,,0.56,0.3999052241368152,0.8999999999999999,0.0,0.0,
T2,L1,100,2,13,False,-1,0.20792689323425284,0.38884103298187256,-0.20930994748833817,,,0.4,0.37785527888851683,0.8999999999999999,0.0,0.0,
T2,L1,100,2,14,False,-1,0.18712582588195792,0.39465200901031494,-0.7800941828750277,,,1.0,1.2746710577191631,0.8999999999999999,0.0,0.0,
T2,L1,100,2,15,True,-1,0.17322888374328604,0.45340394973754883,0.21234064802136934,,,0.43999999999999995,0.6193735746134725,0.8999999999999999,0.0,0.0,
T2,L1,100,2,16,False,-1,0.24167003631591832,0.4313030242919922,-0.060877411859384715,,,0.43999999999999995,0.4100644258091028,0.9000000000000004,0.0,0.0,
T2,L1,100,2,17,True,-1,0.20621194839477575,0.4805539846420288,0.5926072811503521,,,0.64,0.6452327847222107,0.9000000000000004,0.0,0.0,
T2,L1,100,2,18,False,-1,0.1718877792358402,0.47062695026397705,-0.19600366846652437,,,0.64,0.45257485788981855,0.9000000000000004,0.0,0.0,
T2,L1,100,2,19,True,-1,0.16930189132690465,0.5233001708984375,-0.7202944122124364,,,0.4,0.1674022785501006,0.9000000000000004,0.0,0.0,
T2,L1,100,3,0,False,-1,0.21132888793945348,0.5230228900909424,0.7134666665855608,,,0.76,0.9725364392817812,0.9000000000000004,0.0,0.0,
T2,L1,100,3,1,False,-1,0.189953708648682,0.4478110074996948,0.15623881607162668,,,0.48,0.18735448662866755,0.9000000000000004,0.0,0.0,
T2,L1,100,3,2,False,-1,0.21467580795288121,0.5282440185546875,-0.7121135783700837,,,0.52,0.282478509368873,0.9000000000000004,0.0,0.0,
T2,L1,100,3,3,True,-1,0.17567577362060582,0.508793830871582,-0.539206557910885,,,0.36,0.15285789975620048,0.9000000000000004,0.0,0.0,
T2,L1,100,3,4,True,-1,0.23229398727416983,0.5240330696105957,-0.7543512677365285,,,0.43999999999999995,0.4875783519171465,0.8999999999999999,0.0,0.0,
T2,L1,100,3,5,False,-1,0.19086589813232413,0.5078380107879639,0.007742015318082176,,,0.6,0.4084701357301667,0.8999999999999999,0.0,0.0,
T2,L1,100,3,6,False,-1,0.19899787902832022,0.5316081047058105,-0.7187412633898093,,,0.4,0.5088581514692381,0.8999999999999999,0.0,0.0,
T2,L1,100,3,7,True,-1,0.2590228557586669,0.4907498359680176,0.349256310439507,,,0.76,0.7086684511541815,0.8999999999999999,0.0,0.0,
T2,L1,100,3,8,False,-1,0.23477702736854555,0.4170842170715332,-0.3621537549692187,,,0.4,0.4006524185996266,0.9,0.0,0.0,
T2,L1,100,3,9,False,-1,0.21383801996707918,0.4429689645767212,-0.2532259629001612,,,0.52,0.4141777128236468,0.9,0.0,0.0,
T2,L1,100,3,10,False,-1,0.1895770221948624,0.36969101428985596,0.13639968120371762,,,0.31999999999999995,0.423741000940084,0.9,0.0,0.0,
T2,L1,100,3,11,True,-1,0.18649902343750002,0.3761601448059082,0.7807949668485585,,,0.72,0.7717246446580104,0.9,0.0,0.0,
T2,L1,100,3,12,False,-1,0.2006877899169921,0.45325803756713867,0.0936101893035868,,,0.43999999999999995,0.42998219898453244,0.8999999999999999,0.0,0.0,
T2,L1,100,3,13,False,-1,0.16854801177978507,0.3646659851074219,-0.11063437303210771,,,0.6,0.5745413528769099,0.8999999999999999,0.0,0.0,
T2,L1,100,3,14,False,-1,0.25127997398376456,0.5327939987182617,0.7345853909468996,,,0.64,0.6130085149465029,0.8999999999999999,0.0,0.0,
T2,L1,100,3,15,False,-1,0.22746100425720206,0.5242137908935547,-0.5787851805565151,,,0.56,0.40425467335340864,0.8999999999999999,0.0,0.0,
T2,L1,100,3,16,False,-1,0.2441829681396488,0.50860595703125,-0.6668452231436037,,,0.52,0.22313688490788922,0.9000000000000004,0.0,0.0,
T2,L1,100,3,17,True,-1,0.2527736663818363,0.4117189645767212,-0.719037805940667,,,0.72,0.7820860472475657,0.9000000000000004,0.0,0.0,
T2,L1,100,3,18,False,-1,0.2216300010681156,0.4733619689941406,-0.20732312332407551,,,0.6,0.2694192961680502,0.9000000000000004,0.0,0.0,
T2,L1,100,3,19,True,-1,0.2247270584106449,0.45019006729125977,-0.15581965748760146,,,0.6,0.3781203120397962,0.9000000000000004,0.0,0.0,
T2,L1,100,4,0,True,-1,0.1666096687316898,0.37507009506225586,-0.491846725386271,,,0.92,0.7978197143885293,0.9000000000000004,0.0,0.0,
T2,L1,100,4,1,False,-1,0.1715201377868656,0.5254250168800354,-0.7770939625516609,,,0.4,0.13667291937557063,0.9000000000000004,0.0,0.0,
T2,L1,100,4,2,False,-1,0.20349588394165075,0.43609094619750977,-0.24173812505653594,,,0.36,0.16111807196806538,0.9000000000000004,0.0,0.0,
T2,L1,100,4,3,True,-1,0.25701179504394567,0.4104142189025879,0.14234610528708933,,,0.36,0.6516915968413899,0.9000000000000004,0.0,0.0,
T2,L1,100,4,4,True,-1,0.1931058406829833,0.4423189163208008,-0.465225974048188,,,0.6799999999999999,0.5837571429759695,0.8999999999999999,0.0,0.0,
T2,L1,100,4,5,True,-1,0.1667999267578124,0.3811609745025635,-0.10034011395575236,,,0.6,0.4461677532433419,0.8999999999999999,0.0,0.0,
T2,L1,100,4,6,False,-1,0.24248399734497061,0.407634973526001,0.6736242478490869,,,0.8,0.8384043595620284,0.8999999999999999,0.0,0.0,
T2,L1,100,4,7,False,-1,0.24444284439086905,0.4803280830383301,0.20063627843842038,,,0.56,0.5112937457237785,0.8999999999999999,0.0,0.0,
T2,L1,100,4,8,True,-1,0.21552802026271822,0.4905557632446289,0.7707895378335189,,,0.88,0.7103767342586457,0.9,0.0,0.0,
T2,L1,100,4,9,False,-1,0.256734037399292,0.47551095485687256,0.09668969665262198,,,0.6,0.35232968627693656,0.9,0.0,0.0,
T2,L1,100,4,10,False,-1,0.19886701703071596,0.4829599857330322,-0.10883774714022078,,,0.48,0.4107402383908424,0.9,0.0,0.0,
T2,L1,100,4,11,True,-1,0.2348040282726288,0.45819997787475586,-0.04073082920203612,,,0.56,0.5684900790357476,0.9,0.0,0.0,
T2,L1,100,4,12,False,-1,0.17145481109619132,0.40783214569091797,-0.36360172537530794,,,0.72,0.3588104907989953,0.8999999999999999,0.0,0.0,
T2,L1,100,4,13,False,-1,0.1675318717956542,0.41483795642852783,0.7611686899916755,,,0.72,0.6018021234074931,0.8999999999999999,0.0,0.0,
T2,L1,100,4,14,False,-1,0.20830597877502433,0.36357200145721436,0.3735826009353741,,,0.36,0.5937414402069595,0.8999999999999999,0.0,0.0,
T2,L1,100,4,15,True,-1,0.19521679878234854,0.4826540946960449,0.39588224825850854,,,0.31999999999999995,0.37897442031287903,0.8999999999999999,0.0,0.0,
T2,L1,100,4,16,False,-1,0.22536077499389684,0.4058980941772461,0.5129467541547907,,,0.64,0.16761163479828423,0.9000000000000004,0.0,0.0,
T2,L1,100,4,17,False,-1,0.1827677726745609,0.42226600646972656,-0.49081172835647086,,,0.88,0.6835456498700945,0.9000000000000004,0.0,0.0,
T2,L1,100,4,18,False,-1,0.21085109710693395,0.5088438987731934,0.26919600301707564,,,0.28,0.3011353766187529,0.9000000000000004,0.0,0.0,
T2,L1,100,4,19,False,-1,0.2202137947082523,0.48096609115600586,-0.03679208174078623,,,0.6,0.31412232727047285,0.9000000000000004,0.0,0.0,
T2,L2,400,0,0,True,-1,0.194317722320557,0.45377111434936523,0.24743682354649002,,,0.8,0.32676000625474566,0.8733071327209476,0.03396177291870117,0.0012879993163412706,
T2,L2,400,0,1,False,-1,0.2548049926757816,0.4977949857711792,0.5241742065268357,,,0.88,0.2999426663217952,0.9083780288696293,-0.05678105354309082,-0.05239996607094444,
T2,L2,400,0,2,False,-1,0.1820959091186527,0.5291240215301514,-0.7496354381811143,,,0.19999999999999996,0.14647648685813486,0.9179800987243656,-0.05533802509307861,0.07824591685981996,
T2,L2,400,0,3,False,-1,0.18484678268432653,0.3946962356567383,-0.36628195346265424,,,0.76,0.3039308614247023,0.8848160743713382,-0.038105010986328125,-0.12393118949602488,
T2,L2,400,0,4,False,-1,0.18768491744995108,0.49260902404785156,0.6796538224092066,,,0.96,0.5079433787359483,0.8590749740600585,0.0014190673828125,-0.06453727945684751,
T2,L2,400,0,5,False,-1,0.1988247871398925,0.36877596378326416,-0.7012056595612965,,,0.84,0.31907196003634736,0.8920518398284911,-0.026747941970825195,-0.06884950192368855,
T2,L2,400,0,6,False,-1,0.25407400131225577,0.41867804527282715,-0.4094357426981283,,,0.72,0.2399688883637759,0.8757609367370605,0.03318798542022705,0.0033439977849667457,
T2,L2,400,0,7,False,-1,0.23527398109436026,0.4551057815551758,-0.5672758755507005,,,0.56,0.2657692100271835,0.8742639064788817,-0.013528823852539062,0.10805055013560505,
T2,L2,400,0,8,False,-1,0.19382301867008211,0.40781211853027344,0.7095340074181251,,,0.84,0.2063513808872213,0.9136300325393677,-0.004003047943115234,-0.0016019986043520618,
T2,L2,400,0,9,True,-1,0.20225501954555514,0.4163130521774292,-0.39389956513500657,,,0.64,0.10507776212653207,0.917952024936676,-0.02113795280456543,0.01259009161992708,
T2,L2,400,0,10,True,-1,0.2517710268497467,0.48682498931884766,-0.4976099678847683,,,0.4,0.17107917936754122,0.8800350069999695,0.04752194881439209,0.0882627447794384,
T2,L2,400,0,11,False,-1,0.1850490212440491,0.3970460891723633,0.4597133668860615,,,0.88,0.38639334387875196,0.8677280187606812,0.05684614181518555,0.10784840063079493,
T2,L2,400,0,12,False,-1,0.2146038055419921,0.5217220783233643,0.5259097069863595,,,0.84,0.5082670005722327,0.9275409221649169,0.059906959533691406,0.08542596016335491,
T2,L2,400,0,13,False,-1,0.16661992073059073,0.5242739915847778,0.5490628171244181,,,0.84,0.22184509389174256,0.9265929698944091,0.01820194721221924,0.09343397377933904,
T2,L2,400,0,14,True,-1,0.16398181915283194,0.4758169651031494,-0.6377152153583494,,,0.52,0.1506189899125361,0.8669899940490722,-0.032438039779663086,-0.05650151116376945,
T2,L2,400,0,15,False,-1,0.17731680870056143,0.49529600143432617,0.04752248573258299,,,0.64,0.11997479371330577,0.9079519748687743,0.02866220474243164,-0.04005673009949806,
T2,L2,400,0,16,True,-1,0.2303446769714359,0.41704511642456055,-0.31270455962001453,,,0.76,0.328595050178013,0.8536938667297367,-0.023221969604492188,-0.0013179992610088398,
T2,L2,400,0,17,False,-1,0.2261637687683109,0.5191680192947388,-0.30195184261139285,,,0.6799999999999999,0.1768014585639569,0.8834737777709964,0.047047972679138184,0.01981032076498135,
T2,L2,400,0,18,False,-1,0.2481221199035648,0.3972799777984619,-0.20982881806177728,,,0.76,0.25820002711543577,0.9187320709228519,0.03884398937225342,-0.011866083411725903,
T2,L2,400,0,19,False,-1,0.1831196784973148,0.5257019996643066,-0.7466836046002938,,,0.19999999999999996,0.21652363595137514,0.8785318374633793,-0.0499420166015625,0.05960880197369178,
T2,L2,400,1,0,True,-1,0.21729412078857457,0.45739316940307617,-0.16510151584624622,,,0.52,0.32169366802672894,0.9070247650146488,0.015398025512695312,-0.09686001073225103,
T2,L2,400,1,1,False,-1,0.18241205215454137,0.38551998138427734,0.5747378595309504,,,0.84,0.25083492930365553,0.8548959732055668,0.027444958686828613,0.015206152006197016,
T2,L2,400,1,2,False,-1,0.1714281082153324,0.5073568820953369,0.5496864906198374,,,0.88,0.4245155197339504,0.8915657043457035,0.03475797176361084,0.06409089270642632,
T2,L2,400,1,3,False,-1,0.17497577667236364,0.42671823501586914,0.017112201665746698,,,0.8,0.26820708851805897,0.91522970199585,0.035101890563964844,-0.1273862102864669,
T2,L2,400,1,4,False,-1,0.19336094856262198,0.4393801689147949,-0.15750279501153366,,,0.8,0.2397101693154944,0.9451819896697997,0.04710817337036133,0.0633165524419308,
T2,L2,400,1,5,True,-1,0.16753592491149893,0.4352719783782959,-0.1667170575026677,,,0.8,0.3022915191107184,0.9419509410858153,-0.01900303363800049,-0.06907365603717208,
T2,L2,400,1,6,False,-1,0.24620094299316397,0.47906994819641113,-0.3527845265882391,,,0.48,0.3420554781120893,0.9492448806762694,0.009804010391235352,0.12570689465235674,
T2,L2,400,1,7,True,-1,0.18818392753601065,0.4483060836791992,0.7326613794351938,,,0.84,0.13991097557763124,0.9438067913055419,0.0443568229675293,0.07366659947554055,
T2,L2,400,1,8,False,-1,0.18952302038669588,0.4814028739929199,-0.24982527554041709,,,0.6799999999999999,0.2016329017684037,0.872428023815155,0.022404193878173828,-0.05033336177526726,
T2,L2,400,1,9,True,-1,0.23000902831554415,0.4239000082015991,0.17798488481478117,,,0.8,0.19288871767292873,0.8668779969215393,-0.03284299373626709,0.11951909135933825,
T2,L2,400,1,10,True,-1,0.19022702574729922,0.4055670499801636,0.09390250201734245,,,0.8,0.14611847508651818,0.8538360238075257,0.055636048316955566,0.013912104752456855,
T2,L2,400,1,11,False,-1,0.21087502837181094,0.5242757797241211,-0.26944441704221134,,,0.64,0.24474203936568983,0.9476700067520142,-0.04046821594238281,0.06979020499183619,
T2,L2,400,1,12,False,-1,0.22071590423583975,0.4951591491699219,0.2612219413230898,,,0.72,0.16839239964892902,0.9352909564971923,-0.025166988372802734,-0.028760955910663633,
T2,L2,400,1,13,False,-1,0.20676698684692374,0.4058239459991455,-0.24582658794807108,,,0.72,0.1640673007880706,0.874478006362915,0.015676021575927734,-0.013490112605046622,
T2,L2,400,1,14,True,-1,0.1715599536895751,0.500485897064209,0.10389472250154395,,,0.56,0.10796839873012402,0.8507617950439452,-0.0363539457321167,0.006332010269456845,
T2,L2,400,1,15,True,-1,0.2172888755798339,0.4481501579284668,-0.1648645981319725,,,0.6799999999999999,0.30407684013508035,0.9390918254852294,0.031241893768310547,-0.012404071769260394,
T2,L2,400,1,16,True,-1,0.21106090545654332,0.4170951843261719,0.3938201099598278,,,0.6799999999999999,0.3503287903301053,0.9242156982421879,0.018085956573486328,0.08547399739200845,
T2,L2,400,1,17,False,-1,0.17561378479003942,0.40416598320007324,-0.6380566608904196,,,0.72,0.16921744150343238,0.8596819877624515,-0.0546950101852417,-0.08083408900531897,
T2,L2,400,1,18,False,-1,0.17098369598388707,0.4796450138092041,-0.5531634563651477,,,0.43999999999999995,0.21648549067915265,0.9293750762939457,-0.05903303623199463,-0.11473094054753874,
T2,L2,400,1,19,False,-1,0.1913436889648441,0.3975820541381836,-0.37215578682875794,,,0.76,0.2614367909250292,0.90605583190918,-0.020515918731689453,-0.08281761245984587,
T2,L2,400,2,0,False,-1,0.25647583007812536,0.3790750503540039,0.38407027595976906,,,0.88,0.5297774433053851,0.9137839317321781,-0.02931976318359375,-0.031435337023934196,
T2,L2,400,2,1,False,-1,0.21571769714355504,0.513401985168457,-0.7427004243514954,,,0.31999999999999995,0.2813604242189414,0.8599361419677738,0.011762022972106934,0.08840284798696363,
T2,L2,400,2,2,False,-1,0.2324956893920902,0.41061294078826904,-0.20361757565072736,,,0.76,0.29642941329026756,0.898869895935059,-0.04144597053527832,0.017708219695117045,
T2,L2,400,2,3,True,-1,0.1704701423645023,0.45358991622924805,-0.14029104520098581,,,0.76,0.3558525489542433,0.8625158309936527,0.004889965057373047,-0.06480535112095387,
T2,L2,400,2,4,False,-1,0.2438539505004882,0.4996180534362793,0.5896468491016633,,,0.8,0.26907873685721756,0.8550468921661376,-0.013557910919189453,0.012184091728394186,
T2,L2,400,2,5,True,-1,0.18948378562927237,0.523838996887207,0.3735787566207785,,,0.88,0.3031309139413058,0.9473678112030028,-0.01836705207824707,-0.11187233146410103,
T2,L2,400,2,6,True,-1,0.18197383880615225,0.4912680387496948,0.0006640000407495807,,,0.52,0.3079898763414887,0.932140016555786,-0.02443099021911621,0.03455569461712038,
T2,L2,400,2,7,True,-1,0.1678339481353759,0.5225062370300293,-0.1261576220786134,,,0.6799999999999999,0.24732075743998697,0.8998919963836669,-0.016522884368896484,0.07336251634689361,
T2,L2,400,2,8,False,-1,0.22581701874732973,0.4395880699157715,0.293658017730538,,,0.76,0.29268460804944507,0.857442045211792,-0.016540050506591797,-0.10991143042617546,
T2,L2,400,2,9,True,-1,0.19812201857566836,0.44560301303863525,0.23547568073934988,,,0.8,0.4306425085070202,0.8877700209617615,-0.01997995376586914,0.07295213747117035,
T2,L2,400,2,10,True,-1,0.1915250211954117,0.4540560245513916,-0.1281516993641351,,,0.76,0.38025283236666124,0.8915380477905274,-0.045848965644836426,0.10404894619268301,
T2,L2,400,2,11,False,-1,0.21462602317333224,0.5103368759155273,0.09086925883756725,,,0.6,0.17277603286967338,0.8814470410346985,-0.053250789642333984,0.08468920122585644,
T2,L2,400,2,12,False,-1,0.22915401458740225,0.5092520713806152,-0.5423837163374716,,,0.43999999999999995,0.16854829157802528,0.9303459167480468,-0.003627777099609375,-0.08617661666501952,
T2,L2,400,2,13,False,-1,0.20792689323425284,0.38884103298187256,-0.20930994748833817,,,0.76,0.3098928542519291,0.8888019561767577,0.015493988990783691,0.10708713081596244,
T2,L2,400,2,14,True,-1,0.18712582588195792,0.39465200901031494,-0.7800941828750277,,,0.6799999999999999,0.24122574355163903,0.9237319469451903,-0.019003987312316895,-0.003912003813157039,
T2,L2,400,2,15,True,-1,0.17322888374328604,0.45340394973754883,0.21234064802136934,,,0.52,0.32310231840340803,0.8613389968872069,0.040791988372802734,0.12479293750924558,
T2,L2,400,2,16,True,-1,0.24167003631591832,0.4313030242919922,-0.060877411859384715,,,0.76,0.1251884947476953,0.8724907875061039,-0.027904033660888672,0.1120324196578979,
T2,L2,400,2,17,True,-1,0.20621194839477575,0.4805539846420288,0.5926072811503521,,,0.76,0.283629888492844,0.8900326728820804,-0.025899052619934082,0.10629204918293311,
T2,L2,400,2,18,True,-1,0.1718877792358402,0.47062695026397705,-0.19600366846652437,,,0.56,0.29745752708745304,0.9194678306579593,0.0572659969329834,-0.005060001934592773,
T2,L2,400,2,19,False,-1,0.16930189132690465,0.5233001708984375,-0.7202944122124364,,,0.24,0.16651345964787784,0.8583706855773929,0.0336298942565918,-0.01501213368669152,
T2,L2,400,3,0,False,-1,0.21132888793945348,0.5230228900909424,0.7134666665855608,,,0.92,0.5170537535057318,0.8659481048583988,0.02999591827392578,0.09980943359854066,
T2,L2,400,3,1,False,-1,0.189953708648682,0.4478110074996948,0.15623881607162668,,,0.76,0.18814315181764932,0.9360541343688968,-0.0036530494689941406,0.05035732210638422,
T2,L2,400,3,2,False,-1,0.21467580795288121,0.5282440185546875,-0.7121135783700837,,,0.43999999999999995,0.2622137305459889,0.9008521080017093,-0.03230595588684082,-0.10260311775792363,
T2,L2,400,3,3,True,-1,0.17567577362060582,0.508793830871582,-0.539206557910885,,,0.24,0.15216922955323609,0.9416069030761722,0.0427861213684082,-0.08895932393197326,
T2,L2,400,3,4,False,-1,0.23229398727416983,0.5240330696105957,-0.7543512677365285,,,0.36,0.08041958524300401,0.8673218727111816,0.01571178436279297,-0.058996548301639695,
T2,L2,400,3,5,False,-1,0.19086589813232413,0.5078380107879639,0.007742015318082176,,,0.84,0.38762238854891135,0.9405168533325194,-0.024405956268310547,-0.07243588206191287,
T2,L2,400,3,6,True,-1,0.19899787902832022,0.5316081047058105,-0.7187412633898093,,,0.31999999999999995,0.22501918004812374,0.862641954421997,0.05046200752258301,0.01278807081491884,
T2,L2,400,3,7,True,-1,0.2590228557586669,0.4907498359680176,0.349256310439507,,,0.76,0.5880896333036726,0.9441818237304687,-0.035893917083740234,-0.07642459436120363,
T2,L2,400,3,8,False,-1,0.23477702736854555,0.4170842170715332,-0.3621537549692187,,,0.64,0.2435665638542721,0.9113109946250916,-0.020266056060791016,-0.07222968829507881,
T2,L2,400,3,9,True,-1,0.21383801996707918,0.4429689645767212,-0.2532259629001612,,,0.56,0.29864759869035534,0.8792129993438721,0.05680203437805176,0.10714335918313722,
T2,L2,400,3,10,True,-1,0.1895770221948624,0.36969101428985596,0.13639968120371762,,,0.6799999999999999,0.3715534468168248,0.8612780213356018,-0.05066800117492676,0.024100613077484567,
T2,L2,400,3,11,False,-1,0.18649902343750002,0.3761601448059082,0.7807949668485585,,,0.8,0.4168687125702745,0.8609940052032471,0.031516075134277344,0.07571818096041394,
T2,L2,400,3,12,False,-1,0.2006877899169921,0.45325803756713867,0.0936101893035868,,,0.84,0.31296385126087234,0.8776508808135985,-0.026493072509765625,-0.08609448791779961,
T2,L2,400,3,13,False,-1,0.16854801177978507,0.3646659851074219,-0.11063437303210771,,,0.8,0.30743842296641555,0.8778859615325927,-0.014317035675048828,0.11976342962646136,
T2,L2,400,3,14,True,-1,0.25127997398376456,0.5327939987182617,0.7345853909468996,,,0.88,0.6148978219499949,0.8981379508972167,-0.03379404544830322,0.02969107007352889,
T2,L2,400,3,15,True,-1,0.22746100425720206,0.5242137908935547,-0.5787851805565151,,,0.48,0.11809193662010224,0.8875719547271728,0.044936180114746094,-0.08944185330944165,
T2,L2,400,3,16,False,-1,0.2441829681396488,0.50860595703125,-0.6668452231436037,,,0.4,0.20041209266583862,0.8921517372131351,-0.009188175201416016,0.04071079382240228,
T2,L2,400,3,17,True,-1,0.2527736663818363,0.4117189645767212,-0.719037805940667,,,0.76,0.11094023894749609,0.852157020568848,-0.004084944725036621,-0.02851099835134585,
T2,L2,400,3,18,True,-1,0.2216300010681156,0.4733619689941406,-0.20732312332407551,,,0.56,0.22202312310646216,0.9195736885070804,-0.019217967987060547,-0.06975810261242232,
T2,L2,400,3,19,False,-1,0.2247270584106449,0.45019006729125977,-0.15581965748760146,,,0.56,0.25983368091138775,0.86931266784668,0.04711723327636719,-0.07221573425038175,
T2,L2,400,4,0,False,-1,0.1666096687316898,0.37507009506225586,-0.491846725386271,,,0.8,0.35226748305706945,0.8829740524291996,-0.026986122131347656,-0.0767007319777453,
T2,L2,400,4,1,False,-1,0.1715201377868656,0.5254250168800354,-0.7770939625516609,,,0.19999999999999996,0.13670204147741785,0.8754519462585453,0.013913989067077637,-0.039432513655556,
T2,L2,400,4,2,False,-1,0.20349588394165075,0.43609094619750977,-0.24173812505653594,,,0.64,0.2944657183257998,0.9427241325378422,0.022698044776916504,-0.04272722213765778,
T2,L2,400,4,3,False,-1,0.25701179504394567,0.4104142189025879,0.14234610528708933,,,0.6799999999999999,0.3030425821617571,0.9173196792602543,0.0392451286315918,0.05186577566595574,
T2,L2,400,4,4,True,-1,0.1931058406829833,0.4423189163208008,-0.465225974048188,,,0.56,0.31342396918408955,0.9390608310699462,-0.003262042999267578,-0.0394205261602969,
T2,L2,400,4,5,True,-1,0.1667999267578124,0.3811609745025635,-0.10034011395575236,,,0.84,0.26893930096041474,0.8941949844360351,0.009966015815734863,0.09861384401557949,
T2,L2,400,4,6,True,-1,0.24248399734497061,0.407634973526001,0.6736242478490869,,,0.92,0.4552364360168489,0.9416498184204101,0.0308760404586792,0.07191739981267453,
T2,L2,400,4,7,False,-1,0.24444284439086905,0.4803280830383301,0.20063627843842038,,,0.76,0.3632840920685643,0.9399968624114989,-0.056183815002441406,-0.07291005662415806,
T2,L2,400,4,8,True,-1,0.21552802026271822,0.4905557632446289,0.7707895378335189,,,0.96,0.6843316027662126,0.9383090376853943,-0.0008478164672851562,-0.07872640786490948,
T2,L2,400,4,9,False,-1,0.256734037399292,0.47551095485687256,0.09668969665262198,,,0.76,0.24152339091527758,0.8833850264549256,-0.024479031562805176,-0.04775053946249708,
T2,L2,400,4,10,True,-1,0.19886701703071596,0.4829599857330322,-0.10883774714022078,,,0.76,0.4901979189518613,0.9316710472106934,-0.014922022819519043,0.007230025387118033,
T2,L2,400,4,11,False,-1,0.2348040282726288,0.45819997787475586,-0.04073082920203612,,,0.72,0.41312207892054037,0.9473960041999817,-0.05106210708618164,-0.10846311295319566,
T2,L2,400,4,12,True,-1,0.17145481109619132,0.40783214569091797,-0.36360172537530794,,,0.76,0.11952125591250236,0.9059788227081298,-0.0222320556640625,-0.10500028636163661,
T2,L2,400,4,13,True,-1,0.1675318717956542,0.41483795642852783,0.7611686899916755,,,0.76,0.22146532426417445,0.9264539718627929,0.02441394329071045,0.06280232615041648,
T2,L2,400,4,14,False,-1,0.20830597877502433,0.36357200145721436,0.3735826009353741,,,0.56,0.17721814456879323,0.8712579250335692,-0.00842297077178955,-0.08012931640758181,
T2,L2,400,4,15,False,-1,0.19521679878234854,0.4826540946960449,0.39588224825850854,,,0.64,0.0724164854705508,0.9264978408813476,-0.05798006057739258,-0.116191318677072,
T2,L2,400,4,16,False,-1,0.22536077499389684,0.4058980941772461,0.5129467541547907,,,0.96,0.25783712220415456,0.909555816650391,0.007559776306152344,-0.00824201075304698,
T2,L2,400,4,17,False,-1,0.1827677726745609,0.42226600646972656,-0.49081172835647086,,,0.76,0.2298991063109083,0.915607833862305,0.048954010009765625,0.10343210396771418,
T2,L2,400,4,18,False,-1,0.21085109710693395,0.5088438987731934,0.26919600301707564,,,0.76,0.2405273763410805,0.9487060546875004,-0.04737496376037598,-0.10112110351225168,
T2,L2,400,4,19,True,-1,0.2202137947082523,0.48096609115600586,-0.03679208174078623,,,0.64,0.17994968604179118,0.8788818359375004,-0.03228902816772461,0.09322172808707219,
T2,L2,100,0,0,True,-1,0.194317722320557,0.45377111434936523,0.24743682354649002,,,0.8,0.46842974246259267,0.8733071327209476,0.03396177291870117,0.0012879993163412706,
T2,L2,100,0,1,False,-1,0.2548049926757816,0.4977949857711792,0.5241742065268357,,,0.88,0.2999426663217952,0.9083780288696293,-0.05678105354309082,-0.05239996607094444,
T2,L2,100,0,2,False,-1,0.1820959091186527,0.5291240215301514,-0.7496354381811143,,,0.19999999999999996,0.14647648685813486,0.9179800987243656,-0.05533802509307861,0.07824591685981996,
T2,L2,100,0,3,False,-1,0.18484678268432653,0.3946962356567383,-0.36628195346265424,,,0.76,0.5312760563870319,0.8848160743713382,-0.038105010986328125,-0.12393118949602488,
T2,L2,100,0,4,False,-1,0.18768491744995108,0.49260902404785156,0.6796538224092066,,,0.96,0.6352868129907515,0.8590749740600585,0.0014190673828125,-0.06453727945684751,
T2,L2,100,0,5,False,-1,0.1988247871398925,0.36877596378326416,-0.7012056595612965,,,0.84,0.782897575235773,0.8920518398284911,-0.026747941970825195,-0.06884950192368855,
T2,L2,100,0,6,False,-1,0.25407400131225577,0.41867804527282715,-0.4094357426981283,,,0.72,0.2399688883637759,0.8757609367370605,0.03318798542022705,0.0033439977849667457,
T2,L2,100,0,7,False,-1,0.23527398109436026,0.4551057815551758,-0.5672758755507005,,,0.56,0.5712705497854893,0.8742639064788817,-0.013528823852539062,0.10805055013560505,
T2,L2,100,0,8,False,-1,0.19382301867008211,0.40781211853027344,0.7095340074181251,,,0.84,0.2063513808872213,0.9136300325393677,-0.004003047943115234,-0.0016019986043520618,
T2,L2,100,0,9,False,-1,0.20225501954555514,0.4163130521774292,-0.39389956513500657,,,0.64,0.27318182956286996,0.917952024936676,-0.02113795280456543,0.01259009161992708,
T2,L2,100,0,10,False,-1,0.2517710268497467,0.48682498931884766,-0.4976099678847683,,,0.4,0.1865659735660047,0.8800350069999695,0.04752194881439209,0.0882627447794384,
T2,L2,100,0,11,True,-1,0.1850490212440491,0.3970460891723633,0.4597133668860615,,,0.88,0.38639334387875196,0.8677280187606812,0.05684614181518555,0.10784840063079493,
T2,L2,100,0,12,True,-1,0.2146038055419921,0.5217220783233643,0.5259097069863595,,,0.84,0.6690263041476937,0.9275409221649169,0.059906959533691406,0.08542596016335491,
T2,L2,100,0,13,True,-1,0.16661992073059073,0.5242739915847778,0.5490628171244181,,,0.84,0.4856797243892112,0.9265929698944091,0.01820194721221924,0.09343397377933904,
T2,L2,100,0,14,False,-1,0.16398181915283194,0.4758169651031494,-0.6377152153583494,,,0.52,0.4467030867982496,0.8669899940490722,-0.032438039779663086,-0.05650151116376945,
T2,L2,100,0,15,True,-1,0.17731680870056143,0.49529600143432617,0.04752248573258299,,,0.64,0.11997479371330577,0.9079519748687743,0.02866220474243164,-0.04005673009949806,
T2,L2,100,0,16,False,-1,0.2303446769714359,0.41704511642456055,-0.31270455962001453,,,0.76,0.5207690120961317,0.8536938667297367,-0.023221969604492188,-0.0013179992610088398,
T2,L2,100,0,17,False,-1,0.2261637687683109,0.5191680192947388,-0.30195184261139285,,,0.6799999999999999,0.1768014585639569,0.8834737777709964,0.047047972679138184,0.01981032076498135,
T2,L2,100,0,18,False,-1,0.2481221199035648,0.3972799777984619,-0.20982881806177728,,,0.76,0.38126138502480766,0.9187320709228519,0.03884398937225342,-0.011866083411725903,
T2,L2,100,0,19,False,-1,0.1831196784973148,0.5257019996643066,-0.7466836046002938,,,0.19999999999999996,0.21652363595137514,0.8785318374633793,-0.0499420166015625,0.05960880197369178,
T2,L2,100,1,0,True,-1,0.21729412078857457,0.45739316940307617,-0.16510151584624622,,,0.52,0.32169366802672894,0.9070247650146488,0.015398025512695312,-0.09686001073225103,
T2,L2,100,1,1,False,-1,0.18241205215454137,0.38551998138427734,0.5747378595309504,,,0.84,0.25083492930365553,0.8548959732055668,0.027444958686828613,0.015206152006197016,
T2,L2,100,1,2,False,-1,0.1714281082153324,0.5073568820953369,0.5496864906198374,,,0.88,0.5218073515683572,0.8915657043457035,0.03475797176361084,0.06409089270642632,
T2,L2,100,1,3,False,-1,0.17497577667236364,0.42671823501586914,0.017112201665746698,,,0.8,0.38943458127730207,0.91522970199585,0.035101890563964844,-0.1273862102864669,
T2,L2,100,1,4,False,-1,0.19336094856262198,0.4393801689147949,-0.15750279501153366,,,0.8,0.6550397432691034,0.9451819896697997,0.04710817337036133,0.0633165524419308,
T2,L2,100,1,5,False,-1,0.16753592491149893,0.4352719783782959,-0.1667170575026677,,,0.8,0.3886975048001356,0.9419509410858153,-0.01900303363800049,-0.06907365603717208,
T2,L2,100,1,6,False,-1,0.24620094299316397,0.47906994819641113,-0.3527845265882391,,,0.48,0.4400819165409681,0.9492448806762694,0.009804010391235352,0.12570689465235674,
T2,L2,100,1,7,False,-1,0.18818392753601065,0.4483060836791992,0.7326613794351938,,,0.84,0.263814282984588,0.9438067913055419,0.0443568229675293,0.07366659947554055,
T2,L2,100,1,8,False,-1,0.18952302038669588,0.4814028739929199,-0.24982527554041709,,,0.6799999999999999,0.6556267913602771,0.872428023815155,0.022404193878173828,-0.05033336177526726,
T2,L2,100,1,9,True,-1,0.23000902831554415,0.4239000082015991,0.17798488481478117,,,0.8,0.6825884402516234,0.8668779969215393,-0.03284299373626709,0.11951909135933825,
T2,L2,100,1,10,False,-1,0.19022702574729922,0.4055670499801636,0.09390250201734245,,,0.8,0.14611847508651818,0.8538360238075257,0.055636048316955566,0.013912104752456855,
T2,L2,100,1,11,True,-1,0.21087502837181094,0.5242757797241211,-0.26944441704221134,,,0.64,0.40487063407267887,0.9476700067520142,-0.04046821594238281,0.06979020499183619,
T2,L2,100,1,12,True,-1,0.22071590423583975,0.4951591491699219,0.2612219413230898,,,0.72,0.47671378990620394,0.9352909564971923,-0.025166988372802734,-0.028760955910663633,
T2,L2,100,1,13,True,-1,0.20676698684692374,0.4058239459991455,-0.24582658794807108,,,0.72,0.47309433051451133,0.874478006362915,0.015676021575927734,-0.013490112605046622,
T2,L2,100,1,14,False,-1,0.1715599536895751,0.500485897064209,0.10389472250154395,,,0.56,0.18390494014562717,0.8507617950439452,-0.0363539457321167,0.006332010269456845,
T2,L2,100,1,15,True,-1,0.2172888755798339,0.4481501579284668,-0.1648645981319725,,,0.6799999999999999,0.3243805999856343,0.9390918254852294,0.031241893768310547,-0.012404071769260394,
T2,L2,100,1,16,False,-1,0.21106090545654332,0.4170951843261719,0.3938201099598278,,,0.6799999999999999,0.3503287903301053,0.9242156982421879,0.018085956573486328,0.08547399739200845,
T2,L2,100,1,17,False,-1,0.17561378479003942,0.40416598320007324,-0.6380566608904196,,,0.72,0.6712443259872563,0.8596819877624515,-0.0546950101852417,-0.08083408900531897,
T2,L2,100,1,18,True,-1,0.17098369598388707,0.4796450138092041,-0.5531634563651477,,,0.43999999999999995,0.2755046932537985,0.9293750762939457,-0.05903303623199463,-0.11473094054753874,
T2,L2,100,1,19,False,-1,0.1913436889648441,0.3975820541381836,-0.37215578682875794,,,0.76,0.4039412428001813,0.90605583190918,-0.020515918731689453,-0.08281761245984587,
T2,L2,100,2,0,False,-1,0.25647583007812536,0.3790750503540039,0.38407027595976906,,,0.88,1.0403901705685836,0.9137839317321781,-0.02931976318359375,-0.031435337023934196,
T2,L2,100,2,1,True,-1,0.21571769714355504,0.513401985168457,-0.7427004243514954,,,0.31999999999999995,0.45162659632364577,0.8599361419677738,0.011762022972106934,0.08840284798696363,
T2,L2,100,2,2,False,-1,0.2324956893920902,0.41061294078826904,-0.20361757565072736,,,0.76,0.6277588386622968,0.898869895935059,-0.04144597053527832,0.017708219695117045,
T2,L2,100,2,3,False,-1,0.1704701423645023,0.45358991622924805,-0.14029104520098581,,,0.76,0.5832165279095194,0.8625158309936527,0.004889965057373047,-0.06480535112095387,
T2,L2,100,2,4,False,-1,0.2438539505004882,0.4996180534362793,0.5896468491016633,,,0.8,0.49901563647481406,0.8550468921661376,-0.013557910919189453,0.012184091728394186,
T2,L2,100,2,5,True,-1,0.18948378562927237,0.523838996887207,0.3735787566207785,,,0.88,0.4823637089793747,0.9473678112030028,-0.01836705207824707,-0.11187233146410103,
T2,L2,100,2,6,False,-1,0.18197383880615225,0.4912680387496948,0.0006640000407495807,,,0.52,0.3079898763414887,0.932140016555786,-0.02443099021911621,0.03455569461712038,
T2,L2,100,2,7,False,-1,0.1678339481353759,0.5225062370300293,-0.1261576220786134,,,0.6799999999999999,0.24732075743998697,0.8998919963836669,-0.016522884368896484,0.07336251634689361,
T2,L2,100,2,8,False,-1,0.22581701874732973,0.4395880699157715,0.293658017730538,,,0.76,0.43946677109055243,0.857442045211792,-0.016540050506591797,-0.10991143042617546,
T2,L2,100,2,9,True,-1,0.19812201857566836,0.44560301303863525,0.23547568073934988,,,0.8,0.6066741066598946,0.8877700209617615,-0.01997995376586914,0.07295213747117035,
T2,L2,100,2,10,True,-1,0.1915250211954117,0.4540560245513916,-0.1281516993641351,,,0.76,0.5934428253782179,0.8915380477905274,-0.045848965644836426,0.10404894619268301,
T2,L2,100,2,11,False,-1,0.21462602317333224,0.5103368759155273,0.09086925883756725,,,0.6,0.17277603286967338,0.8814470410346985,-0.053250789642333984,0.08468920122585644,
T2,L2,100,2,12,False,-1,0.22915401458740225,0.5092520713806152,-0.5423837163374716,,,0.43999999999999995,0.16854829157802528,0.9303459167480468,-0.003627777099609375,-0.08617661666501952,
T2,L2,100,2,13,False,-1,0.20792689323425284,0.38884103298187256,-0.20930994748833817,,,0.76,0.6846457191083709,0.8888019561767577,0.015493988990783691,0.10708713081596244,
T2,L2,100,2,14,False,-1,0.18712582588195792,0.39465200901031494,-0.7800941828750277,,,0.6799999999999999,0.6017613895149697,0.9237319469451903,-0.019003987312316895,-0.003912003813157039,
T2,L2,100,2,15,True,-1,0.17322888374328604,0.45340394973754883,0.21234064802136934,,,0.52,0.32310231840340803,0.8613389968872069,0.040791988372802734,0.12479293750924558,
T2,L2,100,2,16,False,-1,0.24167003631591832,0.4313030242919922,-0.060877411859384715,,,0.76,0.6229595853519573,0.8724907875061039,-0.027904033660888672,0.1120324196578979,
T2,L2,100,2,17,False,-1,0.20621194839477575,0.4805539846420288,0.5926072811503521,,,0.76,0.43650571693589657,0.8900326728820804,-0.025899052619934082,0.10629204918293311,
T2,L2,100,2,18,True,-1,0.1718877792358402,0.47062695026397705,-0.19600366846652437,,,0.56,0.29745752708745304,0.9194678306579593,0.0572659969329834,-0.005060001934592773,
T2,L2,100,2,19,True,-1,0.16930189132690465,0.5233001708984375,-0.7202944122124364,,,0.24,0.16651345964787784,0.8583706855773929,0.0336298942565918,-0.01501213368669152,
T2,L2,100,3,0,False,-1,0.21132888793945348,0.5230228900909424,0.7134666665855608,,,0.92,0.6875303255844287,0.8659481048583988,0.02999591827392578,0.09980943359854066,
T2,L2,100,3,1,True,-1,0.189953708648682,0.4478110074996948,0.15623881607162668,,,0.76,0.3867621315162074,0.9360541343688968,-0.0036530494689941406,0.05035732210638422,
T2,L2,100,3,2,False,-1,0.21467580795288121,0.5282440185546875,-0.7121135783700837,,,0.43999999999999995,0.5040110867554201,0.9008521080017093,-0.03230595588684082,-0.10260311775792363,
T2,L2,100,3,3,True,-1,0.17567577362060582,0.508793830871582,-0.539206557910885,,,0.24,0.33609865717064086,0.9416069030761722,0.0427861213684082,-0.08895932393197326,
T2,L2,100,3,4,False,-1,0.23229398727416983,0.5240330696105957,-0.7543512677365285,,,0.36,0.08041958524300401,0.8673218727111816,0.01571178436279297,-0.058996548301639695,
T2,L2,100,3,5,True,-1,0.19086589813232413,0.5078380107879639,0.007742015318082176,,,0.84,0.38762238854891135,0.9405168533325194,-0.024405956268310547,-0.07243588206191287,
T2,L2,100,3,6,True,-1,0.19899787902832022,0.5316081047058105,-0.7187412633898093,,,0.31999999999999995,0.22501918004812374,0.862641954421997,0.05046200752258301,0.01278807081491884,
T2,L2,100,3,7,False,-1,0.2590228557586669,0.4907498359680176,0.349256310439507,,,0.76,0.6419267445382899,0.9441818237304687,-0.035893917083740234,-0.07642459436120363,
T2,L2,100,3,8,False,-1,0.23477702736854555,0.4170842170715332,-0.3621537549692187,,,0.64,0.5956022110754536,0.9113109946250916,-0.020266056060791016,-0.07222968829507881,
T2,L2,100,3,9,True,-1,0.21383801996707918,0.4429689645767212,-0.2532259629001612,,,0.56,0.29864759869035534,0.8792129993438721,0.05680203437805176,0.10714335918313722,
T2,L2,100,3,10,True,-1,0.1895770221948624,0.36969101428985596,0.13639968120371762,,,0.6799999999999999,0.49239353178093553,0.8612780213356018,-0.05066800117492676,0.024100613077484567,
T2,L2,100,3,11,False,-1,0.18649902343750002,0.3761601448059082,0.7807949668485585,,,0.8,0.48137843007532877,0.8609940052032471,0.031516075134277344,0.07571818096041394,
T2,L2,100,3,12,False,-1,0.2006877899169921,0.45325803756713867,0.0936101893035868,,,0.84,0.5513193786322355,0.8776508808135985,-0.026493072509765625,-0.08609448791779961,
T2,L2,100,3,13,False,-1,0.16854801177978507,0.3646659851074219,-0.11063437303210771,,,0.8,1.0259790833257045,0.8778859615325927,-0.014317035675048828,0.11976342962646136,
T2,L2,100,3,14,False,-1,0.25127997398376456,0.5327939987182617,0.7345853909468996,,,0.88,0.7711787516218097,0.8981379508972167,-0.03379404544830322,0.02969107007352889,
T2,L2,100,3,15,False,-1,0.22746100425720206,0.5242137908935547,-0.5787851805565151,,,0.48,0.3260548502158348,0.8875719547271728,0.044936180114746094,-0.08944185330944165,
T2,L2,100,3,16,False,-1,0.2441829681396488,0.50860595703125,-0.6668452231436037,,,0.4,0.20041209266583862,0.8921517372131351,-0.009188175201416016,0.04071079382240228,
T2,L2,100,3,17,False,-1,0.2527736663818363,0.4117189645767212,-0.719037805940667,,,0.76,0.5087896946055478,0.852157020568848,-0.004084944725036621,-0.02851099835134585,
T2,L2,100,3,18,False,-1,0.2216300010681156,0.4733619689941406,-0.20732312332407551,,,0.56,0.23738547622873382,0.9195736885070804,-0.019217967987060547,-0.06975810261242232,
T2,L2,100,3,19,True,-1,0.2247270584106449,0.45019006729125977,-0.15581965748760146,,,0.56,0.37033499508866957,0.86931266784668,0.04711723327636719,-0.07221573425038175,
T2,L2,100,4,0,False,-1,0.1666096687316898,0.37507009506225586,-0.491846725386271,,,0.8,0.4350396589506277,0.8829740524291996,-0.026986122131347656,-0.0767007319777453,
T2,L2,100,4,1,False,-1,0.1715201377868656,0.5254250168800354,-0.7770939625516609,,,0.19999999999999996,0.13670204147741785,0.8754519462585453,0.013913989067077637,-0.039432513655556,
T2,L2,100,4,2,False,-1,0.20349588394165075,0.43609094619750977,-0.24173812505653594,,,0.64,0.4948396004277274,0.9427241325378422,0.022698044776916504,-0.04272722213765778,
T2,L2,100,4,3,True,-1,0.25701179504394567,0.4104142189025879,0.14234610528708933,,,0.6799999999999999,0.4894513597220311,0.9173196792602543,0.0392451286315918,0.05186577566595574,
T2,L2,100,4,4,False,-1,0.1931058406829833,0.4423189163208008,-0.465225974048188,,,0.56,0.3997879302336789,0.9390608310699462,-0.003262042999267578,-0.0394205261602969,
T2,L2,100,4,5,True,-1,0.1667999267578124,0.3811609745025635,-0.10034011395575236,,,0.84,0.7239984233326038,0.8941949844360351,0.009966015815734863,0.09861384401557949,
T2,L2,100,4,6,True,-1,0.24248399734497061,0.407634973526001,0.6736242478490869,,,0.92,0.6327308486811001,0.9416498184204101,0.0308760404586792,0.07191739981267453,
T2,L2,100,4,7,False,-1,0.24444284439086905,0.4803280830383301,0.20063627843842038,,,0.76,0.3987920811339087,0.9399968624114989,-0.056183815002441406,-0.07291005662415806,
T2,L2,100,4,8,True,-1,0.21552802026271822,0.4905557632446289,0.7707895378335189,,,0.96,0.9036675782380811,0.9383090376853943,-0.0008478164672851562,-0.07872640786490948,
T2,L2,100,4,9,True,-1,0.256734037399292,0.47551095485687256,0.09668969665262198,,,0.76,0.7836591705859615,0.8833850264549256,-0.024479031562805176,-0.04775053946249708,
T2,L2,100,4,10,False,-1,0.19886701703071596,0.4829599857330322,-0.10883774714022078,,,0.76,0.4909934581316931,0.9316710472106934,-0.014922022819519043,0.007230025387118033,
T2,L2,100,4,11,False,-1,0.2348040282726288,0.45819997787475586,-0.04073082920203612,,,0.72,0.44893737240283565,0.9473960041999817,-0.05106210708618164,-0.10846311295319566,
T2,L2,100,4,12,False,-1,0.17145481109619132,0.40783214569091797,-0.36360172537530794,,,0.76,0.3819738785718886,0.9059788227081298,-0.0222320556640625,-0.10500028636163661,
T2,L2,100,4,13,True,-1,0.1675318717956542,0.41483795642852783,0.7611686899916755,,,0.76,0.7049428112329861,0.9264539718627929,0.02441394329071045,0.06280232615041648,
T2,L2,100,4,14,False,-1,0.20830597877502433,0.36357200145721436,0.3735826009353741,,,0.56,0.17721814456879323,0.8712579250335692,-0.00842297077178955,-0.08012931640758181,
T2,L2,100,4,15,False,-1,0.19521679878234854,0.4826540946960449,0.39588224825850854,,,0.64,0.40874812642383185,0.9264978408813476,-0.05798006057739258,-0.116191318677072,
T2,L2,100,4,16,False,-1,0.22536077499389684,0.4058980941772461,0.5129467541547907,,,0.96,0.25783712220415456,0.909555816650391,0.007559776306152344,-0.00824201075304698,
T2,L2,100,4,17,False,-1,0.1827677726745609,0.42226600646972656,-0.49081172835647086,,,0.76,0.2298991063109083,0.915607833862305,0.048954010009765625,0.10343210396771418,
T2,L2,100,4,18,False,-1,0.21085109710693395,0.5088438987731934,0.26919600301707564,,,0.76,0.3055111313043632,0.9487060546875004,-0.04737496376037598,-0.10112110351225168,
T2,L2,100,4,19,False,-1,0.2202137947082523,0.48096609115600586,-0.03679208174078623,,,0.64,0.19932925422330866,0.8788818359375004,-0.03228902816772461,0.09322172808707219,
T2,L3b,400,0,0,False,0,0.194317722320557,0.45377111434936523,0.24743682354649002,,,0.72,0.14665130485934433,0.8733071327209476,0.03396177291870117,0.0012879993163412706,
T2,L3b,400,0,1,False,0,0.2548049926757816,0.4977949857711792,0.5241742065268357,,,0.88,0.30142434690955555,0.9083780288696293,-0.05678105354309082,-0.05239996607094444,
T2,L3b,400,0,2,False,0,0.1820959091186527,0.5291240215301514,-0.7496354381811143,,,0.43999999999999995,0.16120355000503547,0.9179800987243656,-0.05533802509307861,0.07824591685981996,
T2,L3b,400,0,3,False,0,0.18484678268432653,0.3946962356567383,-0.36628195346265424,,,0.48,0.13559996017024029,0.8848160743713382,-0.038105010986328125,-0.12393118949602488,
T2,L3b,400,0,4,False,0,0.18768491744995108,0.49260902404785156,0.6796538224092066,,,0.96,0.24448385206708304,0.8590749740600585,0.0014190673828125,-0.06453727945684751,
T2,L3b,400,0,5,True,0,0.1988247871398925,0.36877596378326416,-0.7012056595612965,,,0.6,0.18468050611737816,0.8920518398284911,-0.026747941970825195,-0.06884950192368855,
T2,L3b,400,0,6,False,0,0.25407400131225577,0.41867804527282715,-0.4094357426981283,,,0.6,0.3071116330669038,0.8757609367370605,0.03318798542022705,0.0033439977849667457,
T2,L3b,400,0,7,True,0,0.23527398109436026,0.4551057815551758,-0.5672758755507005,,,0.31999999999999995,0.17988722340841712,0.8742639064788817,-0.013528823852539062,0.10805055013560505,
T2,L3b,400,0,8,False,0,0.19382301867008211,0.40781211853027344,0.7095340074181251,,,0.92,0.4738781547426856,0.9136300325393677,-0.004003047943115234,-0.0016019986043520618,
T2,L3b,400,0,9,True,0,0.20225501954555514,0.4163130521774292,-0.39389956513500657,,,0.72,0.36872590022579826,0.917952024936676,-0.02113795280456543,0.01259009161992708,
T2,L3b,400,0,10,False,0,0.2517710268497467,0.48682498931884766,-0.4976099678847683,,,0.28,0.2167531538688988,0.8800350069999695,0.04752194881439209,0.0882627447794384,
T2,L3b,400,0,11,False,0,0.1850490212440491,0.3970460891723633,0.4597133668860615,,,0.8,0.24673454727569147,0.8677280187606812,0.05684614181518555,0.10784840063079493,
T2,L3b,400,0,12,False,0,0.2146038055419921,0.5217220783233643,0.5259097069863595,,,0.84,0.2718709307601952,0.9275409221649169,0.059906959533691406,0.08542596016335491,
T2,L3b,400,0,13,True,0,0.16661992073059073,0.5242739915847778,0.5490628171244181,,,0.88,0.3793033502984377,0.9265929698944091,0.01820194721221924,0.09343397377933904,
T2,L3b,400,0,14,False,0,0.16398181915283194,0.4758169651031494,-0.6377152153583494,,,0.56,0.19085106124275397,0.8669899940490722,-0.032438039779663086,-0.05650151116376945,
T2,L3b,400,0,15,False,0,0.17731680870056143,0.49529600143432617,0.04752248573258299,,,0.64,0.14575440802227577,0.9079519748687743,0.02866220474243164,-0.04005673009949806,
T2,L3b,400,0,16,True,0,0.2303446769714359,0.41704511642456055,-0.31270455962001453,,,0.6799999999999999,0.3842058317055234,0.8536938667297367,-0.023221969604492188,-0.0013179992610088398,
T2,L3b,400,0,17,False,0,0.2261637687683109,0.5191680192947388,-0.30195184261139285,,,0.72,0.27922782965253085,0.8834737777709964,0.047047972679138184,0.01981032076498135,
T2,L3b,400,0,18,False,0,0.2481221199035648,0.3972799777984619,-0.20982881806177728,,,0.6,0.09411356968284434,0.9187320709228519,0.03884398937225342,-0.011866083411725903,
T2,L3b,400,0,19,False,0,0.1831196784973148,0.5257019996643066,-0.7466836046002938,,,0.43999999999999995,0.09601312650586198,0.8785318374633793,-0.0499420166015625,0.05960880197369178,
T2,L3b,400,1,0,False,1,0.21729412078857457,0.45739316940307617,-0.16510151584624622,,,0.56,0.06100266608516055,0.9070247650146488,0.015398025512695312,-0.09686001073225103,
T2,L3b,400,1,1,False,1,0.18241205215454137,0.38551998138427734,0.5747378595309504,,,0.88,0.3553185046400621,0.8548959732055668,0.027444958686828613,0.015206152006197016,
T2,L3b,400,1,2,False,1,0.1714281082153324,0.5073568820953369,0.5496864906198374,,,0.88,0.39515995107967095,0.8915657043457035,0.03475797176361084,0.06409089270642632,
T2,L3b,400,1,3,False,1,0.17497577667236364,0.42671823501586914,0.017112201665746698,,,0.8,0.3099160656841825,0.91522970199585,0.035101890563964844,-0.1273862102864669,
T2,L3b,400,1,4,True,1,0.19336094856262198,0.4393801689147949,-0.15750279501153366,,,0.6799999999999999,0.15131582065359633,0.9451819896697997,0.04710817337036133,0.0633165524419308,
T2,L3b,400,1,5,False,1,0.16753592491149893,0.4352719783782959,-0.1667170575026677,,,0.6799999999999999,0.16843903208255215,0.9419509410858153,-0.01900303363800049,-0.06907365603717208,
T2,L3b,400,1,6,False,1,0.24620094299316397,0.47906994819641113,-0.3527845265882391,,,0.56,0.10326028463646611,0.9492448806762694,0.009804010391235352,0.12570689465235674,
T2,L3b,400,1,7,False,1,0.18818392753601065,0.4483060836791992,0.7326613794351938,,,0.84,0.17812147009449456,0.9438067913055419,0.0443568229675293,0.07366659947554055,
T2,L3b,400,1,8,False,1,0.18952302038669588,0.4814028739929199,-0.24982527554041709,,,0.64,0.16861290585568736,0.872428023815155,0.022404193878173828,-0.05033336177526726,
T2,L3b,400,1,9,False,1,0.23000902831554415,0.4239000082015991,0.17798488481478117,,,0.72,0.4987548937164712,0.8668779969215393,-0.03284299373626709,0.11951909135933825,
T2,L3b,400,1,10,False,1,0.19022702574729922,0.4055670499801636,0.09390250201734245,,,0.84,0.15433325874074888,0.8538360238075257,0.055636048316955566,0.013912104752456855,
T2,L3b,400,1,11,False,1,0.21087502837181094,0.5242757797241211,-0.26944441704221134,,,0.6,0.30988914322762723,0.9476700067520142,-0.04046821594238281,0.06979020499183619,
T2,L3b,400,1,12,False,1,0.22071590423583975,0.4951591491699219,0.2612219413230898,,,0.8,0.07612681583300024,0.9352909564971923,-0.025166988372802734,-0.028760955910663633,
T2,L3b,400,1,13,False,1,0.20676698684692374,0.4058239459991455,-0.24582658794807108,,,0.76,0.38627876633543173,0.874478006362915,0.015676021575927734,-0.013490112605046622,
T2,L3b,400,1,14,False,1,0.1715599536895751,0.500485897064209,0.10389472250154395,,,0.72,0.25118022533366974,0.8507617950439452,-0.0363539457321167,0.006332010269456845,
T2,L3b,400,1,15,True,1,0.2172888755798339,0.4481501579284668,-0.1648645981319725,,,0.56,0.17433510503232108,0.9390918254852294,0.031241893768310547,-0.012404071769260394,
T2,L3b,400,1,16,True,1,0.21106090545654332,0.4170951843261719,0.3938201099598278,,,0.92,0.2591396575827679,0.9242156982421879,0.018085956573486328,0.08547399739200845,
T2,L3b,400,1,17,True,1,0.17561378479003942,0.40416598320007324,-0.6380566608904196,,,0.6,0.10896109263220331,0.8596819877624515,-0.0546950101852417,-0.08083408900531897,
T2,L3b,400,1,18,False,1,0.17098369598388707,0.4796450138092041,-0.5531634563651477,,,0.52,0.15719590402262978,0.9293750762939457,-0.05903303623199463,-0.11473094054753874,
T2,L3b,400,1,19,False,1,0.1913436889648441,0.3975820541381836,-0.37215578682875794,,,0.6799999999999999,0.1490207578370085,0.90605583190918,-0.020515918731689453,-0.08281761245984587,
T2,L3b,400,2,0,False,2,0.25647583007812536,0.3790750503540039,0.38407027595976906,,,0.8,0.5306352560349621,0.9137839317321781,-0.02931976318359375,-0.031435337023934196,
T2,L3b,400,2,1,True,2,0.21571769714355504,0.513401985168457,-0.7427004243514954,,,0.28,0.08359251079980498,0.8599361419677738,0.011762022972106934,0.08840284798696363,
T2,L3b,400,2,2,False,2,0.2324956893920902,0.41061294078826904,-0.20361757565072736,,,0.6799999999999999,0.1749770774623061,0.898869895935059,-0.04144597053527832,0.017708219695117045,
T2,L3b,400,2,3,False,2,0.1704701423645023,0.45358991622924805,-0.14029104520098581,,,0.64,0.27665925164332766,0.8625158309936527,0.004889965057373047,-0.06480535112095387,
T2,L3b,400,2,4,False,2,0.2438539505004882,0.4996180534362793,0.5896468491016633,,,0.84,0.18532568958813322,0.8550468921661376,-0.013557910919189453,0.012184091728394186,
T2,L3b,400,2,5,False,2,0.18948378562927237,0.523838996887207,0.3735787566207785,,,0.72,0.21483169428740195,0.9473678112030028,-0.01836705207824707,-0.11187233146410103,
T2,L3b,400,2,6,False,2,0.18197383880615225,0.4912680387496948,0.0006640000407495807,,,0.6,0.26337362570061157,0.932140016555786,-0.02443099021911621,0.03455569461712038,
T2,L3b,400,2,7,False,2,0.1678339481353759,0.5225062370300293,-0.1261576220786134,,,0.64,0.20721632360448575,0.8998919963836669,-0.016522884368896484,0.07336251634689361,
T2,L3b,400,2,8,False,2,0.22581701874732973,0.4395880699157715,0.293658017730538,,,0.88,0.33050631743195297,0.857442045211792,-0.016540050506591797,-0.10991143042617546,
T2,L3b,400,2,9,False,2,0.19812201857566836,0.44560301303863525,0.23547568073934988,,,0.72,0.23887818487800633,0.8877700209617615,-0.01997995376586914,0.07295213747117035,
T2,L3b,400,2,10,False,2,0.1915250211954117,0.4540560245513916,-0.1281516993641351,,,0.72,0.19737648972669192,0.8915380477905274,-0.045848965644836426,0.10404894619268301,
T2,L3b,400,2,11,False,2,0.21462602317333224,0.5103368759155273,0.09086925883756725,,,0.6799999999999999,0.2838866589504028,0.8814470410346985,-0.053250789642333984,0.08468920122585644,
T2,L3b,400,2,12,False,2,0.22915401458740225,0.5092520713806152,-0.5423837163374716,,,0.48,0.2529089736211853,0.9303459167480468,-0.003627777099609375,-0.08617661666501952,
T2,L3b,400,2,13,False,2,0.20792689323425284,0.38884103298187256,-0.20930994748833817,,,0.72,0.14101467741616075,0.8888019561767577,0.015493988990783691,0.10708713081596244,
T2,L3b,400,2,14,False,2,0.18712582588195792,0.39465200901031494,-0.7800941828750277,,,0.52,0.10867961624591552,0.9237319469451903,-0.019003987312316895,-0.003912003813157039,
T2,L3b,400,2,15,True,2,0.17322888374328604,0.45340394973754883,0.21234064802136934,,,0.6799999999999999,0.3519911380780134,0.8613389968872069,0.040791988372802734,0.12479293750924558,
T2,L3b,400,2,16,False,2,0.24167003631591832,0.4313030242919922,-0.060877411859384715,,,0.56,0.30293985378464183,0.8724907875061039,-0.027904033660888672,0.1120324196578979,
T2,L3b,400,2,17,True,2,0.20621194839477575,0.4805539846420288,0.5926072811503521,,,0.84,0.2807497255938269,0.8900326728820804,-0.025899052619934082,0.10629204918293311,
T2,L3b,400,2,18,False,2,0.1718877792358402,0.47062695026397705,-0.19600366846652437,,,0.64,0.26787574157692035,0.9194678306579593,0.0572659969329834,-0.005060001934592773,
T2,L3b,400,2,19,False,2,0.16930189132690465,0.5233001708984375,-0.7202944122124364,,,0.56,0.2725077708406431,0.8583706855773929,0.0336298942565918,-0.01501213368669152,
T2,L3b,400,3,0,False,3,0.21132888793945348,0.5230228900909424,0.7134666665855608,,,0.88,0.2553112989464355,0.8659481048583988,0.02999591827392578,0.09980943359854066,
T2,L3b,400,3,1,False,3,0.189953708648682,0.4478110074996948,0.15623881607162668,,,0.84,0.2125838429827089,0.9360541343688968,-0.0036530494689941406,0.05035732210638422,
T2,L3b,400,3,2,False,3,0.21467580795288121,0.5282440185546875,-0.7121135783700837,,,0.19999999999999996,0.23179090937929767,0.9008521080017093,-0.03230595588684082,-0.10260311775792363,
T2,L3b,400,3,3,False,3,0.17567577362060582,0.508793830871582,-0.539206557910885,,,0.43999999999999995,0.1741876234098115,0.9416069030761722,0.0427861213684082,-0.08895932393197326,
T2,L3b,400,3,4,False,3,0.23229398727416983,0.5240330696105957,-0.7543512677365285,,,0.43999999999999995,0.1624505647680515,0.8673218727111816,0.01571178436279297,-0.058996548301639695,
T2,L3b,400,3,5,False,3,0.19086589813232413,0.5078380107879639,0.007742015318082176,,,0.64,0.2920008135876103,0.9405168533325194,-0.024405956268310547,-0.07243588206191287,
T2,L3b,400,3,6,False,3,0.19899787902832022,0.5316081047058105,-0.7187412633898093,,,0.19999999999999996,0.16264979486406006,0.862641954421997,0.05046200752258301,0.01278807081491884,
T2,L3b,400,3,7,False,3,0.2590228557586669,0.4907498359680176,0.349256310439507,,,0.8,0.2745704847174682,0.9441818237304687,-0.035893917083740234,-0.07642459436120363,
T2,L3b,400,3,8,True,3,0.23477702736854555,0.4170842170715332,-0.3621537549692187,,,0.6,0.22257581202305057,0.9113109946250916,-0.020266056060791016,-0.07222968829507881,
T2,L3b,400,3,9,False,3,0.21383801996707918,0.4429689645767212,-0.2532259629001612,,,0.64,0.19503809970439448,0.8792129993438721,0.05680203437805176,0.10714335918313722,
T2,L3b,400,3,10,False,3,0.1895770221948624,0.36969101428985596,0.13639968120371762,,,0.72,0.39266348620170666,0.8612780213356018,-0.05066800117492676,0.024100613077484567,
T2,L3b,400,3,11,False,3,0.18649902343750002,0.3761601448059082,0.7807949668485585,,,0.92,0.7015270574222522,0.8609940052032471,0.031516075134277344,0.07571818096041394,
T2,L3b,400,3,12,False,3,0.2006877899169921,0.45325803756713867,0.0936101893035868,,,0.76,0.1979035686192376,0.8776508808135985,-0.026493072509765625,-0.08609448791779961,
T2,L3b,400,3,13,False,3,0.16854801177978507,0.3646659851074219,-0.11063437303210771,,,0.84,0.5544210671366395,0.8778859615325927,-0.014317035675048828,0.11976342962646136,
T2,L3b,400,3,14,False,3,0.25127997398376456,0.5327939987182617,0.7345853909468996,,,0.88,0.7324052822398992,0.8981379508972167,-0.03379404544830322,0.02969107007352889,
T2,L3b,400,3,15,False,3,0.22746100425720206,0.5242137908935547,-0.5787851805565151,,,0.4,0.3335427200222359,0.8875719547271728,0.044936180114746094,-0.08944185330944165,
T2,L3b,400,3,16,False,3,0.2441829681396488,0.50860595703125,-0.6668452231436037,,,0.43999999999999995,0.19285892507356178,0.8921517372131351,-0.009188175201416016,0.04071079382240228,
T2,L3b,400,3,17,False,3,0.2527736663818363,0.4117189645767212,-0.719037805940667,,,0.72,0.2866801257503928,0.852157020568848,-0.004084944725036621,-0.02851099835134585,
T2,L3b,400,3,18,False,3,0.2216300010681156,0.4733619689941406,-0.20732312332407551,,,0.6,0.09056947157700482,0.9195736885070804,-0.019217967987060547,-0.06975810261242232,
T2,L3b,400,3,19,False,3,0.2247270584106449,0.45019006729125977,-0.15581965748760146,,,0.6,0.2136917674755171,0.86931266784668,0.04711723327636719,-0.07221573425038175,
T2,L3b,400,4,0,False,4,0.1666096687316898,0.37507009506225586,-0.491846725386271,,,0.6799999999999999,0.22496529466376566,0.8829740524291996,-0.026986122131347656,-0.0767007319777453,
T2,L3b,400,4,1,False,4,0.1715201377868656,0.5254250168800354,-0.7770939625516609,,,0.48,0.32281724812299595,0.8754519462585453,0.013913989067077637,-0.039432513655556,
T2,L3b,400,4,2,False,4,0.20349588394165075,0.43609094619750977,-0.24173812505653594,,,0.72,0.34479084458840686,0.9427241325378422,0.022698044776916504,-0.04272722213765778,
T2,L3b,400,4,3,False,4,0.25701179504394567,0.4104142189025879,0.14234610528708933,,,0.72,0.15617241227820317,0.9173196792602543,0.0392451286315918,0.05186577566595574,
T2,L3b,400,4,4,False,4,0.1931058406829833,0.4423189163208008,-0.465225974048188,,,0.72,0.3865602245030898,0.9390608310699462,-0.003262042999267578,-0.0394205261602969,
T2,L3b,400,4,5,False,4,0.1667999267578124,0.3811609745025635,-0.10034011395575236,,,0.88,0.44889862908504075,0.8941949844360351,0.009966015815734863,0.09861384401557949,
T2,L3b,400,4,6,True,4,0.24248399734497061,0.407634973526001,0.6736242478490869,,,0.8,0.37479366227573113,0.9416498184204101,0.0308760404586792,0.07191739981267453,
T2,L3b,400,4,7,False,4,0.24444284439086905,0.4803280830383301,0.20063627843842038,,,0.64,0.3985802102478525,0.9399968624114989,-0.056183815002441406,-0.07291005662415806,
T2,L3b,400,4,8,False,4,0.21552802026271822,0.4905557632446289,0.7707895378335189,,,0.96,0.6130967663691442,0.9383090376853943,-0.0008478164672851562,-0.07872640786490948,
T2,L3b,400,4,9,True,4,0.256734037399292,0.47551095485687256,0.09668969665262198,,,0.76,0.3572263319370424,0.8833850264549256,-0.024479031562805176,-0.04775053946249708,
T2,L3b,400,4,10,False,4,0.19886701703071596,0.4829599857330322,-0.10883774714022078,,,0.76,0.3556781563929347,0.9316710472106934,-0.014922022819519043,0.007230025387118033,
T2,L3b,400,4,11,False,4,0.2348040282726288,0.45819997787475586,-0.04073082920203612,,,0.6799999999999999,0.31692433610612475,0.9473960041999817,-0.05106210708618164,-0.10846311295319566,
T2,L3b,400,4,12,False,4,0.17145481109619132,0.40783214569091797,-0.36360172537530794,,,0.76,0.2294195497069719,0.9059788227081298,-0.0222320556640625,-0.10500028636163661,
T2,L3b,400,4,13,False,4,0.1675318717956542,0.41483795642852783,0.7611686899916755,,,0.84,0.024771381268406483,0.9264539718627929,0.02441394329071045,0.06280232615041648,
T2,L3b,400,4,14,False,4,0.20830597877502433,0.36357200145721436,0.3735826009353741,,,0.84,0.4724796585643163,0.8712579250335692,-0.00842297077178955,-0.08012931640758181,
T2,L3b,400,4,15,False,4,0.19521679878234854,0.4826540946960449,0.39588224825850854,,,0.64,0.16913225281862915,0.9264978408813476,-0.05798006057739258,-0.116191318677072,
T2,L3b,400,4,16,False,4,0.22536077499389684,0.4058980941772461,0.5129467541547907,,,0.8,0.323141816890667,0.909555816650391,0.007559776306152344,-0.00824201075304698,
T2,L3b,400,4,17,False,4,0.1827677726745609,0.42226600646972656,-0.49081172835647086,,,0.72,0.17291588100112093,0.915607833862305,0.048954010009765625,0.10343210396771418,
T2,L3b,400,4,18,False,4,0.21085109710693395,0.5088438987731934,0.26919600301707564,,,0.6799999999999999,0.14658635293885924,0.9487060546875004,-0.04737496376037598,-0.10112110351225168,
T2,L3b,400,4,19,False,4,0.2202137947082523,0.48096609115600586,-0.03679208174078623,,,0.72,0.2505314085961731,0.8788818359375004,-0.03228902816772461,0.09322172808707219,
T2,L3b,400,5,0,False,5,0.23197212219238317,0.37346601486206055,0.5119444409635662,,,0.8,0.3644168597462521,0.8714660644531254,-0.053388118743896484,-0.08344016149578914,
T2,L3b,400,5,1,True,5,0.20746412277221715,0.4612799882888794,0.45189342766974716,,,0.76,0.33381440134508,0.8636969566345218,-0.005025982856750488,0.0031299993778937107,
T2,L3b,400,5,2,False,5,0.20201196670532262,0.4701399803161621,-0.4905269297172337,,,0.64,0.2538915785686668,0.9496296882629398,0.05831003189086914,-0.11969729657209971,
T2,L3b,400,5,3,False,5,0.21258010864257848,0.3894491195678711,-0.22693860940906357,,,0.6799999999999999,0.09345571411617504,0.9408639907836918,-0.04312896728515625,-0.03728218741698397,
T2,L3b,400,5,4,False,5,0.20647897720336905,0.3926091194152832,-0.17479438805034453,,,0.76,0.19324134165170956,0.8659299850463866,-0.038494110107421875,0.022738517485646703,
T2,L3b,400,5,5,False,5,0.21087088584899893,0.45496904850006104,-0.3938341871995047,,,0.6,0.0769674505393392,0.9139589309692382,-0.024353981018066406,0.05845829860490337,
T2,L3b,400,5,6,False,5,0.16892590522766104,0.42744696140289307,0.5601798793570787,,,0.8,0.05238447809683974,0.9282168388366698,0.03935503959655762,0.02813293291846186,
T2,L3b,400,5,7,False,5,0.21174898147583,0.3685178756713867,0.3139051280319754,,,0.88,0.32677854295421893,0.873841905593872,-0.04904985427856445,0.051089515015844356,
T2,L3b,400,5,8,True,5,0.19884202778339388,0.44236183166503906,0.5522281846512404,,,0.84,0.4358896292196791,0.8599040150642395,-0.016756057739257812,-0.05436263359749649,
T2,L3b,400,5,9,False,5,0.24231102466583254,0.4237060546875,-0.12040869927772914,,,0.64,0.17499506356426586,0.9443699955940247,0.05601799488067627,-0.032429476464353346,
T2,L3b,400,5,10,False,5,0.16323002576828005,0.5165948867797852,0.5989426224095047,,,0.84,0.5051302251831837,0.85564204454422,-0.01960599422454834,0.11045425970899103,
T2,L3b,400,5,11,False,5,0.25767102241516116,0.4001340866088867,0.09425089514303163,,,0.64,0.10692806959053203,0.9387440323829651,0.05418205261230469,-0.047644545742293154,
T2,L3b,400,5,12,False,5,0.2029918670654296,0.4027400016784668,0.2107518032646922,,,0.8,0.2930536619461016,0.8937260150909423,0.0554962158203125,-0.1254001464389476,
T2,L3b,400,5,13,True,5,0.21421494483947745,0.4755159616470337,0.10971907052770573,,,0.6799999999999999,0.2405075339190341,0.9203750133514403,0.051216959953308105,-0.048796900054475234,
T2,L3b,400,5,14,False,5,0.1604179382324218,0.5317580699920654,-0.03505978170353302,,,0.72,0.21221661725185334,0.9120708942413329,-0.011636972427368164,-0.04523788354674663,
T2,L3b,400,5,15,False,5,0.23608293533325186,0.47063589096069336,0.0066960099568591025,,,0.76,0.26903839610317837,0.9227928161621093,-0.018152236938476562,-0.11571048058798494,
T2,L3b,400,5,16,False,5,0.1731847763061527,0.40873098373413086,-0.7638963079779062,,,0.56,0.25207448291588164,0.9319318771362308,0.04210376739501953,-0.09926064967888415,
T2,L3b,400,5,17,False,5,0.21524372100830114,0.46799302101135254,-0.6564706619211024,,,0.36,0.2865885542921464,0.9407466888427738,-0.05968499183654785,-0.05438874956603046,
T2,L3b,400,5,18,False,5,0.18744411468505895,0.4895080327987671,0.11570252271538999,,,0.6799999999999999,0.22294453909802392,0.9243201255798343,-0.011448025703430176,0.10464159822985408,
T2,L3b,400,5,19,False,5,0.17722501754760778,0.42766523361206055,0.389077502584389,,,0.72,0.4000165534682636,0.8987406730651859,0.025323867797851562,0.11308223430451658,
T2,L3b,400,6,0,True,6,0.17801370620727575,0.42223596572875977,-0.28675546120793977,,,0.6,0.30321231145680777,0.8668478965759281,0.03050994873046875,0.11375529322178757,
T2,L3b,400,6,1,False,6,0.24554481506347692,0.3956249952316284,0.5330607259461214,,,0.88,0.2500997472045939,0.900773906707764,-0.0169980525970459,-0.037164174062834565,
T2,L3b,400,6,2,False,6,0.24606409072876012,0.5072400569915771,0.7582805548007195,,,0.92,0.521110005507672,0.8562940597534183,-0.03852498531341553,-0.08394074100437132,
T2,L3b,400,6,3,False,6,0.16165771484375036,0.4408450126647949,0.7145189290529878,,,0.88,0.464233525982202,0.938704872131348,-0.0437779426574707,-0.02736488679930371,
T2,L3b,400,6,4,True,6,0.21900095939636222,0.39650583267211914,0.7020811853010691,,,0.8,0.4459250041790241,0.886966848373413,0.03966999053955078,0.10813260915603351,
T2,L3b,400,6,5,True,6,0.20392599105834952,0.5163189768791199,0.5482649470501645,,,0.84,0.22096465969769863,0.9034430027008056,0.005072951316833496,0.10043003979982412,
T2,L3b,400,6,6,False,6,0.1802889347076415,0.48922204971313477,0.7093788609741198,,,0.92,0.3470760195670736,0.9313680171966552,0.002339005470275879,-0.11640362390996772,
T2,L3b,400,6,7,False,6,0.22218480110168448,0.4653921127319336,-0.03888644932268011,,,0.72,0.3815355489903734,0.8865458011627196,-0.01965618133544922,0.039056516739718106,
T2,L3b,400,6,8,True,6,0.22863302528858187,0.5324521064758301,0.1854556904216944,,,0.96,0.42068715792443634,0.9126270055770874,0.035108089447021484,-0.010180045385442149,
T2,L3b,400,6,9,False,6,0.16984801888465884,0.5165849924087524,0.2156757465212037,,,0.72,0.37583493469041135,0.9434280037879944,0.03809201717376709,-0.027656915705743135,
T2,L3b,400,6,10,False,6,0.1665430307388306,0.42413604259490967,-0.702999214515708,,,0.72,0.2045754568053154,0.8654810428619385,0.05726003646850586,0.02970506384864713,
T2,L3b,400,6,11,False,6,0.23891902863979342,0.5114102363586426,-0.019292309682412776,,,0.72,0.3131015557552102,0.9275750160217285,-0.042833805084228516,-0.035401884386854654,
T2,L3b,400,6,12,False,6,0.19183197021484366,0.391110897064209,-0.5333887733015905,,,0.56,0.13479425253046848,0.8984018802642821,-0.015528202056884766,0.11460061827992529,
T2,L3b,400,6,13,False,6,0.2215758800506591,0.38411200046539307,0.13234250113253246,,,0.76,0.38427897602798383,0.9055630207061767,0.02710902690887451,-0.06553575570218229,
T2,L3b,400,6,14,False,6,0.24989190101623526,0.4027860164642334,0.38326949472804955,,,0.84,0.20148355803882964,0.9394709110260009,0.014904975891113281,-0.07679883501560747,
T2,L3b,400,6,15,True,6,0.2132469654083251,0.46005821228027344,0.5264338444304038,,,0.92,0.4642766681342966,0.9062499046325683,-0.004621028900146484,-0.1227269554088597,
T2,L3b,400,6,16,True,6,0.23296394348144567,0.44924402236938477,0.5209943512228113,,,0.92,0.1507253159909748,0.9112667083740238,0.05509376525878906,0.09582477762956376,
T2,L3b,400,6,17,False,6,0.2146576881408695,0.446058988571167,-0.47554847649189236,,,0.56,0.030652216844625046,0.9440630912780765,-0.056143999099731445,-0.1034661877672769,
T2,L3b,400,6,18,True,6,0.23613014221191442,0.4935920238494873,-0.5819533351808605,,,0.43999999999999995,0.16215130548351228,0.8531021118164066,-0.011849045753479004,0.04846480623746707,
T2,L3b,400,6,19,False,6,0.17859067916870153,0.41738080978393555,-0.4206278545464161,,,0.64,0.2626519654589352,0.9441107749938968,-0.022136211395263672,-0.018462283020946213,
T2,L3b,400,7,0,False,7,0.24895610809326207,0.39379215240478516,-0.20146864047353297,,,0.6799999999999999,0.13878267819141293,0.8625248908996586,0.009640216827392578,-0.09809315877596525,
T2,L3b,400,7,1,False,7,0.1814078330993656,0.5346239805221558,-0.5070092388613252,,,0.4,0.12102777758405436,0.9161538124084476,0.03481602668762207,-0.014216107650435461,
T2,L3b,400,7,2,False,7,0.23447313308715856,0.41064202785491943,-0.41527358341944665,,,0.76,0.22343532983071715,0.9113739967346195,0.03400397300720215,-0.10892990213649911,
T2,L3b,400,7,3,False,7,0.245498085021973,0.5026159286499023,0.495895473583179,,,0.76,0.2113757696323975,0.9313119888305668,0.0031690597534179688,-0.024860622085383977,
T2,L3b,400,7,4,True,7,0.18901791572570792,0.46417808532714844,-0.5649117541075542,,,0.64,0.29693610453663666,0.9310359001159667,-0.046964168548583984,0.06770294445219882,
T2,L3b,400,7,5,False,7,0.22767486572265616,0.36885905265808105,-0.2912401855636928,,,0.64,0.23730615615553374,0.86445894241333,-0.005404949188232422,-0.1099613681165672,
T2,L3b,400,7,6,False,7,0.19431486129760733,0.534714937210083,-0.7149692598532676,,,0.28,0.04594505570310852,0.8578440189361571,0.038620948791503906,0.08284175942764271,
T2,L3b,400,7,7,False,7,0.16605391502380362,0.503486156463623,-0.32538948812760626,,,0.52,0.20053912144580482,0.940565013885498,0.031941890716552734,0.014078124345019205,
T2,L3b,400,7,8,False,7,0.1976290285587311,0.4715580940246582,-0.46555698507873916,,,0.8,0.21918998495015402,0.851981008052826,-0.0032482147216796875,0.1291096851517679,
T2,L3b,400,7,9,False,7,0.17852901816368105,0.39575695991516113,-0.6028116891307784,,,0.48,0.22299637717782508,0.8577360153198242,-0.023025989532470703,-0.05946078024997181,
T2,L3b,400,7,10,False,7,0.2264640271663666,0.4117870330810547,0.4484853080048047,,,0.88,0.3320415558043906,0.9076590180397034,-0.015457987785339355,-0.09104942289211548,
T2,L3b,400,7,11,False,7,0.18663702309131625,0.4379000663757324,0.25349408515761995,,,0.8,0.36685364670272363,0.9329840183258057,-0.016139984130859375,0.09330981516429482,
T2,L3b,400,7,12,False,7,0.22853794097900382,0.36419010162353516,-0.0578641018448107,,,0.6,0.16249340102111395,0.9014219284057616,0.037322998046875,-0.006372009560924763,
T2,L3b,400,7,13,False,7,0.21751298904418936,0.3863699436187744,0.2248473107395572,,,0.8,0.24174777889896892,0.876853847503662,0.030837059020996094,-0.12079132947885807,
T2,L3b,400,7,14,False,7,0.21526899337768546,0.4288959503173828,0.23648863950053742,,,0.72,0.26428158031345844,0.9285909175872802,-0.00950002670288086,0.008988028428310813,
T2,L3b,400,7,15,False,7,0.24741497039794913,0.4073491096496582,0.22292726224165277,,,0.6799999999999999,0.39459447745765414,0.8901700019836425,-0.051149845123291016,0.11963548373511212,
T2,L3b,400,7,16,False,7,0.22934188842773473,0.37172412872314453,-0.4195974052653546,,,0.6799999999999999,0.2701019959869579,0.8529118537902836,-0.00023412704467773438,-0.11078075144290711,
T2,L3b,400,7,17,False,7,0.2576250076293949,0.42884600162506104,0.16745357489727658,,,0.56,0.23189559403692186,0.9414381027221683,0.01563394069671631,0.07069479695821634,
T2,L3b,400,7,18,False,7,0.25185003280639684,0.47121095657348633,-0.13588051597818512,,,0.6,0.28397575802173597,0.9330858230590824,-0.05359303951263428,0.06621010841248065,
T2,L3b,400,7,19,False,7,0.25953998565673864,0.38019800186157227,-0.038860435797823244,,,0.64,0.19034907300393442,0.8631748199462894,-0.05694580078125,0.00023000000104822504,
T2,L3b,400,8,0,True,8,0.22269001007080114,0.4609231948852539,0.46798078357520245,,,0.84,0.4070022380520273,0.8512081146240238,-0.04116392135620117,0.024446628625745426,
T2,L3b,400,8,1,False,8,0.1863678932189945,0.49051403999328613,-0.7047822041616902,,,0.43999999999999995,0.04327453511270896,0.8932737350463871,-0.035513997077941895,-0.10064450499733191,
T2,L3b,400,8,2,False,8,0.1895579338073734,0.3772209882736206,0.413448669375367,,,0.8,0.24418892029429945,0.8515957832336429,0.014477014541625977,-0.0345057310299941,
T2,L3b,400,8,3,False,8,0.19550600051879918,0.44149017333984375,-0.5827675380601639,,,0.6,0.34867018526507604,0.943925762176514,0.011693000793457031,-0.013790119834591774,
T2,L3b,400,8,4,False,8,0.2164029121398925,0.49277496337890625,-0.30045689299456485,,,0.64,0.1913968062426302,0.9480449199676513,0.04154491424560547,-0.05980290531281973,
T2,L3b,400,8,5,False,8,0.1795100212097167,0.4636969566345215,0.6110962434228396,,,0.92,0.42220795722507753,0.886588954925537,0.012202024459838867,-0.11886610841135914,
T2,L3b,400,8,6,False,8,0.16009202003478995,0.5329680442810059,0.1172711411338366,,,0.72,0.5319419202756289,0.916439914703369,-0.042950987815856934,-0.041260954692101226,
T2,L3b,400,8,7,False,8,0.16432991027832022,0.3777470588684082,-0.5769904682895567,,,0.72,0.3905837631628771,0.9324208736419677,-0.02896881103515625,-0.11362696571001951,
T2,L3b,400,8,8,False,8,0.17307802438735964,0.5061030387878418,-0.4371975205856039,,,0.6,0.10407690958288911,0.8604800343513489,0.04252004623413086,0.019742337777286956,
T2,L3b,400,8,9,False,8,0.16982101798057558,0.5245360136032104,-0.7089711548815819,,,0.56,0.3104596325083674,0.9279000401496887,0.006297945976257324,-0.007074009608041276,
T2,L3b,400,8,10,False,8,0.1958730310201645,0.5005929470062256,0.6206352065294607,,,0.84,0.39947069363080157,0.8596390128135681,-0.04957401752471924,0.0738067790749879,
T2,L3b,400,8,11,False,8,0.20689603090286257,0.3869338035583496,0.17865754161294248,,,0.76,0.32378374216736006,0.8521239995956421,0.04637622833251953,-0.00983203692202439,
T2,L3b,400,8,12,True,8,0.22401585578918448,0.5149679183959961,0.017314206712955027,,,0.8,0.32673766985027947,0.9244908332824706,-0.026835918426513672,0.049849223809152576,
T2,L3b,400,8,13,False,8,0.21626200675964347,0.48177003860473633,0.3374568777280102,,,0.72,0.12287768883245434,0.8721398353576659,0.0321199893951416,0.10123330611169479,
T2,L3b,400,8,14,False,8,0.25744285583496085,0.5385429859161377,0.3354202955992642,,,0.72,0.13886291551836658,0.9398488044738769,0.009356021881103516,-0.013836114257345322,
T2,L3b,400,8,15,False,8,0.23552098274230948,0.5231261253356934,0.00022600000567336742,,,0.8,0.225237764911281,0.8721949100494384,0.04431009292602539,0.026194768390114476,
T2,L3b,400,8,16,False,8,0.23680582046508825,0.3945159912109375,0.7419599053816197,,,0.76,0.2517871102303447,0.8792270660400394,0.009929180145263672,0.056307390896389364,
T2,L3b,400,8,17,False,8,0.2046016693115238,0.3746910095214844,0.3390231579332239,,,0.8,0.35821932011846863,0.9274739265441898,-0.013931035995483398,0.10490202606211252,
T2,L3b,400,8,18,False,8,0.181563758850098,0.44619905948638916,-0.5668781295193436,,,0.72,0.3423705440665066,0.8731659889221195,0.037071943283081055,0.08374857885855569,
T2,L3b,400,8,19,False,8,0.20736780166626012,0.37122201919555664,-0.09637928778419566,,,0.72,0.08007021299372599,0.9222311019897464,-0.015580177307128906,-0.09868998434757081,
T2,L3b,400,9,0,False,9,0.1955827713012699,0.37706995010375977,0.6963585257970102,,,0.96,0.3605356157482269,0.9487036705017093,-0.022233009338378906,0.06424905653113644,
T2,L3b,400,9,1,False,9,0.20557203292846715,0.4431140422821045,-0.20846127069458073,,,0.6799999999999999,0.3824242518616215,0.9073580741882328,-0.007907986640930176,-0.00830603364105853,
T2,L3b,400,9,2,False,9,0.22647466659545934,0.3601330518722534,-0.76430180479604,,,0.76,0.47138609271149695,0.863446140289307,0.0021669864654541016,0.020130361270199515,
T2,L3b,400,9,3,False,9,0.21003093719482457,0.5360541343688965,0.5798343796167365,,,0.8,0.38209146596491333,0.9177178382873539,-0.0247039794921875,-0.0861646768304376,
T2,L3b,400,9,4,False,9,0.1854118347167968,0.4340019226074219,0.5616304631563311,,,0.92,0.25468087271451184,0.8777638912200927,-0.045884132385253906,0.09602079429470045,
T2,L3b,400,9,5,False,9,0.2563089370727538,0.3902829885482788,-0.20964569150055617,,,0.72,0.11524958074259169,0.9013239383697509,-0.04960000514984131,-0.012976088535765928,
T2,L3b,400,9,6,False,9,0.2543248176574706,0.42103397846221924,0.6471775531295815,,,0.84,0.3180038844280155,0.9374917984008788,-0.014750957489013672,-0.09565858317313358,
T2,L3b,400,9,7,False,9,0.22995080947875968,0.3689708709716797,0.6484621265904087,,,0.8,0.34246524127930555,0.9126619338989257,-0.05718183517456055,0.059706947801124954,
T2,L3b,400,9,8,False,9,0.16985502243041994,0.5230391025543213,-0.3712135663442598,,,0.48,0.20465921323071629,0.9487070083618164,0.0023241043090820312,-0.07776165479408537,
T2,L3b,400,9,9,False,9,0.2522800207138062,0.47307395935058594,-0.31187427524650757,,,0.6,0.21275313640700055,0.8567960500717163,0.03886401653289795,0.11548430391964004,
T2,L3b,400,9,10,False,9,0.20700501799583437,0.4445459842681885,0.263404869646899,,,0.72,0.2467136507651663,0.9019500255584717,-0.034028053283691406,0.10089870950070967,
T2,L3b,400,9,11,False,9,0.21623902916908266,0.5374388694763184,0.6719844911826429,,,0.84,0.16608627912143267,0.9211970210075379,0.051618099212646484,-0.08549813787203231,
T2,L3b,400,9,12,False,9,0.22237887382507315,0.5126020908355713,0.4714295653130883,,,0.92,0.32944686289153124,0.892460012435913,0.0016541481018066406,-0.05223393313355951,
T2,L3b,400,9,13,False,9,0.2181588649749755,0.5129160284996033,-0.040112694097019716,,,0.8,0.2453893520288616,0.9373649597167968,-0.04467296600341797,-0.054098624296137654,
T2,L3b,400,9,14,False,9,0.22689690589904776,0.48166799545288086,-0.5736345659865475,,,0.31999999999999995,0.1995668020977744,0.8517769813537597,-0.05663096904754639,-0.09523810441726077,
T2,L3b,400,9,15,False,9,0.1788679599761962,0.5115981101989746,-0.4337808475620099,,,0.48,0.09293512274370241,0.9295360088348388,-0.05832386016845703,-0.06959795186063866,
T2,L3b,400,9,16,False,9,0.20542278289794957,0.49686622619628906,0.6596026617653075,,,0.92,0.3030581173296282,0.9254168510437015,0.022192001342773438,0.1267747694269321,
T2,L3b,400,9,17,False,9,0.1908840179443363,0.417091965675354,-0.02580072111460295,,,0.84,0.24728718571118236,0.8924888610839847,-0.05639803409576416,-0.004916004530608031,
T2,L3b,400,9,18,False,9,0.22997369766235387,0.5359699726104736,-0.7530866633531945,,,0.36,0.26578192171831,0.9181879997253422,-0.03995394706726074,0.11961334460252893,
T2,L3b,400,9,19,False,9,0.24320211410522496,0.4013209342956543,-0.7172031427751852,,,0.6799999999999999,0.2632346312605979,0.8760260581970218,0.024447917938232422,-0.10142756240180484,
T2,L3b,100,0,0,False,0,0.194317722320557,0.45377111434936523,0.24743682354649002,,,0.72,0.21495557326059658,0.8733071327209476,0.03396177291870117,0.0012879993163412706,
T2,L3b,100,0,1,False,0,0.2548049926757816,0.4977949857711792,0.5241742065268357,,,0.88,0.5980977907615904,0.9083780288696293,-0.05678105354309082,-0.05239996607094444,
T2,L3b,100,0,2,False,0,0.1820959091186527,0.5291240215301514,-0.7496354381811143,,,0.43999999999999995,0.16120355000503547,0.9179800987243656,-0.05533802509307861,0.07824591685981996,
T2,L3b,100,0,3,False,0,0.18484678268432653,0.3946962356567383,-0.36628195346265424,,,0.48,0.34563318159932976,0.8848160743713382,-0.038105010986328125,-0.12393118949602488,
T2,L3b,100,0,4,False,0,0.18768491744995108,0.49260902404785156,0.6796538224092066,,,0.96,0.7509607523499912,0.8590749740600585,0.0014190673828125,-0.06453727945684751,
T2,L3b,100,0,5,True,0,0.1988247871398925,0.36877596378326416,-0.7012056595612965,,,0.6,0.18468050611737816,0.8920518398284911,-0.026747941970825195,-0.06884950192368855,
T2,L3b,100,0,6,False,0,0.25407400131225577,0.41867804527282715,-0.4094357426981283,,,0.6,0.3071116330669038,0.8757609367370605,0.03318798542022705,0.0033439977849667457,
T2,L3b,100,0,7,False,0,0.23527398109436026,0.4551057815551758,-0.5672758755507005,,,0.31999999999999995,0.23941492305616807,0.8742639064788817,-0.013528823852539062,0.10805055013560505,
T2,L3b,100,0,8,False,0,0.19382301867008211,0.40781211853027344,0.7095340074181251,,,0.92,0.4738781547426856,0.9136300325393677,-0.004003047943115234,-0.0016019986043520618,
T2,L3b,100,0,9,False,0,0.20225501954555514,0.4163130521774292,-0.39389956513500657,,,0.72,0.49912328558597496,0.917952024936676,-0.02113795280456543,0.01259009161992708,
T2,L3b,100,0,10,False,0,0.2517710268497467,0.48682498931884766,-0.4976099678847683,,,0.28,0.2167531538688988,0.8800350069999695,0.04752194881439209,0.0882627447794384,
T2,L3b,100,0,11,False,0,0.1850490212440491,0.3970460891723633,0.4597133668860615,,,0.8,0.24673454727569147,0.8677280187606812,0.05684614181518555,0.10784840063079493,
T2,L3b,100,0,12,False,0,0.2146038055419921,0.5217220783233643,0.5259097069863595,,,0.84,0.6391402229886418,0.9275409221649169,0.059906959533691406,0.08542596016335491,
T2,L3b,100,0,13,False,0,0.16661992073059073,0.5242739915847778,0.5490628171244181,,,0.88,0.7046636406867143,0.9265929698944091,0.01820194721221924,0.09343397377933904,
T2,L3b,100,0,14,False,0,0.16398181915283194,0.4758169651031494,-0.6377152153583494,,,0.56,0.5378138644264373,0.8669899940490722,-0.032438039779663086,-0.05650151116376945,
T2,L3b,100,0,15,False,0,0.17731680870056143,0.49529600143432617,0.04752248573258299,,,0.64,0.1595549566044511,0.9079519748687743,0.02866220474243164,-0.04005673009949806,
T2,L3b,100,0,16,True,0,0.2303446769714359,0.41704511642456055,-0.31270455962001453,,,0.6799999999999999,0.3842058317055234,0.8536938667297367,-0.023221969604492188,-0.0013179992610088398,
T2,L3b,100,0,17,False,0,0.2261637687683109,0.5191680192947388,-0.30195184261139285,,,0.72,0.43393407887438395,0.8834737777709964,0.047047972679138184,0.01981032076498135,
T2,L3b,100,0,18,False,0,0.2481221199035648,0.3972799777984619,-0.20982881806177728,,,0.6,0.09411356968284434,0.9187320709228519,0.03884398937225342,-0.011866083411725903,
T2,L3b,100,0,19,False,0,0.1831196784973148,0.5257019996643066,-0.7466836046002938,,,0.43999999999999995,0.09601312650586198,0.8785318374633793,-0.0499420166015625,0.05960880197369178,
T2,L3b,100,1,0,False,1,0.21729412078857457,0.45739316940307617,-0.16510151584624622,,,0.56,0.5479035828991846,0.9070247650146488,0.015398025512695312,-0.09686001073225103,
T2,L3b,100,1,1,False,1,0.18241205215454137,0.38551998138427734,0.5747378595309504,,,0.88,0.3553185046400621,0.8548959732055668,0.027444958686828613,0.015206152006197016,
T2,L3b,100,1,2,False,1,0.1714281082153324,0.5073568820953369,0.5496864906198374,,,0.88,0.39515995107967095,0.8915657043457035,0.03475797176361084,0.06409089270642632,
T2,L3b,100,1,3,False,1,0.17497577667236364,0.42671823501586914,0.017112201665746698,,,0.8,0.5116049379712329,0.91522970199585,0.035101890563964844,-0.1273862102864669,
T2,L3b,100,1,4,False,1,0.19336094856262198,0.4393801689147949,-0.15750279501153366,,,0.6799999999999999,0.26692562763293454,0.9451819896697997,0.04710817337036133,0.0633165524419308,
T2,L3b,100,1,5,False,1,0.16753592491149893,0.4352719783782959,-0.1667170575026677,,,0.6799999999999999,0.37386844828776433,0.9419509410858153,-0.01900303363800049,-0.06907365603717208,
T2,L3b,100,1,6,False,1,0.24620094299316397,0.47906994819641113,-0.3527845265882391,,,0.56,0.15676720703219973,0.9492448806762694,0.009804010391235352,0.12570689465235674,
T2,L3b,100,1,7,False,1,0.18818392753601065,0.4483060836791992,0.7326613794351938,,,0.84,0.4124458809194231,0.9438067913055419,0.0443568229675293,0.07366659947554055,
T2,L3b,100,1,8,False,1,0.18952302038669588,0.4814028739929199,-0.24982527554041709,,,0.64,0.5029585321286207,0.872428023815155,0.022404193878173828,-0.05033336177526726,
T2,L3b,100,1,9,True,1,0.23000902831554415,0.4239000082015991,0.17798488481478117,,,0.72,0.6227643890695544,0.8668779969215393,-0.03284299373626709,0.11951909135933825,
T2,L3b,100,1,10,False,1,0.19022702574729922,0.4055670499801636,0.09390250201734245,,,0.84,0.3819140525964244,0.8538360238075257,0.055636048316955566,0.013912104752456855,
T2,L3b,100,1,11,False,1,0.21087502837181094,0.5242757797241211,-0.26944441704221134,,,0.6,0.30988914322762723,0.9476700067520142,-0.04046821594238281,0.06979020499183619,
T2,L3b,100,1,12,True,1,0.22071590423583975,0.4951591491699219,0.2612219413230898,,,0.8,0.3070998018350015,0.9352909564971923,-0.025166988372802734,-0.028760955910663633,
T2,L3b,100,1,13,False,1,0.20676698684692374,0.4058239459991455,-0.24582658794807108,,,0.76,0.7401278032088413,0.874478006362915,0.015676021575927734,-0.013490112605046622,
T2,L3b,100,1,14,False,1,0.1715599536895751,0.500485897064209,0.10389472250154395,,,0.72,0.2972462914649081,0.8507617950439452,-0.0363539457321167,0.006332010269456845,
T2,L3b,100,1,15,False,1,0.2172888755798339,0.4481501579284668,-0.1648645981319725,,,0.56,0.46182097548795026,0.9390918254852294,0.031241893768310547,-0.012404071769260394,
T2,L3b,100,1,16,False,1,0.21106090545654332,0.4170951843261719,0.3938201099598278,,,0.92,0.2591396575827679,0.9242156982421879,0.018085956573486328,0.08547399739200845,
T2,L3b,100,1,17,False,1,0.17561378479003942,0.40416598320007324,-0.6380566608904196,,,0.6,0.10896109263220331,0.8596819877624515,-0.0546950101852417,-0.08083408900531897,
T2,L3b,100,1,18,False,1,0.17098369598388707,0.4796450138092041,-0.5531634563651477,,,0.52,0.3369006267423444,0.9293750762939457,-0.05903303623199463,-0.11473094054753874,
T2,L3b,100,1,19,False,1,0.1913436889648441,0.3975820541381836,-0.37215578682875794,,,0.6799999999999999,0.5350346546472354,0.90605583190918,-0.020515918731689453,-0.08281761245984587,
T2,L3b,100,2,0,False,2,0.25647583007812536,0.3790750503540039,0.38407027595976906,,,0.8,0.7282080942779832,0.9137839317321781,-0.02931976318359375,-0.031435337023934196,
T2,L3b,100,2,1,False,2,0.21571769714355504,0.513401985168457,-0.7427004243514954,,,0.28,0.08359251079980498,0.8599361419677738,0.011762022972106934,0.08840284798696363,
T2,L3b,100,2,2,False,2,0.2324956893920902,0.41061294078826904,-0.20361757565072736,,,0.6799999999999999,0.4252512478045193,0.898869895935059,-0.04144597053527832,0.017708219695117045,
T2,L3b,100,2,3,True,2,0.1704701423645023,0.45358991622924805,-0.14029104520098581,,,0.64,0.27665925164332766,0.8625158309936527,0.004889965057373047,-0.06480535112095387,
T2,L3b,100,2,4,False,2,0.2438539505004882,0.4996180534362793,0.5896468491016633,,,0.84,0.3296378988497507,0.8550468921661376,-0.013557910919189453,0.012184091728394186,
T2,L3b,100,2,5,False,2,0.18948378562927237,0.523838996887207,0.3735787566207785,,,0.72,0.3160813868519803,0.9473678112030028,-0.01836705207824707,-0.11187233146410103,
T2,L3b,100,2,6,True,2,0.18197383880615225,0.4912680387496948,0.0006640000407495807,,,0.6,0.26337362570061157,0.932140016555786,-0.02443099021911621,0.03455569461712038,
T2,L3b,100,2,7,False,2,0.1678339481353759,0.5225062370300293,-0.1261576220786134,,,0.64,0.5602537709905023,0.8998919963836669,-0.016522884368896484,0.07336251634689361,
T2,L3b,100,2,8,False,2,0.22581701874732973,0.4395880699157715,0.293658017730538,,,0.88,0.5401779140544776,0.857442045211792,-0.016540050506591797,-0.10991143042617546,
T2,L3b,100,2,9,False,2,0.19812201857566836,0.44560301303863525,0.23547568073934988,,,0.72,0.4004756244356756,0.8877700209617615,-0.01997995376586914,0.07295213747117035,
T2,L3b,100,2,10,False,2,0.1915250211954117,0.4540560245513916,-0.1281516993641351,,,0.72,0.19737648972669192,0.8915380477905274,-0.045848965644836426,0.10404894619268301,
T2,L3b,100,2,11,False,2,0.21462602317333224,0.5103368759155273,0.09086925883756725,,,0.6799999999999999,0.3394878901160757,0.8814470410346985,-0.053250789642333984,0.08468920122585644,
T2,L3b,100,2,12,True,2,0.22915401458740225,0.5092520713806152,-0.5423837163374716,,,0.48,0.5154622632350997,0.9303459167480468,-0.003627777099609375,-0.08617661666501952,
T2,L3b,100,2,13,False,2,0.20792689323425284,0.38884103298187256,-0.20930994748833817,,,0.72,0.6453533152081039,0.8888019561767577,0.015493988990783691,0.10708713081596244,
T2,L3b,100,2,14,False,2,0.18712582588195792,0.39465200901031494,-0.7800941828750277,,,0.52,0.41147097465990107,0.9237319469451903,-0.019003987312316895,-0.003912003813157039,
T2,L3b,100,2,15,False,2,0.17322888374328604,0.45340394973754883,0.21234064802136934,,,0.6799999999999999,0.3519911380780134,0.8613389968872069,0.040791988372802734,0.12479293750924558,
T2,L3b,100,2,16,False,2,0.24167003631591832,0.4313030242919922,-0.060877411859384715,,,0.56,0.6948077432077986,0.8724907875061039,-0.027904033660888672,0.1120324196578979,
T2,L3b,100,2,17,True,2,0.20621194839477575,0.4805539846420288,0.5926072811503521,,,0.84,0.5968076542177825,0.8900326728820804,-0.025899052619934082,0.10629204918293311,
T2,L3b,100,2,18,False,2,0.1718877792358402,0.47062695026397705,-0.19600366846652437,,,0.64,0.26787574157692035,0.9194678306579593,0.0572659969329834,-0.005060001934592773,
T2,L3b,100,2,19,False,2,0.16930189132690465,0.5233001708984375,-0.7202944122124364,,,0.56,0.5331374462784946,0.8583706855773929,0.0336298942565918,-0.01501213368669152,
T2,L3b,100,3,0,False,3,0.21132888793945348,0.5230228900909424,0.7134666665855608,,,0.88,0.5340935859162853,0.8659481048583988,0.02999591827392578,0.09980943359854066,
T2,L3b,100,3,1,False,3,0.189953708648682,0.4478110074996948,0.15623881607162668,,,0.84,0.30636228038825164,0.9360541343688968,-0.0036530494689941406,0.05035732210638422,
T2,L3b,100,3,2,False,3,0.21467580795288121,0.5282440185546875,-0.7121135783700837,,,0.19999999999999996,0.23179090937929767,0.9008521080017093,-0.03230595588684082,-0.10260311775792363,
T2,L3b,100,3,3,False,3,0.17567577362060582,0.508793830871582,-0.539206557910885,,,0.43999999999999995,0.39170866357452344,0.9416069030761722,0.0427861213684082,-0.08895932393197326,
T2,L3b,100,3,4,False,3,0.23229398727416983,0.5240330696105957,-0.7543512677365285,,,0.43999999999999995,0.41415548342210945,0.8673218727111816,0.01571178436279297,-0.058996548301639695,
T2,L3b,100,3,5,False,3,0.19086589813232413,0.5078380107879639,0.007742015318082176,,,0.64,0.2920008135876103,0.9405168533325194,-0.024405956268310547,-0.07243588206191287,
T2,L3b,100,3,6,False,3,0.19899787902832022,0.5316081047058105,-0.7187412633898093,,,0.19999999999999996,0.16264979486406006,0.862641954421997,0.05046200752258301,0.01278807081491884,
T2,L3b,100,3,7,False,3,0.2590228557586669,0.4907498359680176,0.349256310439507,,,0.8,0.7284780386543201,0.9441818237304687,-0.035893917083740234,-0.07642459436120363,
T2,L3b,100,3,8,False,3,0.23477702736854555,0.4170842170715332,-0.3621537549692187,,,0.6,0.22257581202305057,0.9113109946250916,-0.020266056060791016,-0.07222968829507881,
T2,L3b,100,3,9,False,3,0.21383801996707918,0.4429689645767212,-0.2532259629001612,,,0.64,0.6427387696807179,0.8792129993438721,0.05680203437805176,0.10714335918313722,
T2,L3b,100,3,10,False,3,0.1895770221948624,0.36969101428985596,0.13639968120371762,,,0.72,0.5653739714161928,0.8612780213356018,-0.05066800117492676,0.024100613077484567,
T2,L3b,100,3,11,False,3,0.18649902343750002,0.3761601448059082,0.7807949668485585,,,0.92,0.7251754899745612,0.8609940052032471,0.031516075134277344,0.07571818096041394,
T2,L3b,100,3,12,False,3,0.2006877899169921,0.45325803756713867,0.0936101893035868,,,0.76,0.1979035686192376,0.8776508808135985,-0.026493072509765625,-0.08609448791779961,
T2,L3b,100,3,13,False,3,0.16854801177978507,0.3646659851074219,-0.11063437303210771,,,0.84,0.5544210671366395,0.8778859615325927,-0.014317035675048828,0.11976342962646136,
T2,L3b,100,3,14,False,3,0.25127997398376456,0.5327939987182617,0.7345853909468996,,,0.88,0.8941127294154353,0.8981379508972167,-0.03379404544830322,0.02969107007352889,
T2,L3b,100,3,15,False,3,0.22746100425720206,0.5242137908935547,-0.5787851805565151,,,0.4,0.3335427200222359,0.8875719547271728,0.044936180114746094,-0.08944185330944165,
T2,L3b,100,3,16,False,3,0.2441829681396488,0.50860595703125,-0.6668452231436037,,,0.43999999999999995,0.3425802630884721,0.8921517372131351,-0.009188175201416016,0.04071079382240228,
T2,L3b,100,3,17,False,3,0.2527736663818363,0.4117189645767212,-0.719037805940667,,,0.72,0.3243220330639737,0.852157020568848,-0.004084944725036621,-0.02851099835134585,
T2,L3b,100,3,18,False,3,0.2216300010681156,0.4733619689941406,-0.20732312332407551,,,0.6,0.7090820895835592,0.9195736885070804,-0.019217967987060547,-0.06975810261242232,
T2,L3b,100,3,19,False,3,0.2247270584106449,0.45019006729125977,-0.15581965748760146,,,0.6,0.5231903252416937,0.86931266784668,0.04711723327636719,-0.07221573425038175,
T2,L3b,100,4,0,False,4,0.1666096687316898,0.37507009506225586,-0.491846725386271,,,0.6799999999999999,0.371017394227882,0.8829740524291996,-0.026986122131347656,-0.0767007319777453,
T2,L3b,100,4,1,False,4,0.1715201377868656,0.5254250168800354,-0.7770939625516609,,,0.48,0.4494855378562392,0.8754519462585453,0.013913989067077637,-0.039432513655556,
T2,L3b,100,4,2,False,4,0.20349588394165075,0.43609094619750977,-0.24173812505653594,,,0.72,0.34479084458840686,0.9427241325378422,0.022698044776916504,-0.04272722213765778,
T2,L3b,100,4,3,False,4,0.25701179504394567,0.4104142189025879,0.14234610528708933,,,0.72,0.15617241227820317,0.9173196792602543,0.0392451286315918,0.05186577566595574,
T2,L3b,100,4,4,False,4,0.1931058406829833,0.4423189163208008,-0.465225974048188,,,0.72,0.3865602245030898,0.9390608310699462,-0.003262042999267578,-0.0394205261602969,
T2,L3b,100,4,5,False,4,0.1667999267578124,0.3811609745025635,-0.10034011395575236,,,0.88,0.6673473744416514,0.8941949844360351,0.009966015815734863,0.09861384401557949,
T2,L3b,100,4,6,False,4,0.24248399734497061,0.407634973526001,0.6736242478490869,,,0.8,0.8815710955576307,0.9416498184204101,0.0308760404586792,0.07191739981267453,
T2,L3b,100,4,7,False,4,0.24444284439086905,0.4803280830383301,0.20063627843842038,,,0.64,0.46938268393513544,0.9399968624114989,-0.056183815002441406,-0.07291005662415806,
T2,L3b,100,4,8,False,4,0.21552802026271822,0.4905557632446289,0.7707895378335189,,,0.96,0.9815180010305976,0.9383090376853943,-0.0008478164672851562,-0.07872640786490948,
T2,L3b,100,4,9,False,4,0.256734037399292,0.47551095485687256,0.09668969665262198,,,0.76,0.7298233532810378,0.8833850264549256,-0.024479031562805176,-0.04775053946249708,
T2,L3b,100,4,10,False,4,0.19886701703071596,0.4829599857330322,-0.10883774714022078,,,0.76,0.5385933321639896,0.9316710472106934,-0.014922022819519043,0.007230025387118033,
T2,L3b,100,4,11,False,4,0.2348040282726288,0.45819997787475586,-0.04073082920203612,,,0.6799999999999999,0.5500843966638439,0.9473960041999817,-0.05106210708618164,-0.10846311295319566,
T2,L3b,100,4,12,False,4,0.17145481109619132,0.40783214569091797,-0.36360172537530794,,,0.76,0.2294195497069719,0.9059788227081298,-0.0222320556640625,-0.10500028636163661,
T2,L3b,100,4,13,False,4,0.1675318717956542,0.41483795642852783,0.7611686899916755,,,0.84,0.49714466731523593,0.9264539718627929,0.02441394329071045,0.06280232615041648,
T2,L3b,100,4,14,False,4,0.20830597877502433,0.36357200145721436,0.3735826009353741,,,0.84,0.8607910021321061,0.8712579250335692,-0.00842297077178955,-0.08012931640758181,
T2,L3b,100,4,15,True,4,0.19521679878234854,0.4826540946960449,0.39588224825850854,,,0.64,0.38210134479835745,0.9264978408813476,-0.05798006057739258,-0.116191318677072,
T2,L3b,100,4,16,False,4,0.22536077499389684,0.4058980941772461,0.5129467541547907,,,0.8,0.5530299506652366,0.909555816650391,0.007559776306152344,-0.00824201075304698,
T2,L3b,100,4,17,False,4,0.1827677726745609,0.42226600646972656,-0.49081172835647086,,,0.72,0.17291588100112093,0.915607833862305,0.048954010009765625,0.10343210396771418,
T2,L3b,100,4,18,False,4,0.21085109710693395,0.5088438987731934,0.26919600301707564,,,0.6799999999999999,0.4871563366885309,0.9487060546875004,-0.04737496376037598,-0.10112110351225168,
T2,L3b,100,4,19,False,4,0.2202137947082523,0.48096609115600586,-0.03679208174078623,,,0.72,0.6290743434755236,0.8788818359375004,-0.03228902816772461,0.09322172808707219,
T2,L3b,100,5,0,False,5,0.23197212219238317,0.37346601486206055,0.5119444409635662,,,0.8,0.473248892321322,0.8714660644531254,-0.053388118743896484,-0.08344016149578914,
T2,L3b,100,5,1,False,5,0.20746412277221715,0.4612799882888794,0.45189342766974716,,,0.76,0.35241554271564723,0.8636969566345218,-0.005025982856750488,0.0031299993778937107,
T2,L3b,100,5,2,False,5,0.20201196670532262,0.4701399803161621,-0.4905269297172337,,,0.64,0.5256472783937255,0.9496296882629398,0.05831003189086914,-0.11969729657209971,
T2,L3b,100,5,3,False,5,0.21258010864257848,0.3894491195678711,-0.22693860940906357,,,0.6799999999999999,0.5078134309145607,0.9408639907836918,-0.04312896728515625,-0.03728218741698397,
T2,L3b,100,5,4,False,5,0.20647897720336905,0.3926091194152832,-0.17479438805034453,,,0.76,0.6729132342024222,0.8659299850463866,-0.038494110107421875,0.022738517485646703,
T2,L3b,100,5,5,False,5,0.21087088584899893,0.45496904850006104,-0.3938341871995047,,,0.6,0.5438404901929105,0.9139589309692382,-0.024353981018066406,0.05845829860490337,
T2,L3b,100,5,6,False,5,0.16892590522766104,0.42744696140289307,0.5601798793570787,,,0.8,0.6248594781931137,0.9282168388366698,0.03935503959655762,0.02813293291846186,
T2,L3b,100,5,7,False,5,0.21174898147583,0.3685178756713867,0.3139051280319754,,,0.88,0.7756102158710861,0.873841905593872,-0.04904985427856445,0.051089515015844356,
T2,L3b,100,5,8,True,5,0.19884202778339388,0.44236183166503906,0.5522281846512404,,,0.84,0.4578333405569923,0.8599040150642395,-0.016756057739257812,-0.05436263359749649,
T2,L3b,100,5,9,False,5,0.24231102466583254,0.4237060546875,-0.12040869927772914,,,0.64,0.5742645422064746,0.9443699955940247,0.05601799488067627,-0.032429476464353346,
T2,L3b,100,5,10,False,5,0.16323002576828005,0.5165948867797852,0.5989426224095047,,,0.84,0.5994310477917549,0.85564204454422,-0.01960599422454834,0.11045425970899103,
T2,L3b,100,5,11,False,5,0.25767102241516116,0.4001340866088867,0.09425089514303163,,,0.64,0.3584080367620693,0.9387440323829651,0.05418205261230469,-0.047644545742293154,
T2,L3b,100,5,12,False,5,0.2029918670654296,0.4027400016784668,0.2107518032646922,,,0.8,0.2930536619461016,0.8937260150909423,0.0554962158203125,-0.1254001464389476,
T2,L3b,100,5,13,False,5,0.21421494483947745,0.4755159616470337,0.10971907052770573,,,0.6799999999999999,0.46688990641323524,0.9203750133514403,0.051216959953308105,-0.048796900054475234,
T2,L3b,100,5,14,False,5,0.1604179382324218,0.5317580699920654,-0.03505978170353302,,,0.72,0.9065635276830346,0.9120708942413329,-0.011636972427368164,-0.04523788354674663,
T2,L3b,100,5,15,False,5,0.23608293533325186,0.47063589096069336,0.0066960099568591025,,,0.76,0.3300768864212418,0.9227928161621093,-0.018152236938476562,-0.11571048058798494,
T2,L3b,100,5,16,False,5,0.1731847763061527,0.40873098373413086,-0.7638963079779062,,,0.56,0.25207448291588164,0.9319318771362308,0.04210376739501953,-0.09926064967888415,
T2,L3b,100,5,17,False,5,0.21524372100830114,0.46799302101135254,-0.6564706619211024,,,0.36,0.2865885542921464,0.9407466888427738,-0.05968499183654785,-0.05438874956603046,
T2,L3b,100,5,18,True,5,0.18744411468505895,0.4895080327987671,0.11570252271538999,,,0.6799999999999999,0.324311413443274,0.9243201255798343,-0.011448025703430176,0.10464159822985408,
T2,L3b,100,5,19,False,5,0.17722501754760778,0.42766523361206055,0.389077502584389,,,0.72,0.5547195906476259,0.8987406730651859,0.025323867797851562,0.11308223430451658,
T2,L3b,100,6,0,False,6,0.17801370620727575,0.42223596572875977,-0.28675546120793977,,,0.6,0.3955950426544306,0.8668478965759281,0.03050994873046875,0.11375529322178757,
T2,L3b,100,6,1,False,6,0.24554481506347692,0.3956249952316284,0.5330607259461214,,,0.88,0.7390273457108986,0.900773906707764,-0.0169980525970459,-0.037164174062834565,
T2,L3b,100,6,2,False,6,0.24606409072876012,0.5072400569915771,0.7582805548007195,,,0.92,0.6678004356721757,0.8562940597534183,-0.03852498531341553,-0.08394074100437132,
T2,L3b,100,6,3,False,6,0.16165771484375036,0.4408450126647949,0.7145189290529878,,,0.88,0.8345244474656062,0.938704872131348,-0.0437779426574707,-0.02736488679930371,
T2,L3b,100,6,4,False,6,0.21900095939636222,0.39650583267211914,0.7020811853010691,,,0.8,0.6462113263029763,0.886966848373413,0.03966999053955078,0.10813260915603351,
T2,L3b,100,6,5,True,6,0.20392599105834952,0.5163189768791199,0.5482649470501645,,,0.84,0.47336461216903564,0.9034430027008056,0.005072951316833496,0.10043003979982412,
T2,L3b,100,6,6,False,6,0.1802889347076415,0.48922204971313477,0.7093788609741198,,,0.92,0.5891878339978934,0.9313680171966552,0.002339005470275879,-0.11640362390996772,
T2,L3b,100,6,7,False,6,0.22218480110168448,0.4653921127319336,-0.03888644932268011,,,0.72,0.5381074412294874,0.8865458011627196,-0.01965618133544922,0.039056516739718106,
T2,L3b,100,6,8,False,6,0.22863302528858187,0.5324521064758301,0.1854556904216944,,,0.96,0.42068715792443634,0.9126270055770874,0.035108089447021484,-0.010180045385442149,
T2,L3b,100,6,9,False,6,0.16984801888465884,0.5165849924087524,0.2156757465212037,,,0.72,0.5620365928409158,0.9434280037879944,0.03809201717376709,-0.027656915705743135,
T2,L3b,100,6,10,True,6,0.1665430307388306,0.42413604259490967,-0.702999214515708,,,0.72,0.4997746511955235,0.8654810428619385,0.05726003646850586,0.02970506384864713,
T2,L3b,100,6,11,False,6,0.23891902863979342,0.5114102363586426,-0.019292309682412776,,,0.72,0.3131015557552102,0.9275750160217285,-0.042833805084228516,-0.035401884386854654,
T2,L3b,100,6,12,False,6,0.19183197021484366,0.391110897064209,-0.5333887733015905,,,0.56,0.4426203190364817,0.8984018802642821,-0.015528202056884766,0.11460061827992529,
T2,L3b,100,6,13,False,6,0.2215758800506591,0.38411200046539307,0.13234250113253246,,,0.76,0.6306965029896471,0.9055630207061767,0.02710902690887451,-0.06553575570218229,
T2,L3b,100,6,14,False,6,0.24989190101623526,0.4027860164642334,0.38326949472804955,,,0.84,0.6771873227761724,0.9394709110260009,0.014904975891113281,-0.07679883501560747,
T2,L3b,100,6,15,True,6,0.2132469654083251,0.46005821228027344,0.5264338444304038,,,0.92,0.4642766681342966,0.9062499046325683,-0.004621028900146484,-0.1227269554088597,
T2,L3b,100,6,16,False,6,0.23296394348144567,0.44924402236938477,0.5209943512228113,,,0.92,0.5592553189500213,0.9112667083740238,0.05509376525878906,0.09582477762956376,
T2,L3b,100,6,17,True,6,0.2146576881408695,0.446058988571167,-0.47554847649189236,,,0.56,0.3544547459294824,0.9440630912780765,-0.056143999099731445,-0.1034661877672769,
T2,L3b,100,6,18,False,6,0.23613014221191442,0.4935920238494873,-0.5819533351808605,,,0.43999999999999995,0.41623250206141793,0.8531021118164066,-0.011849045753479004,0.04846480623746707,
T2,L3b,100,6,19,False,6,0.17859067916870153,0.41738080978393555,-0.4206278545464161,,,0.64,0.38574783496148995,0.9441107749938968,-0.022136211395263672,-0.018462283020946213,
T2,L3b,100,7,0,False,7,0.24895610809326207,0.39379215240478516,-0.20146864047353297,,,0.6799999999999999,0.13878267819141293,0.8625248908996586,0.009640216827392578,-0.09809315877596525,
T2,L3b,100,7,1,False,7,0.1814078330993656,0.5346239805221558,-0.5070092388613252,,,0.4,0.1408216914791695,0.9161538124084476,0.03481602668762207,-0.014216107650435461,
T2,L3b,100,7,2,False,7,0.23447313308715856,0.41064202785491943,-0.41527358341944665,,,0.76,0.22343532983071715,0.9113739967346195,0.03400397300720215,-0.10892990213649911,
T2,L3b,100,7,3,False,7,0.245498085021973,0.5026159286499023,0.495895473583179,,,0.76,0.26251973227508374,0.9313119888305668,0.0031690597534179688,-0.024860622085383977,
T2,L3b,100,7,4,True,7,0.18901791572570792,0.46417808532714844,-0.5649117541075542,,,0.64,0.48737583094499093,0.9310359001159667,-0.046964168548583984,0.06770294445219882,
T2,L3b,100,7,5,False,7,0.22767486572265616,0.36885905265808105,-0.2912401855636928,,,0.64,0.5921500903541834,0.86445894241333,-0.005404949188232422,-0.1099613681165672,
T2,L3b,100,7,6,False,7,0.19431486129760733,0.534714937210083,-0.7149692598532676,,,0.28,0.18333689073447676,0.8578440189361571,0.038620948791503906,0.08284175942764271,
T2,L3b,100,7,7,False,7,0.16605391502380362,0.503486156463623,-0.32538948812760626,,,0.52,0.383653189560344,0.940565013885498,0.031941890716552734,0.014078124345019205,
T2,L3b,100,7,8,True,7,0.1976290285587311,0.4715580940246582,-0.46555698507873916,,,0.8,0.5856778403539639,0.851981008052826,-0.0032482147216796875,0.1291096851517679,
T2,L3b,100,7,9,True,7,0.17852901816368105,0.39575695991516113,-0.6028116891307784,,,0.48,0.22299637717782508,0.8577360153198242,-0.023025989532470703,-0.05946078024997181,
T2,L3b,100,7,10,False,7,0.2264640271663666,0.4117870330810547,0.4484853080048047,,,0.88,0.5890224184621348,0.9076590180397034,-0.015457987785339355,-0.09104942289211548,
T2,L3b,100,7,11,False,7,0.18663702309131625,0.4379000663757324,0.25349408515761995,,,0.8,0.36685364670272363,0.9329840183258057,-0.016139984130859375,0.09330981516429482,
T2,L3b,100,7,12,False,7,0.22853794097900382,0.36419010162353516,-0.0578641018448107,,,0.6,0.6005756946863141,0.9014219284057616,0.037322998046875,-0.006372009560924763,
T2,L3b,100,7,13,False,7,0.21751298904418936,0.3863699436187744,0.2248473107395572,,,0.8,0.6848846751108297,0.876853847503662,0.030837059020996094,-0.12079132947885807,
T2,L3b,100,7,14,False,7,0.21526899337768546,0.4288959503173828,0.23648863950053742,,,0.72,0.4525419260645941,0.9285909175872802,-0.00950002670288086,0.008988028428310813,
T2,L3b,100,7,15,True,7,0.24741497039794913,0.4073491096496582,0.22292726224165277,,,0.6799999999999999,0.42937763618934444,0.8901700019836425,-0.051149845123291016,0.11963548373511212,
T2,L3b,100,7,16,False,7,0.22934188842773473,0.37172412872314453,-0.4195974052653546,,,0.6799999999999999,0.4731084675367191,0.8529118537902836,-0.00023412704467773438,-0.11078075144290711,
T2,L3b,100,7,17,False,7,0.2576250076293949,0.42884600162506104,0.16745357489727658,,,0.56,0.23189559403692186,0.9414381027221683,0.01563394069671631,0.07069479695821634,
T2,L3b,100,7,18,False,7,0.25185003280639684,0.47121095657348633,-0.13588051597818512,,,0.6,0.5679049294788533,0.9330858230590824,-0.05359303951263428,0.06621010841248065,
T2,L3b,100,7,19,False,7,0.25953998565673864,0.38019800186157227,-0.038860435797823244,,,0.64,0.3287642320172579,0.8631748199462894,-0.05694580078125,0.00023000000104822504,
T2,L3b,100,8,0,True,8,0.22269001007080114,0.4609231948852539,0.46798078357520245,,,0.84,0.5472439242023198,0.8512081146240238,-0.04116392135620117,0.024446628625745426,
T2,L3b,100,8,1,False,8,0.1863678932189945,0.49051403999328613,-0.7047822041616902,,,0.43999999999999995,0.23654441173159424,0.8932737350463871,-0.035513997077941895,-0.10064450499733191,
T2,L3b,100,8,2,False,8,0.1895579338073734,0.3772209882736206,0.413448669375367,,,0.8,0.5495245768336198,0.8515957832336429,0.014477014541625977,-0.0345057310299941,
T2,L3b,100,8,3,False,8,0.19550600051879918,0.44149017333984375,-0.5827675380601639,,,0.6,0.4058700638130772,0.943925762176514,0.011693000793457031,-0.013790119834591774,
T2,L3b,100,8,4,True,8,0.2164029121398925,0.49277496337890625,-0.30045689299456485,,,0.64,0.6721041410438985,0.9480449199676513,0.04154491424560547,-0.05980290531281973,
T2,L3b,100,8,5,False,8,0.1795100212097167,0.4636969566345215,0.6110962434228396,,,0.92,0.4367351634517138,0.886588954925537,0.012202024459838867,-0.11886610841135914,
T2,L3b,100,8,6,False,8,0.16009202003478995,0.5329680442810059,0.1172711411338366,,,0.72,0.9090347110811468,0.916439914703369,-0.042950987815856934,-0.041260954692101226,
T2,L3b,100,8,7,False,8,0.16432991027832022,0.3777470588684082,-0.5769904682895567,,,0.72,0.48839294099672914,0.9324208736419677,-0.02896881103515625,-0.11362696571001951,
T2,L3b,100,8,8,False,8,0.17307802438735964,0.5061030387878418,-0.4371975205856039,,,0.6,0.2796883779197024,0.8604800343513489,0.04252004623413086,0.019742337777286956,
T2,L3b,100,8,9,False,8,0.16982101798057558,0.5245360136032104,-0.7089711548815819,,,0.56,0.5229986445505145,0.9279000401496887,0.006297945976257324,-0.007074009608041276,
T2,L3b,100,8,10,False,8,0.1958730310201645,0.5005929470062256,0.6206352065294607,,,0.84,0.6209387389482872,0.8596390128135681,-0.04957401752471924,0.0738067790749879,
T2,L3b,100,8,11,False,8,0.20689603090286257,0.3869338035583496,0.17865754161294248,,,0.76,0.32378374216736006,0.8521239995956421,0.04637622833251953,-0.00983203692202439,
T2,L3b,100,8,12,False,8,0.22401585578918448,0.5149679183959961,0.017314206712955027,,,0.8,0.5812711472920898,0.9244908332824706,-0.026835918426513672,0.049849223809152576,
T2,L3b,100,8,13,False,8,0.21626200675964347,0.48177003860473633,0.3374568777280102,,,0.72,0.47142269042391005,0.8721398353576659,0.0321199893951416,0.10123330611169479,
T2,L3b,100,8,14,False,8,0.25744285583496085,0.5385429859161377,0.3354202955992642,,,0.72,0.8515067875960968,0.9398488044738769,0.009356021881103516,-0.013836114257345322,
T2,L3b,100,8,15,False,8,0.23552098274230948,0.5231261253356934,0.00022600000567336742,,,0.8,0.225237764911281,0.8721949100494384,0.04431009292602539,0.026194768390114476,
T2,L3b,100,8,16,False,8,0.23680582046508825,0.3945159912109375,0.7419599053816197,,,0.76,0.6450913230671083,0.8792270660400394,0.009929180145263672,0.056307390896389364,
T2,L3b,100,8,17,False,8,0.2046016693115238,0.3746910095214844,0.3390231579332239,,,0.8,0.6277746881631426,0.9274739265441898,-0.013931035995483398,0.10490202606211252,
T2,L3b,100,8,18,False,8,0.181563758850098,0.44619905948638916,-0.5668781295193436,,,0.72,0.44319882857347415,0.8731659889221195,0.037071943283081055,0.08374857885855569,
T2,L3b,100,8,19,False,8,0.20736780166626012,0.37122201919555664,-0.09637928778419566,,,0.72,0.7110324125064508,0.9222311019897464,-0.015580177307128906,-0.09868998434757081,
T2,L3b,100,9,0,False,9,0.1955827713012699,0.37706995010375977,0.6963585257970102,,,0.96,0.7090948022503303,0.9487036705017093,-0.022233009338378906,0.06424905653113644,
T2,L3b,100,9,1,False,9,0.20557203292846715,0.4431140422821045,-0.20846127069458073,,,0.6799999999999999,0.4003785522472228,0.9073580741882328,-0.007907986640930176,-0.00830603364105853,
T2,L3b,100,9,2,False,9,0.22647466659545934,0.3601330518722534,-0.76430180479604,,,0.76,0.47138609271149695,0.863446140289307,0.0021669864654541016,0.020130361270199515,
T2,L3b,100,9,3,False,9,0.21003093719482457,0.5360541343688965,0.5798343796167365,,,0.8,0.38209146596491333,0.9177178382873539,-0.0247039794921875,-0.0861646768304376,
T2,L3b,100,9,4,True,9,0.1854118347167968,0.4340019226074219,0.5616304631563311,,,0.92,0.25468087271451184,0.8777638912200927,-0.045884132385253906,0.09602079429470045,
T2,L3b,100,9,5,False,9,0.2563089370727538,0.3902829885482788,-0.20964569150055617,,,0.72,0.16826048464886084,0.9013239383697509,-0.04960000514984131,-0.012976088535765928,
T2,L3b,100,9,6,False,9,0.2543248176574706,0.42103397846221924,0.6471775531295815,,,0.84,1.1467542596556881,0.9374917984008788,-0.014750957489013672,-0.09565858317313358,
T2,L3b,100,9,7,False,9,0.22995080947875968,0.3689708709716797,0.6484621265904087,,,0.8,0.34246524127930555,0.9126619338989257,-0.05718183517456055,0.059706947801124954,
T2,L3b,100,9,8,False,9,0.16985502243041994,0.5230391025543213,-0.3712135663442598,,,0.48,0.5046835377871454,0.9487070083618164,0.0023241043090820312,-0.07776165479408537,
T2,L3b,100,9,9,False,9,0.2522800207138062,0.47307395935058594,-0.31187427524650757,,,0.6,0.2208871118465706,0.8567960500717163,0.03886401653289795,0.11548430391964004,
T2,L3b,100,9,10,False,9,0.20700501799583437,0.4445459842681885,0.263404869646899,,,0.72,0.2467136507651663,0.9019500255584717,-0.034028053283691406,0.10089870950070967,
T2,L3b,100,9,11,False,9,0.21623902916908266,0.5374388694763184,0.6719844911826429,,,0.84,0.5874884398218495,0.9211970210075379,0.051618099212646484,-0.08549813787203231,
T2,L3b,100,9,12,False,9,0.22237887382507315,0.5126020908355713,0.4714295653130883,,,0.92,0.32944686289153124,0.892460012435913,0.0016541481018066406,-0.05223393313355951,
T2,L3b,100,9,13,False,9,0.2181588649749755,0.5129160284996033,-0.040112694097019716,,,0.8,0.5040230334057841,0.9373649597167968,-0.04467296600341797,-0.054098624296137654,
T2,L3b,100,9,14,False,9,0.22689690589904776,0.48166799545288086,-0.5736345659865475,,,0.31999999999999995,0.411977205597762,0.8517769813537597,-0.05663096904754639,-0.09523810441726077,
T2,L3b,100,9,15,False,9,0.1788679599761962,0.5115981101989746,-0.4337808475620099,,,0.48,0.47216938794474445,0.9295360088348388,-0.05832386016845703,-0.06959795186063866,
T2,L3b,100,9,16,False,9,0.20542278289794957,0.49686622619628906,0.6596026617653075,,,0.92,0.8206249367590008,0.9254168510437015,0.022192001342773438,0.1267747694269321,
T2,L3b,100,9,17,False,9,0.1908840179443363,0.417091965675354,-0.02580072111460295,,,0.84,0.6243822343245131,0.8924888610839847,-0.05639803409576416,-0.004916004530608031,
T2,L3b,100,9,18,False,9,0.22997369766235387,0.5359699726104736,-0.7530866633531945,,,0.36,0.41387759171094624,0.9181879997253422,-0.03995394706726074,0.11961334460252893,
T2,L3b,100,9,19,False,9,0.24320211410522496,0.4013209342956543,-0.7172031427751852,,,0.6799999999999999,0.4618315270366211,0.8760260581970218,0.024447917938232422,-0.10142756240180484,
T3,L1,400,0,0,True,-1,0.3879679870605468,-0.06603822708129847,0.0,,,0.07999999999999996,0.14454877411668332,,,,1.5707963267948966
T3,L1,400,0,1,False,-1,0.46073190689086907,-0.09940502643585214,0.0,,,0.040000000000000036,0.07736275784898872,,,,1.5707963267948966
T3,L1,400,0,2,True,-1,0.43088571548461907,-0.1522339344024659,0.0,,,0.0,0.06909981284508288,,,,1.5707963267948966
T3,L1,400,0,3,True,-1,0.4300541114807128,-0.15677986145019496,0.0,,,0.0,0.13652905323188175,,,,1.5707963267948966
T3,L1,400,0,4,True,-1,0.443339033126831,-0.12418422698974574,0.0,,,0.0,0.1344587579663059,,,,1.5707963267948966
T3,L1,400,0,5,False,-1,0.43518583297729485,-0.09828398227691659,0.0,,,0.0,0.04783857420322422,,,,1.5707963267948966
T3,L1,400,0,6,True,-1,0.44157592773437493,-0.1553380250930787,0.0,,,0.0,0.009231739624826745,,,,1.5707963267948966
T3,L1,400,0,7,False,-1,0.46017901420593255,-0.06388626098632777,0.0,,,0.28,0.08971401893210469,,,,1.5707963267948966
T3,L1,400,0,8,True,-1,0.36223001599311827,-0.08822212219238246,0.0,,,0.0,0.26043640144969843,,,,1.5707963267948966
T3,L1,400,0,9,True,-1,0.401779009103775,-0.1381050109863282,0.0,,,0.0,0.11528303199777831,,,,1.5707963267948966
T3,L1,400,0,10,True,-1,0.4193840157985687,-0.15719900131225595,0.0,,,0.0,0.14445780041715955,,,,1.5707963267948966
T3,L1,400,0,11,True,-1,0.44061402797698973,-0.14537630081176722,0.0,,,0.0,0.12840544521383032,,,,1.5707963267948966
T3,L1,400,0,12,True,-1,0.3708898258209228,-0.09858093261718714,0.0,,,0.0,0.07389931501091813,,,,1.5707963267948966
T3,L1,400,0,13,True,-1,0.44482795715332024,-0.12978599071502694,0.0,,,0.0,0.12894232116335325,,,,1.5707963267948966
T3,L1,400,0,14,True,-1,0.38853899955749505,-0.11990294456481942,0.0,,,0.0,0.12815025291843773,,,,1.5707963267948966
T3,L1,400,0,15,True,-1,0.4104618263244628,-0.12674818038940394,0.0,,,0.0,0.01874035556155502,,,,1.5707963267948966
T3,L1,400,0,16,True,-1,0.4200238418579101,-0.1317769050598141,0.0,,,0.0,0.08162116240882654,,,,1.5707963267948966
T3,L1,400,0,17,True,-1,0.39392702102661126,-0.06501493453979501,0.0,,,0.07999999999999996,0.02769077486455072,,,,1.5707963267948966
T3,L1,400,0,18,True,-1,0.3909129333496093,-0.06681201457977304,0.0,,,0.07999999999999996,0.1266303360963902,,,,1.5707963267948966
T3,L1,400,0,19,True,-1,0.3874348831176757,-0.09845695495605433,0.0,,,0.0,0.1321343007403852,,,,1.5707963267948966
T3,L1,400,1,0,True,-1,0.428430004119873,-0.08460197448730433,0.0,,,0.040000000000000036,0.07390600839661955,,,,1.5707963267948966
T3,L1,400,1,1,True,-1,0.3743380737304687,-0.14470503330230722,0.0,,,0.0,0.05243693935224177,,,,1.5707963267948966
T3,L1,400,1,2,True,-1,0.41568414688110344,-0.07656798362731942,0.0,,,0.040000000000000036,0.069484343007739,,,,1.5707963267948966
T3,L1,400,1,3,True,-1,0.3658746910095214,-0.07255420684814418,0.0,,,0.0,0.09390244233321193,,,,1.5707963267948966
T3,L1,400,1,4,True,-1,0.42792503356933587,-0.09298191070556605,0.0,,,0.0,0.032782834961046406,,,,1.5707963267948966
T3,L1,400,1,5,True,-1,0.4224859905242919,-0.04038999080657968,0.0,,,0.07999999999999996,0.12381167722829922,,,,1.5707963267948966
T3,L1,400,1,6,True,-1,0.4098779392242431,-0.06524202823638925,0.0,,,0.07999999999999996,0.1675991740637808,,,,1.5707963267948966
T3,L1,400,1,7,True,-1,0.37796203613281243,-0.07041988372802699,0.0,,,0.0,0.07838951942087603,,,,1.5707963267948966
T3,L1,400,1,8,True,-1,0.4692430031299591,-0.13293228149414027,0.0,,,0.0,0.11169890235074408,,,,1.5707963267948966
T3,L1,400,1,9,True,-1,0.43827600598335265,-0.0648979902267457,0.0,,,0.4,0.12363950498840413,,,,1.5707963267948966
T3,L1,400,1,10,True,-1,0.44880001068115233,-0.1587940216064454,0.0,,,0.0,0.16669915834411017,,,,1.5707963267948966
T3,L1,400,1,11,True,-1,0.4115810227394104,-0.10039911270141566,0.0,,,0.0,0.17639164341206828,,,,1.5707963267948966
T3,L1,400,1,12,True,-1,0.47421781539916985,-0.05289230346679652,0.0,,,0.24,0.17815853833666917,,,,1.5707963267948966
T3,L1,400,1,13,True,-1,0.399684829711914,-0.07077703475952157,0.0,,,0.07999999999999996,0.05666988574261708,,,,1.5707963267948966
T3,L1,400,1,14,True,-1,0.46083895683288567,-0.057278013229370206,0.0,,,0.24,0.18189856665332058,,,,1.5707963267948966
T3,L1,400,1,15,True,-1,0.47034184455871575,-0.11900291442871058,0.0,,,0.0,0.043933369410717765,,,,1.5707963267948966
T3,L1,400,1,16,True,-1,0.3862771224975585,-0.13188133239746058,0.0,,,0.0,0.09894676494484735,,,,1.5707963267948966
T3,L1,400,1,17,True,-1,0.38466398239135735,-0.06557998657226571,0.0,,,0.07999999999999996,0.11052457474819638,,,,1.5707963267948966
T3,L1,400,1,18,True,-1,0.479093952178955,-0.09019598960876474,0.0,,,0.0,0.11671381596748075,,,,1.5707963267948966
T3,L1,400,1,19,True,-1,0.41182701110839837,-0.04198226928710902,0.0,,,0.040000000000000036,0.12622462022273553,,,,1.5707963267948966
T3,L1,400,2,0,True,-1,0.43654195785522454,-0.1293202400207516,0.0,,,0.0,0.038546689179021425,,,,1.5707963267948966
T3,L1,400,2,1,True,-1,0.4321378898620605,-0.11450896263122567,0.0,,,0.0,0.08591725232525,,,,1.5707963267948966
T3,L1,400,2,2,True,-1,0.38269798278808587,-0.1419499874114991,0.0,,,0.0,0.04331427027011573,,,,1.5707963267948966
T3,L1,400,2,3,True,-1,0.37192384719848626,-0.08823785781860316,0.0,,,0.0,0.10324113452294119,,,,1.5707963267948966
T3,L1,400,2,4,True,-1,0.46596090316772454,-0.059197998046874645,0.0,,,0.19999999999999996,0.15907257785854712,,,,1.5707963267948966
T3,L1,400,2,5,True,-1,0.3609868717193603,-0.11326596736907968,0.0,,,0.0,0.053568715622686586,,,,1.5707963267948966
T3,L1,400,2,6,True,-1,0.41864482879638665,-0.1414459705352784,0.0,,,0.0,0.10063463454327749,,,,1.5707963267948966
T3,L1,400,2,7,True,-1,0.4721059036254882,-0.09182701110839808,0.0,,,0.0,0.05784655379571585,,,,1.5707963267948966
T3,L1,400,2,8,True,-1,0.3973540198802948,-0.049887275695800426,0.0,,,0.07999999999999996,0.03294523032836744,,,,1.5707963267948966
T3,L1,400,2,9,True,-1,0.375018013715744,-0.09511003494262704,0.0,,,0.0,0.01596557199335164,,,,1.5707963267948966
T3,L1,400,2,10,True,-1,0.3771910202503204,-0.12990996837615976,0.0,,,0.0,0.023374025762250474,,,,1.5707963267948966
T3,L1,400,2,11,True,-1,0.41602702260017393,-0.1547108650207516,0.0,,,0.0,0.18283024985979154,,,,1.5707963267948966
T3,L1,400,2,12,True,-1,0.3660558891296386,-0.1135579109191891,0.0,,,0.0,0.03552906771548613,,,,1.5707963267948966
T3,L1,400,2,13,True,-1,0.3835419845581054,-0.09437594413757333,0.0,,,0.0,0.0760257547427227,,,,1.5707963267948966
T3,L1,400,2,14,True,-1,0.41499988555908196,-0.04697701930999765,0.0,,,0.07999999999999996,0.18194071104353077,,,,1.5707963267948966
T3,L1,400,2,15,True,-1,0.47684185028076165,-0.11836585998535121,0.0,,,0.0,0.128890944201982,,,,1.5707963267948966
T3,L1,400,2,16,True,-1,0.3745397758483886,-0.15163431167602504,0.0,,,0.0,0.12511760487583315,,,,1.5707963267948966
T3,L1,400,2,17,True,-1,0.4009560775756835,-0.05997202396392831,0.0,,,0.07999999999999996,0.05610231475841454,,,,1.5707963267948966
T3,L1,400,2,18,True,-1,0.4585680198669433,-0.1244309902191163,0.0,,,0.0,0.03941721326788798,,,,1.5707963267948966
T3,L1,400,2,19,True,-1,0.3650788497924804,-0.08405218124389613,0.0,,,0.0,0.23081236351646325,,,,1.5707963267948966
T3,L1,400,3,0,True,-1,0.37913791656494134,-0.07000408172607386,0.0,,,0.0,0.05835384131352955,,,,1.5707963267948966
T3,L1,400,3,1,True,-1,0.44862882614135735,-0.05393395423889169,0.0,,,0.36,0.17586989744214135,,,,1.5707963267948966
T3,L1,400,3,2,True,-1,0.4081987571716308,-0.1317089557647706,0.0,,,0.0,0.09603302174221104,,,,1.5707963267948966
T3,L1,400,3,3,True,-1,0.4632658195495605,-0.10365304946899379,0.0,,,0.0,0.05152870506011293,,,,1.5707963267948966
T3,L1,400,3,4,True,-1,0.3680688571929931,-0.07675800323486293,0.0,,,0.0,0.08829463066053134,,,,1.5707963267948966
T3,L1,400,3,5,True,-1,0.39937393188476555,-0.10842094421386728,0.0,,,0.0,0.10445907209871667,,,,1.5707963267948966
T3,L1,400,3,6,True,-1,0.42102281570434563,-0.13230702877044687,0.0,,,0.0,0.10333437150682372,,,,1.5707963267948966
T3,L1,400,3,7,True,-1,0.4182860088348388,-0.1473551750183102,0.0,,,0.0,0.12397632627551138,,,,1.5707963267948966
T3,L1,400,3,8,True,-1,0.4649230074882507,-0.14342889785766566,0.0,,,0.0,0.131585782801472,,,,1.5707963267948966
T3,L1,400,3,9,True,-1,0.46992902278900145,-0.05721495151519784,0.0,,,0.24,0.15105749973169602,,,,1.5707963267948966
T3,L1,400,3,10,True,-1,0.4211320114135742,-0.14105901718139657,0.0,,,0.0,0.06294441816903677,,,,1.5707963267948966
T3,L1,400,3,11,True,-1,0.47062201619148253,-0.07973108291625941,0.0,,,0.040000000000000036,0.05531375337217296,,,,1.5707963267948966
T3,L1,400,3,12,True,-1,0.38078681945800774,-0.08428821563720668,0.0,,,0.0,0.04305621676954329,,,,1.5707963267948966
T3,L1,400,3,13,True,-1,0.39467303276062005,-0.12723002433776864,0.0,,,0.0,0.08306694100475885,,,,1.5707963267948966
T3,L1,400,3,14,False,-1,0.4116939735412597,-0.04194400310516366,0.0,,,0.040000000000000036,0.12227276856063,,,,1.5707963267948966
T3,L1,400,3,15,True,-1,0.46862093925476067,-0.12440595626831019,0.0,,,0.0,0.04965956761190042,,,,1.5707963267948966
T3,L1,400,3,16,True,-1,0.46767179489135735,-0.13343200683593714,0.0,,,0.0,0.06459030940723681,,,,1.5707963267948966
T3,L1,400,3,17,True,-1,0.4549659919738769,-0.11816797256469735,0.0,,,0.0,0.1117273669776375,,,,1.5707963267948966
T3,L1,400,3,18,True,-1,0.37517015457153313,-0.04953799247741708,0.0,,,0.0,0.0552032159561387,,,,1.5707963267948966
T3,L1,400,3,19,True,-1,0.37221090316772454,-0.09409818649291957,0.0,,,0.0,0.1011889378661582,,,,1.5707963267948966
T3,L1,400,4,0,True,-1,0.39956991195678704,-0.1269861221313473,0.0,,,0.0,0.06839959057620906,,,,1.5707963267948966
T3,L1,400,4,1,True,-1,0.3914198112487792,-0.13540003299713144,0.0,,,0.0,0.03851803998360532,,,,1.5707963267948966
T3,L1,400,4,2,True,-1,0.47316781997680657,-0.15609798431396493,0.0,,,0.0,0.11109636822091044,,,,1.5707963267948966
T3,L1,400,4,3,True,-1,0.3905419540405273,-0.08608589172363246,0.0,,,0.0,0.09316195388666186,,,,1.5707963267948966
T3,L1,400,4,4,True,-1,0.370920820236206,-0.11819992065429652,0.0,,,0.0,0.054901277363008975,,,,1.5707963267948966
T3,L1,400,4,5,True,-1,0.3636419010162353,-0.10342595577239999,0.0,,,0.0,0.07301964968231912,,,,1.5707963267948966
T3,L1,400,4,6,True,-1,0.47127000808715813,-0.07730195522308358,0.0,,,0.040000000000000036,0.11910828231501094,,,,1.5707963267948966
T3,L1,400,4,7,True,-1,0.3819538784027099,-0.11972007751464808,0.0,,,0.0,0.0674783558385398,,,,1.5707963267948966
T3,L1,400,4,8,True,-1,0.3782080245018005,-0.07989416122436488,0.0,,,0.0,0.11395974332911302,,,,1.5707963267948966
T3,L1,400,4,9,True,-1,0.44078402042388914,-0.06075499057769784,0.0,,,0.4,0.0818327055414697,,,,1.5707963267948966
T3,L1,400,4,10,True,-1,0.45422600030899046,-0.07606194019317636,0.0,,,0.19999999999999996,0.013196858232843832,,,,1.5707963267948966
T3,L1,400,4,11,True,-1,0.4376170170307159,-0.1545301437377926,0.0,,,0.0,0.09991603986610671,,,,1.5707963267948966
T3,L1,400,4,12,True,-1,0.466872854232788,-0.10326204299926722,0.0,,,0.0,0.129557802787562,,,,1.5707963267948966
T3,L1,400,4,13,True,-1,0.41508786201477044,-0.11819396018981942,0.0,,,0.0,0.08056309767944607,,,,1.5707963267948966
T3,L1,400,4,14,True,-1,0.4664730262756347,-0.0828280210494996,0.0,,,0.07999999999999996,0.05326002720167706,,,,1.5707963267948966
T3,L1,400,4,15,True,-1,0.4130338859558105,-0.09003410339355433,0.0,,,0.0,0.05547482092093661,,,,1.5707963267948966
T3,L1,400,4,16,True,-1,0.4663199615478515,-0.054485893249511363,0.0,,,0.24,0.15677565036167995,,,,1.5707963267948966
T3,L1,400,4,17,True,-1,0.46339790344238274,-0.12775096893310556,0.0,,,0.0,0.13118952498573552,,,,1.5707963267948966
T3,L1,400,4,18,True,-1,0.4699796867370605,-0.06912395954132089,0.0,,,0.16000000000000003,0.10684653094728233,,,,1.5707963267948966
T3,L1,400,4,19,True,-1,0.47963611602783196,-0.06680831909179652,0.0,,,0.07999999999999996,0.14723102188748732,,,,1.5707963267948966
T3,L1,100,0,0,True,-1,0.3879679870605468,-0.06603822708129847,0.0,,,0.07999999999999996,0.1653159017638017,,,,1.5707963267948966
T3,L1,100,0,1,False,-1,0.46073190689086907,-0.09940502643585214,0.0,,,0.040000000000000036,0.1871914280115741,,,,1.5707963267948966
T3,L1,100,0,2,True,-1,0.43088571548461907,-0.1522339344024659,0.0,,,0.0,0.12657776288299558,,,,1.5707963267948966
T3,L1,100,0,3,True,-1,0.4300541114807128,-0.15677986145019496,0.0,,,0.0,0.1948844860613152,,,,1.5707963267948966
T3,L1,100,0,4,True,-1,0.443339033126831,-0.12418422698974574,0.0,,,0.0,0.26274624240491146,,,,1.5707963267948966
T3,L1,100,0,5,True,-1,0.43518583297729485,-0.09828398227691659,0.0,,,0.0,0.12299947451676613,,,,1.5707963267948966
T3,L1,100,0,6,True,-1,0.44157592773437493,-0.1553380250930787,0.0,,,0.0,0.009231739624826745,,,,1.5707963267948966
T3,L1,100,0,7,False,-1,0.46017901420593255,-0.06388626098632777,0.0,,,0.28,0.3550713742342571,,,,1.5707963267948966
T3,L1,100,0,8,True,-1,0.36223001599311827,-0.08822212219238246,0.0,,,0.0,0.3624941367088113,,,,1.5707963267948966
T3,L1,100,0,9,True,-1,0.401779009103775,-0.1381050109863282,0.0,,,0.0,0.18778760577270306,,,,1.5707963267948966
T3,L1,100,0,10,True,-1,0.4193840157985687,-0.15719900131225595,0.0,,,0.0,0.2583605494263961,,,,1.5707963267948966
T3,L1,100,0,11,True,-1,0.44061402797698973,-0.14537630081176722,0.0,,,0.0,0.226671610865745,,,,1.5707963267948966
T3,L1,100,0,12,True,-1,0.3708898258209228,-0.09858093261718714,0.0,,,0.0,0.16721402542991928,,,,1.5707963267948966
T3,L1,100,0,13,True,-1,0.44482795715332024,-0.12978599071502694,0.0,,,0.0,0.34951436957287857,,,,1.5707963267948966
T3,L1,100,0,14,True,-1,0.38853899955749505,-0.11990294456481942,0.0,,,0.0,0.26558498604771635,,,,1.5707963267948966
T3,L1,100,0,15,True,-1,0.4104618263244628,-0.12674818038940394,0.0,,,0.0,0.1360220624854246,,,,1.5707963267948966
T3,L1,100,0,16,True,-1,0.4200238418579101,-0.1317769050598141,0.0,,,0.0,0.08162116240882654,,,,1.5707963267948966
T3,L1,100,0,17,True,-1,0.39392702102661126,-0.06501493453979501,0.0,,,0.07999999999999996,0.2049564134958626,,,,1.5707963267948966
T3,L1,100,0,18,True,-1,0.3909129333496093,-0.06681201457977304,0.0,,,0.07999999999999996,0.23692321714939305,,,,1.5707963267948966
T3,L1,100,0,19,False,-1,0.3874348831176757,-0.09845695495605433,0.0,,,0.0,0.16643347710696166,,,,1.5707963267948966
T3,L1,100,1,0,True,-1,0.428430004119873,-0.08460197448730433,0.0,,,0.040000000000000036,0.27146613038968287,,,,1.5707963267948966
T3,L1,100,1,1,True,-1,0.3743380737304687,-0.14470503330230722,0.0,,,0.0,0.05243693935224177,,,,1.5707963267948966
T3,L1,100,1,2,True,-1,0.41568414688110344,-0.07656798362731942,0.0,,,0.040000000000000036,0.24386192844124266,,,,1.5707963267948966
T3,L1,100,1,3,True,-1,0.3658746910095214,-0.07255420684814418,0.0,,,0.0,0.26957614463716184,,,,1.5707963267948966
T3,L1,100,1,4,True,-1,0.42792503356933587,-0.09298191070556605,0.0,,,0.0,0.032782834961046406,,,,1.5707963267948966
T3,L1,100,1,5,True,-1,0.4224859905242919,-0.04038999080657968,0.0,,,0.07999999999999996,0.2967160123253548,,,,1.5707963267948966
T3,L1,100,1,6,True,-1,0.4098779392242431,-0.06524202823638925,0.0,,,0.07999999999999996,0.2468104793656701,,,,1.5707963267948966
T3,L1,100,1,7,True,-1,0.37796203613281243,-0.07041988372802699,0.0,,,0.0,0.10110705887704881,,,,1.5707963267948966
T3,L1,100,1,8,True,-1,0.4692430031299591,-0.13293228149414027,0.0,,,0.0,0.23170216887516198,,,,1.5707963267948966
T3,L1,100,1,9,True,-1,0.43827600598335265,-0.0648979902267457,0.0,,,0.4,0.21608127444938005,,,,1.5707963267948966
T3,L1,100,1,10,True,-1,0.44880001068115233,-0.1587940216064454,0.0,,,0.0,0.16669915834411017,,,,1.5707963267948966
T3,L1,100,1,11,True,-1,0.4115810227394104,-0.10039911270141566,0.0,,,0.0,0.26401583506656146,,,,1.5707963267948966
T3,L1,100,1,12,True,-1,0.47421781539916985,-0.05289230346679652,0.0,,,0.24,0.21940212001154846,,,,1.5707963267948966
T3,L1,100,1,13,True,-1,0.399684829711914,-0.07077703475952157,0.0,,,0.07999999999999996,0.24430125811666556,,,,1.5707963267948966
T3,L1,100,1,14,True,-1,0.46083895683288567,-0.057278013229370206,0.0,,,0.24,0.33333266460219885,,,,1.5707963267948966
T3,L1,100,1,15,True,-1,0.47034184455871575,-0.11900291442871058,0.0,,,0.0,0.1915953655460404,,,,1.5707963267948966
T3,L1,100,1,16,True,-1,0.3862771224975585,-0.13188133239746058,0.0,,,0.0,0.17915989565287618,,,,1.5707963267948966
T3,L1,100,1,17,True,-1,0.38466398239135735,-0.06557998657226571,0.0,,,0.07999999999999996,0.11052457474819638,,,,1.5707963267948966
T3,L1,100,1,18,True,-1,0.479093952178955,-0.09019598960876474,0.0,,,0.0,0.11671381596748075,,,,1.5707963267948966
T3,L1,100,1,19,True,-1,0.41182701110839837,-0.04198226928710902,0.0,,,0.040000000000000036,0.18895308774787486,,,,1.5707963267948966
T3,L1,100,2,0,True,-1,0.43654195785522454,-0.1293202400207516,0.0,,,0.0,0.46765562000434296,,,,1.5707963267948966
T3,L1,100,2,1,True,-1,0.4321378898620605,-0.11450896263122567,0.0,,,0.0,0.08591725232525,,,,1.5707963267948966
T3,L1,100,2,2,True,-1,0.38269798278808587,-0.1419499874114991,0.0,,,0.0,0.04331427027011573,,,,1.5707963267948966
T3,L1,100,2,3,True,-1,0.37192384719848626,-0.08823785781860316,0.0,,,0.0,0.2474266603587133,,,,1.5707963267948966
T3,L1,100,2,4,True,-1,0.46596090316772454,-0.059197998046874645,0.0,,,0.19999999999999996,0.23682752628423923,,,,1.5707963267948966
T3,L1,100,2,5,True,-1,0.3609868717193603,-0.11326596736907968,0.0,,,0.0,0.422457697443159,,,,1.5707963267948966
T3,L1,100,2,6,True,-1,0.41864482879638665,-0.1414459705352784,0.0,,,0.0,0.2581340163322415,,,,1.5707963267948966
T3,L1,100,2,7,True,-1,0.4721059036254882,-0.09182701110839808,0.0,,,0.0,0.08887709890032729,,,,1.5707963267948966
T3,L1,100,2,8,True,-1,0.3973540198802948,-0.049887275695800426,0.0,,,0.07999999999999996,0.03294523032836744,,,,1.5707963267948966
T3,L1,100,2,9,True,-1,0.375018013715744,-0.09511003494262704,0.0,,,0.0,0.31481136399785287,,,,1.5707963267948966
T3,L1,100,2,10,True,-1,0.3771910202503204,-0.12990996837615976,0.0,,,0.0,0.023374025762250474,,,,1.5707963267948966
T3,L1,100,2,11,True,-1,0.41602702260017393,-0.1547108650207516,0.0,,,0.0,0.3034799773487388,,,,1.5707963267948966
T3,L1,100,2,12,True,-1,0.3660558891296386,-0.1135579109191891,0.0,,,0.0,0.41503924378901214,,,,1.5707963267948966
T3,L1,100,2,13,True,-1,0.3835419845581054,-0.09437594413757333,0.0,,,0.0,0.15900046983572877,,,,1.5707963267948966
T3,L1,100,2,14,True,-1,0.41499988555908196,-0.04697701930999765,0.0,,,0.07999999999999996,0.2787997009448849,,,,1.5707963267948966
T3,L1,100,2,15,True,-1,0.47684185028076165,-0.11836585998535121,0.0,,,0.0,0.19395470922661415,,,,1.5707963267948966
T3,L1,100,2,16,True,-1,0.3745397758483886,-0.15163431167602504,0.0,,,0.0,0.2488041156156342,,,,1.5707963267948966
T3,L1,100,2,17,True,-1,0.4009560775756835,-0.05997202396392831,0.0,,,0.07999999999999996,0.2946625063445055,,,,1.5707963267948966
T3,L1,100,2,18,True,-1,0.4585680198669433,-0.1244309902191163,0.0,,,0.0,0.03941721326788798,,,,1.5707963267948966
T3,L1,100,2,19,True,-1,0.3650788497924804,-0.08405218124389613,0.0,,,0.0,0.2433748215880545,,,,1.5707963267948966
T3,L1,100,3,0,True,-1,0.37913791656494134,-0.07000408172607386,0.0,,,0.0,0.12149409888708783,,,,1.5707963267948966
T3,L1,100,3,1,True,-1,0.44862882614135735,-0.05393395423889169,0.0,,,0.36,0.2247192975587321,,,,1.5707963267948966
T3,L1,100,3,2,True,-1,0.4081987571716308,-0.1317089557647706,0.0,,,0.0,0.09603302174221104,,,,1.5707963267948966
T3,L1,100,3,3,True,-1,0.4632658195495605,-0.10365304946899379,0.0,,,0.0,0.07171893068968287,,,,1.5707963267948966
T3,L1,100,3,4,True,-1,0.3680688571929931,-0.07675800323486293,0.0,,,0.0,0.16189418809453532,,,,1.5707963267948966
T3,L1,100,3,5,True,-1,0.39937393188476555,-0.10842094421386728,0.0,,,0.0,0.12199900084940468,,,,1.5707963267948966
T3,L1,100,3,6,True,-1,0.42102281570434563,-0.13230702877044687,0.0,,,0.0,0.10333437150682372,,,,1.5707963267948966
T3,L1,100,3,7,True,-1,0.4182860088348388,-0.1473551750183102,0.0,,,0.0,0.25592557334321075,,,,1.5707963267948966
T3,L1,100,3,8,True,-1,0.4649230074882507,-0.14342889785766566,0.0,,,0.0,0.19686819228533328,,,,1.5707963267948966
T3,L1,100,3,9,True,-1,0.46992902278900145,-0.05721495151519784,0.0,,,0.24,0.15105749973169602,,,,1.5707963267948966
T3,L1,100,3,10,True,-1,0.4211320114135742,-0.14105901718139657,0.0,,,0.0,0.2655643693196882,,,,1.5707963267948966
T3,L1,100,3,11,True,-1,0.47062201619148253,-0.07973108291625941,0.0,,,0.040000000000000036,0.2079152272635109,,,,1.5707963267948966
T3,L1,100,3,12,True,-1,0.38078681945800774,-0.08428821563720668,0.0,,,0.0,0.15079498437391187,,,,1.5707963267948966
T3,L1,100,3,13,True,-1,0.39467303276062005,-0.12723002433776864,0.0,,,0.0,0.11548090151493787,,,,1.5707963267948966
T3,L1,100,3,14,True,-1,0.4116939735412597,-0.04194400310516366,0.0,,,0.040000000000000036,0.1856043257563863,,,,1.5707963267948966
T3,L1,100,3,15,True,-1,0.46862093925476067,-0.12440595626831019,0.0,,,0.0,0.2514616704257626,,,,1.5707963267948966
T3,L1,100,3,16,True,-1,0.46767179489135735,-0.13343200683593714,0.0,,,0.0,0.2489597437858498,,,,1.5707963267948966
T3,L1,100,3,17,True,-1,0.4549659919738769,-0.11816797256469735,0.0,,,0.0,0.11592850169235845,,,,1.5707963267948966
T3,L1,100,3,18,True,-1,0.37517015457153313,-0.04953799247741708,0.0,,,0.0,0.23194534066096212,,,,1.5707963267948966
T3,L1,100,3,19,True,-1,0.37221090316772454,-0.09409818649291957,0.0,,,0.0,0.26573543173404285,,,,1.5707963267948966
T3,L1,100,4,0,True,-1,0.39956991195678704,-0.1269861221313473,0.0,,,0.0,0.12285821697167014,,,,1.5707963267948966
T3,L1,100,4,1,True,-1,0.3914198112487792,-0.13540003299713144,0.0,,,0.0,0.03851803998360532,,,,1.5707963267948966
T3,L1,100,4,2,True,-1,0.47316781997680657,-0.15609798431396493,0.0,,,0.0,0.11831554869349417,,,,1.5707963267948966
T3,L1,100,4,3,True,-1,0.3905419540405273,-0.08608589172363246,0.0,,,0.0,0.13420327716174163,,,,1.5707963267948966
T3,L1,100,4,4,True,-1,0.370920820236206,-0.11819992065429652,0.0,,,0.0,0.372229690202044,,,,1.5707963267948966
T3,L1,100,4,5,True,-1,0.3636419010162353,-0.10342595577239999,0.0,,,0.0,0.11592174515745772,,,,1.5707963267948966
T3,L1,100,4,6,True,-1,0.47127000808715813,-0.07730195522308358,0.0,,,0.040000000000000036,0.13211856917464873,,,,1.5707963267948966
T3,L1,100,4,7,True,-1,0.3819538784027099,-0.11972007751464808,0.0,,,0.0,0.32264243773937673,,,,1.5707963267948966
T3,L1,100,4,8,True,-1,0.3782080245018005,-0.07989416122436488,0.0,,,0.0,0.14655021339187058,,,,1.5707963267948966
T3,L1,100,4,9,True,-1,0.44078402042388914,-0.06075499057769784,0.0,,,0.4,0.0818327055414697,,,,1.5707963267948966
T3,L1,100,4,10,True,-1,0.45422600030899046,-0.07606194019317636,0.0,,,0.19999999999999996,0.1859443419619726,,,,1.5707963267948966
T3,L1,100,4,11,True,-1,0.4376170170307159,-0.1545301437377926,0.0,,,0.0,0.11839946420983485,,,,1.5707963267948966
T3,L1,100,4,12,True,-1,0.466872854232788,-0.10326204299926722,0.0,,,0.0,0.1407879750068663,,,,1.5707963267948966
T3,L1,100,4,13,True,-1,0.41508786201477044,-0.11819396018981942,0.0,,,0.0,0.08056309767944607,,,,1.5707963267948966
T3,L1,100,4,14,True,-1,0.4664730262756347,-0.0828280210494996,0.0,,,0.07999999999999996,0.1249192965179587,,,,1.5707963267948966
T3,L1,100,4,15,True,-1,0.4130338859558105,-0.09003410339355433,0.0,,,0.0,0.09982483452836985,,,,1.5707963267948966
T3,L1,100,4,16,True,-1,0.4663199615478515,-0.054485893249511363,0.0,,,0.24,0.2826265694912762,,,,1.5707963267948966
T3,L1,100,4,17,True,-1,0.46339790344238274,-0.12775096893310556,0.0,,,0.0,0.13118952498573552,,,,1.5707963267948966
T3,L1,100,4,18,True,-1,0.4699796867370605,-0.06912395954132089,0.0,,,0.16000000000000003,0.11534040341107545,,,,1.5707963267948966
T3,L1,100,4,19,True,-1,0.47963611602783196,-0.06680831909179652,0.0,,,0.07999999999999996,0.20511811666323723,,,,1.5707963267948966
T3,L2,400,0,0,True,-1,0.3879679870605468,-0.06603822708129847,0.0,,,0.040000000000000036,0.5604278936297985,,,,1.572286439679755
T3,L2,400,0,1,True,-1,0.46073190689086907,-0.09940502643585214,0.0,,,0.07999999999999996,0.26345545960473865,,,,1.5892271225895975
T3,L2,400,0,2,False,-1,0.43088571548461907,-0.1522339344024659,0.0,,,0.040000000000000036,0.15610885766493282,,,,1.7094801874230252
T3,L2,400,0,3,True,-1,0.4300541114807128,-0.15677986145019496,0.0,,,0.0,0.25261274513121773,,,,1.8991884537771966
T3,L2,400,0,4,True,-1,0.443339033126831,-0.12418422698974574,0.0,,,0.040000000000000036,0.1718738568524059,,,,1.8044577778728306
T3,L2,400,0,5,True,-1,0.43518583297729485,-0.09828398227691659,0.0,,,0.0,0.1480948602360539,,,,1.8646045214960802
T3,L2,400,0,6,True,-1,0.44157592773437493,-0.1553380250930787,0.0,,,0.040000000000000036,0.20202024470457045,,,,1.820807805425492
T3,L2,400,0,7,True,-1,0.46017901420593255,-0.06388626098632777,0.0,,,0.0,0.27485759789510866,,,,1.9576269446333732
T3,L2,400,0,8,True,-1,0.36223001599311827,-0.08822212219238246,0.0,,,0.07999999999999996,0.3619086911514694,,,,1.1506176815760345
T3,L2,400,0,9,False,-1,0.401779009103775,-0.1381050109863282,0.0,,,0.0,0.28241553304051503,,,,1.9345178110991796
T3,L2,400,0,10,True,-1,0.4193840157985687,-0.15719900131225595,0.0,,,0.0,0.34800910471654695,,,,1.300423794731297
T3,L2,400,0,11,True,-1,0.44061402797698973,-0.14537630081176722,0.0,,,0.040000000000000036,0.3763697654421318,,,,1.3654927441826594
T3,L2,400,0,12,True,-1,0.3708898258209228,-0.09858093261718714,0.0,,,0.0,0.11397312660707634,,,,1.9190048266188493
T3,L2,400,0,13,True,-1,0.44482795715332024,-0.12978599071502694,0.0,,,0.040000000000000036,0.31022671699072274,,,,1.7791101636069928
T3,L2,400,0,14,True,-1,0.38853899955749505,-0.11990294456481942,0.0,,,0.0,0.26400529699516045,,,,1.9517478693826862
T3,L2,400,0,15,True,-1,0.4104618263244628,-0.12674818038940394,0.0,,,0.040000000000000036,0.3049749316356391,,,,1.3665091291753337
T3,L2,400,0,16,False,-1,0.4200238418579101,-0.1317769050598141,0.0,,,0.0,0.4389032172073606,,,,1.1737013489466903
T3,L2,400,0,17,True,-1,0.39392702102661126,-0.06501493453979501,0.0,,,0.12,0.19310917822899443,,,,1.1777591898744066
T3,L2,400,0,18,True,-1,0.3909129333496093,-0.06681201457977304,0.0,,,0.12,0.25208761314284767,,,,1.1983836013199414
T3,L2,400,0,19,True,-1,0.3874348831176757,-0.09845695495605433,0.0,,,0.07999999999999996,0.1759988137780242,,,,1.417668093370563
T3,L2,400,1,0,True,-1,0.428430004119873,-0.08460197448730433,0.0,,,0.040000000000000036,0.28646490178301426,,,,1.6289484507244067
T3,L2,400,1,1,True,-1,0.3743380737304687,-0.14470503330230722,0.0,,,0.12,0.3592288026784901,,,,1.6069461258230002
T3,L2,400,1,2,False,-1,0.41568414688110344,-0.07656798362731942,0.0,,,0.040000000000000036,0.27449994270709904,,,,1.4782607268121615
T3,L2,400,1,3,True,-1,0.3658746910095214,-0.07255420684814418,0.0,,,0.040000000000000036,0.2516963976195708,,,,1.5925275772842262
T3,L2,400,1,4,True,-1,0.42792503356933587,-0.09298191070556605,0.0,,,0.040000000000000036,0.18927115329304173,,,,1.2555576294819877
T3,L2,400,1,5,True,-1,0.4224859905242919,-0.04038999080657968,0.0,,,0.0,0.39317936678928045,,,,1.892944209495767
T3,L2,400,1,6,True,-1,0.4098779392242431,-0.06524202823638925,0.0,,,0.040000000000000036,0.372610010899245,,,,1.3568582603073576
T3,L2,400,1,7,True,-1,0.37796203613281243,-0.07041988372802699,0.0,,,0.0,0.25813878038074317,,,,1.8512065129499733
T3,L2,400,1,8,True,-1,0.4692430031299591,-0.13293228149414027,0.0,,,0.0,0.11183786023071941,,,,1.8788975933267995
T3,L2,400,1,9,False,-1,0.43827600598335265,-0.0648979902267457,0.0,,,0.07999999999999996,0.26578918639498433,,,,1.4374815647956294
T3,L2,400,1,10,True,-1,0.44880001068115233,-0.1587940216064454,0.0,,,0.040000000000000036,0.2855894415403742,,,,1.4569764064451844
T3,L2,400,1,11,True,-1,0.4115810227394104,-0.10039911270141566,0.0,,,0.0,0.28927139881142505,,,,1.5803914599666755
T3,L2,400,1,12,True,-1,0.47421781539916985,-0.05289230346679652,0.0,,,0.12,0.3565008943570922,,,,1.541371309882926
T3,L2,400,1,13,True,-1,0.399684829711914,-0.07077703475952157,0.0,,,0.040000000000000036,0.40745841723442183,,,,1.5188775038859244
T3,L2,400,1,14,True,-1,0.46083895683288567,-0.057278013229370206,0.0,,,0.12,0.14252510518553696,,,,1.4825168281838559
T3,L2,400,1,15,True,-1,0.47034184455871575,-0.11900291442871058,0.0,,,0.040000000000000036,0.29902619286028614,,,,1.3594711996411097
T3,L2,400,1,16,True,-1,0.3862771224975585,-0.13188133239746058,0.0,,,0.12,0.25292661446351655,,,,1.4987891855819193
T3,L2,400,1,17,True,-1,0.38466398239135735,-0.06557998657226571,0.0,,,0.040000000000000036,0.3294848483885043,,,,1.4773507940901012
T3,L2,400,1,18,True,-1,0.479093952178955,-0.09019598960876474,0.0,,,0.19999999999999996,0.1740087000296492,,,,1.3846335122057374
T3,L2,400,1,19,True,-1,0.41182701110839837,-0.04198226928710902,0.0,,,0.040000000000000036,0.20017444808244295,,,,1.7129182762055262
T3,L2,400,2,0,True,-1,0.43654195785522454,-0.1293202400207516,0.0,,,0.0,0.3192424271418762,,,,1.1344861848079937
T3,L2,400,2,1,True,-1,0.4321378898620605,-0.11450896263122567,0.0,,,0.0,0.2249330625021608,,,,1.224050658452942
T3,L2,400,2,2,True,-1,0.38269798278808587,-0.1419499874114991,0.0,,,0.0,0.46462010773757095,,,,1.786067102996521
T3,L2,400,2,3,True,-1,0.37192384719848626,-0.08823785781860316,0.0,,,0.0,0.40094579602769415,,,,1.8698284882665779
T3,L2,400,2,4,True,-1,0.46596090316772454,-0.059197998046874645,0.0,,,0.0,0.20800976972218765,,,,1.880761999166525
T3,L2,400,2,5,True,-1,0.3609868717193603,-0.11326596736907968,0.0,,,0.12,0.41794203105472916,,,,1.154506439612708
T3,L2,400,2,6,True,-1,0.41864482879638665,-0.1414459705352784,0.0,,,0.040000000000000036,0.2615174805420589,,,,1.5755504044847808
T3,L2,400,2,7,True,-1,0.4721059036254882,-0.09182701110839808,0.0,,,0.19999999999999996,0.1370285300791334,,,,1.3782376556706062
T3,L2,400,2,8,True,-1,0.3973540198802948,-0.049887275695800426,0.0,,,0.040000000000000036,0.34449043755022374,,,,1.4566638648051113
T3,L2,400,2,9,True,-1,0.375018013715744,-0.09511003494262704,0.0,,,0.040000000000000036,0.4754569714942399,,,,1.5209807143027583
T3,L2,400,2,10,True,-1,0.3771910202503204,-0.12990996837615976,0.0,,,0.12,0.06850628534168016,,,,1.5883423259095577
T3,L2,400,2,11,True,-1,0.41602702260017393,-0.1547108650207516,0.0,,,0.040000000000000036,0.48417384706475325,,,,1.492160360196272
T3,L2,400,2,12,True,-1,0.3660558891296386,-0.1135579109191891,0.0,,,0.16000000000000003,0.10805949192928292,,,,1.3111266243247917
T3,L2,400,2,13,True,-1,0.3835419845581054,-0.09437594413757333,0.0,,,0.0,0.14124757656386785,,,,1.8133743781158325
T3,L2,400,2,14,True,-1,0.41499988555908196,-0.04697701930999765,0.0,,,0.0,0.3037274704372746,,,,1.9012999133971324
T3,L2,400,2,15,True,-1,0.47684185028076165,-0.11836585998535121,0.0,,,0.040000000000000036,0.32036853320856246,,,,1.3212933885362155
T3,L2,400,2,16,True,-1,0.3745397758483886,-0.15163431167602504,0.0,,,0.0,0.19539635104016764,,,,1.931784582846176
T3,L2,400,2,17,True,-1,0.4009560775756835,-0.05997202396392831,0.0,,,0.0,0.11256416398558527,,,,1.7801923818327865
T3,L2,400,2,18,True,-1,0.4585680198669433,-0.1244309902191163,0.0,,,0.040000000000000036,0.3484616605460375,,,,1.2811429167183281
T3,L2,400,2,19,True,-1,0.3650788497924804,-0.08405218124389613,0.0,,,0.0,0.4500113077234841,,,,1.772552035291824
T3,L2,400,3,0,True,-1,0.37913791656494134,-0.07000408172607386,0.0,,,0.040000000000000036,0.23090480677952332,,,,1.4628354635888488
T3,L2,400,3,1,True,-1,0.44862882614135735,-0.05393395423889169,0.0,,,0.0,0.18278820596242315,,,,1.9277956705647883
T3,L2,400,3,2,True,-1,0.4081987571716308,-0.1317089557647706,0.0,,,0.0,0.1533136057250976,,,,1.9706998704837646
T3,L2,400,3,3,True,-1,0.4632658195495605,-0.10365304946899379,0.0,,,0.0,0.31731874698804524,,,,1.7653672480560323
T3,L2,400,3,4,True,-1,0.3680688571929931,-0.07675800323486293,0.0,,,0.040000000000000036,0.16683046600547238,,,,1.5600958613575475
T3,L2,400,3,5,True,-1,0.39937393188476555,-0.10842094421386728,0.0,,,0.0,0.1862625794499722,,,,1.658368784567078
T3,L2,400,3,6,True,-1,0.42102281570434563,-0.13230702877044687,0.0,,,0.040000000000000036,0.3655167402291665,,,,1.7144239282798694
T3,L2,400,3,7,True,-1,0.4182860088348388,-0.1473551750183102,0.0,,,0.0,0.1943006924088079,,,,1.953318467810321
T3,L2,400,3,8,True,-1,0.4649230074882507,-0.14342889785766566,0.0,,,0.040000000000000036,0.19706639597756231,,,,1.171652544745151
T3,L2,400,3,9,True,-1,0.46992902278900145,-0.05721495151519784,0.0,,,0.19999999999999996,0.48372008972794733,,,,1.31845780221491
T3,L2,400,3,10,True,-1,0.4211320114135742,-0.14105901718139657,0.0,,,0.0,0.23385745376568573,,,,1.8582326887819103
T3,L2,400,3,11,True,-1,0.47062201619148253,-0.07973108291625941,0.0,,,0.24,0.28706857842318817,,,,1.2685617263042437
T3,L2,400,3,12,True,-1,0.38078681945800774,-0.08428821563720668,0.0,,,0.0,0.30245951914588765,,,,1.7378075994382205
T3,L2,400,3,13,True,-1,0.39467303276062005,-0.12723002433776864,0.0,,,0.0,0.32954330879698407,,,,1.932736624119428
T3,L2,400,3,14,True,-1,0.4116939735412597,-0.04194400310516366,0.0,,,0.040000000000000036,0.4268082420532984,,,,1.1479749319800645
T3,L2,400,3,15,True,-1,0.46862093925476067,-0.12440595626831019,0.0,,,0.040000000000000036,0.30402053366970044,,,,1.4125873359621568
T3,L2,400,3,16,True,-1,0.46767179489135735,-0.13343200683593714,0.0,,,0.0,0.11219471130452263,,,,1.8535626643967802
T3,L2,400,3,17,True,-1,0.4549659919738769,-0.11816797256469735,0.0,,,0.040000000000000036,0.1500923310147842,,,,1.5751355606341928
T3,L2,400,3,18,True,-1,0.37517015457153313,-0.04953799247741708,0.0,,,0.0,0.16580552936249607,,,,1.9175762089421584
T3,L2,400,3,19,True,-1,0.37221090316772454,-0.09409818649291957,0.0,,,0.0,0.19709876565062653,,,,1.9697665692352593
T3,L2,400,4,0,True,-1,0.39956991195678704,-0.1269861221313473,0.0,,,0.07999999999999996,0.08958762891012997,,,,1.2470063360150387
T3,L2,400,4,1,True,-1,0.3914198112487792,-0.13540003299713144,0.0,,,0.07999999999999996,0.18680743524777874,,,,1.2044722465694964
T3,L2,400,4,2,True,-1,0.47316781997680657,-0.15609798431396493,0.0,,,0.040000000000000036,0.3894219680330767,,,,1.2951174357915078
T3,L2,400,4,3,True,-1,0.3905419540405273,-0.08608589172363246,0.0,,,0.07999999999999996,0.2881093911683839,,,,1.3284787636017916
T3,L2,400,4,4,True,-1,0.370920820236206,-0.11819992065429652,0.0,,,0.0,0.2580646978538134,,,,1.939541459986988
T3,L2,400,4,5,True,-1,0.3636419010162353,-0.10342595577239999,0.0,,,0.12,0.48461128237903,,,,1.1352309454629264
T3,L2,400,4,6,True,-1,0.47127000808715813,-0.07730195522308358,0.0,,,0.0,0.2751427855124519,,,,1.8008402399092072
T3,L2,400,4,7,True,-1,0.3819538784027099,-0.11972007751464808,0.0,,,0.16000000000000003,0.4773587222735528,,,,1.5027982022632256
T3,L2,400,4,8,True,-1,0.3782080245018005,-0.07989416122436488,0.0,,,0.040000000000000036,0.11512933385737875,,,,1.4353021417078242
T3,L2,400,4,9,True,-1,0.44078402042388914,-0.06075499057769784,0.0,,,0.0,0.14741185645726554,,,,1.9865291155109288
T3,L2,400,4,10,True,-1,0.45422600030899046,-0.07606194019317636,0.0,,,0.07999999999999996,0.22732586237109725,,,,1.3772650751908246
T3,L2,400,4,11,True,-1,0.4376170170307159,-0.1545301437377926,0.0,,,0.040000000000000036,0.3712578606013769,,,,1.6505808364957197
T3,L2,400,4,12,True,-1,0.466872854232788,-0.10326204299926722,0.0,,,0.040000000000000036,0.2393567564025442,,,,1.6528879801773817
T3,L2,400,4,13,True,-1,0.41508786201477044,-0.11819396018981942,0.0,,,0.040000000000000036,0.35179944976117233,,,,1.5332425413513562
T3,L2,400,4,14,True,-1,0.4664730262756347,-0.0828280210494996,0.0,,,0.19999999999999996,0.15523012399257774,,,,1.310037591851707
T3,L2,400,4,15,True,-1,0.4130338859558105,-0.09003410339355433,0.0,,,0.0,0.15302698844930818,,,,1.5604964828860872
T3,L2,400,4,16,True,-1,0.4663199615478515,-0.054485893249511363,0.0,,,0.19999999999999996,0.3420422600718408,,,,1.2342497766414375
T3,L2,400,4,17,True,-1,0.46339790344238274,-0.12775096893310556,0.0,,,0.040000000000000036,0.2597102673415747,,,,1.514557184589242
T3,L2,400,4,18,True,-1,0.4699796867370605,-0.06912395954132089,0.0,,,0.16000000000000003,0.4208675436332059,,,,1.4030197691444743
T3,L2,400,4,19,True,-1,0.47963611602783196,-0.06680831909179652,0.0,,,0.24,0.38144484955210306,,,,1.3636811219063638
T3,L2,100,0,0,True,-1,0.3879679870605468,-0.06603822708129847,0.0,,,0.040000000000000036,0.8840409637353179,,,,1.572286439679755
T3,L2,100,0,1,True,-1,0.46073190689086907,-0.09940502643585214,0.0,,,0.07999999999999996,0.35027322407321215,,,,1.5892271225895975
T3,L2,100,0,2,True,-1,0.43088571548461907,-0.1522339344024659,0.0,,,0.040000000000000036,0.7302734435797439,,,,1.7094801874230252
T3,L2,100,0,3,False,-1,0.4300541114807128,-0.15677986145019496,0.0,,,0.0,0.35291110778912593,,,,1.8991884537771966
T3,L2,100,0,4,True,-1,0.443339033126831,-0.12418422698974574,0.0,,,0.040000000000000036,0.5992640219831805,,,,1.8044577778728306
T3,L2,100,0,5,True,-1,0.43518583297729485,-0.09828398227691659,0.0,,,0.0,0.19454027508643776,,,,1.8646045214960802
T3,L2,100,0,6,False,-1,0.44157592773437493,-0.1553380250930787,0.0,,,0.040000000000000036,0.5623648676011868,,,,1.820807805425492
T3,L2,100,0,7,True,-1,0.46017901420593255,-0.06388626098632777,0.0,,,0.0,0.27485759789510866,,,,1.9576269446333732
T3,L2,100,0,8,True,-1,0.36223001599311827,-0.08822212219238246,0.0,,,0.07999999999999996,0.3619086911514694,,,,1.1506176815760345
T3,L2,100,0,9,True,-1,0.401779009103775,-0.1381050109863282,0.0,,,0.0,0.28241553304051503,,,,1.9345178110991796
T3,L2,100,0,10,True,-1,0.4193840157985687,-0.15719900131225595,0.0,,,0.0,0.34800910471654695,,,,1.300423794731297
T3,L2,100,0,11,True,-1,0.44061402797698973,-0.14537630081176722,0.0,,,0.040000000000000036,0.3763697654421318,,,,1.3654927441826594
T3,L2,100,0,12,True,-1,0.3708898258209228,-0.09858093261718714,0.0,,,0.0,0.7840744460770475,,,,1.9190048266188493
T3,L2,100,0,13,True,-1,0.44482795715332024,-0.12978599071502694,0.0,,,0.040000000000000036,0.48065749482139875,,,,1.7791101636069928
T3,L2,100,0,14,True,-1,0.38853899955749505,-0.11990294456481942,0.0,,,0.0,0.5252389870512764,,,,1.9517478693826862
T3,L2,100,0,15,True,-1,0.4104618263244628,-0.12674818038940394,0.0,,,0.040000000000000036,0.40389699215092506,,,,1.3665091291753337
T3,L2,100,0,16,False,-1,0.4200238418579101,-0.1317769050598141,0.0,,,0.0,0.6376317703677119,,,,1.1737013489466903
T3,L2,100,0,17,True,-1,0.39392702102661126,-0.06501493453979501,0.0,,,0.12,0.48281613778505444,,,,1.1777591898744066
T3,L2,100,0,18,False,-1,0.3909129333496093,-0.06681201457977304,0.0,,,0.12,0.4702113184884321,,,,1.1983836013199414
T3,L2,100,0,19,False,-1,0.3874348831176757,-0.09845695495605433,0.0,,,0.07999999999999996,0.21963937077092607,,,,1.417668093370563
T3,L2,100,1,0,True,-1,0.428430004119873,-0.08460197448730433,0.0,,,0.040000000000000036,0.28646490178301426,,,,1.6289484507244067
T3,L2,100,1,1,True,-1,0.3743380737304687,-0.14470503330230722,0.0,,,0.12,0.4732819466652215,,,,1.6069461258230002
T3,L2,100,1,2,True,-1,0.41568414688110344,-0.07656798362731942,0.0,,,0.040000000000000036,0.27449994270709904,,,,1.4782607268121615
T3,L2,100,1,3,True,-1,0.3658746910095214,-0.07255420684814418,0.0,,,0.040000000000000036,0.8319419421993394,,,,1.5925275772842262
T3,L2,100,1,4,True,-1,0.42792503356933587,-0.09298191070556605,0.0,,,0.040000000000000036,0.18927115329304173,,,,1.2555576294819877
T3,L2,100,1,5,True,-1,0.4224859905242919,-0.04038999080657968,0.0,,,0.0,0.4319971964963256,,,,1.892944209495767
T3,L2,100,1,6,True,-1,0.4098779392242431,-0.06524202823638925,0.0,,,0.040000000000000036,0.48513163170886303,,,,1.3568582603073576
T3,L2,100,1,7,True,-1,0.37796203613281243,-0.07041988372802699,0.0,,,0.0,0.25813878038074317,,,,1.8512065129499733
T3,L2,100,1,8,True,-1,0.4692430031299591,-0.13293228149414027,0.0,,,0.0,0.11183786023071941,,,,1.8788975933267995
T3,L2,100,1,9,True,-1,0.43827600598335265,-0.0648979902267457,0.0,,,0.07999999999999996,0.514529152743335,,,,1.4374815647956294
T3,L2,100,1,10,True,-1,0.44880001068115233,-0.1587940216064454,0.0,,,0.040000000000000036,0.34635963623397453,,,,1.4569764064451844
T3,L2,100,1,11,True,-1,0.4115810227394104,-0.10039911270141566,0.0,,,0.0,0.33551962951119235,,,,1.5803914599666755
T3,L2,100,1,12,True,-1,0.47421781539916985,-0.05289230346679652,0.0,,,0.12,0.49161864162892105,,,,1.541371309882926
T3,L2,100,1,13,True,-1,0.399684829711914,-0.07077703475952157,0.0,,,0.040000000000000036,0.5745436273695249,,,,1.5188775038859244
T3,L2,100,1,14,True,-1,0.46083895683288567,-0.057278013229370206,0.0,,,0.12,0.5511755515051988,,,,1.4825168281838559
T3,L2,100,1,15,True,-1,0.47034184455871575,-0.11900291442871058,0.0,,,0.040000000000000036,0.4500175588444757,,,,1.3594711996411097
T3,L2,100,1,16,True,-1,0.3862771224975585,-0.13188133239746058,0.0,,,0.12,0.49796413657533234,,,,1.4987891855819193
T3,L2,100,1,17,True,-1,0.38466398239135735,-0.06557998657226571,0.0,,,0.040000000000000036,0.989044189024142,,,,1.4773507940901012
T3,L2,100,1,18,True,-1,0.479093952178955,-0.09019598960876474,0.0,,,0.19999999999999996,0.5892424141618413,,,,1.3846335122057374
T3,L2,100,1,19,True,-1,0.41182701110839837,-0.04198226928710902,0.0,,,0.040000000000000036,0.6025425803823533,,,,1.7129182762055262
T3,L2,100,2,0,True,-1,0.43654195785522454,-0.1293202400207516,0.0,,,0.0,0.5096582131577134,,,,1.1344861848079937
T3,L2,100,2,1,True,-1,0.4321378898620605,-0.11450896263122567,0.0,,,0.0,0.2249330625021608,,,,1.224050658452942
T3,L2,100,2,2,True,-1,0.38269798278808587,-0.1419499874114991,0.0,,,0.0,0.5569270105669405,,,,1.786067102996521
T3,L2,100,2,3,True,-1,0.37192384719848626,-0.08823785781860316,0.0,,,0.0,0.5392135968595094,,,,1.8698284882665779
T3,L2,100,2,4,True,-1,0.46596090316772454,-0.059197998046874645,0.0,,,0.0,0.290288143936146,,,,1.880761999166525
T3,L2,100,2,5,True,-1,0.3609868717193603,-0.11326596736907968,0.0,,,0.12,0.932175455367484,,,,1.154506439612708
T3,L2,100,2,6,True,-1,0.41864482879638665,-0.1414459705352784,0.0,,,0.040000000000000036,0.3187737398720031,,,,1.5755504044847808
T3,L2,100,2,7,True,-1,0.4721059036254882,-0.09182701110839808,0.0,,,0.19999999999999996,0.4645506389792239,,,,1.3782376556706062
T3,L2,100,2,8,True,-1,0.3973540198802948,-0.049887275695800426,0.0,,,0.040000000000000036,0.8140774044966784,,,,1.4566638648051113
T3,L2,100,2,9,True,-1,0.375018013715744,-0.09511003494262704,0.0,,,0.040000000000000036,0.6118228700505006,,,,1.5209807143027583
T3,L2,100,2,10,True,-1,0.3771910202503204,-0.12990996837615976,0.0,,,0.12,0.06850628534168016,,,,1.5883423259095577
T3,L2,100,2,11,True,-1,0.41602702260017393,-0.1547108650207516,0.0,,,0.040000000000000036,0.8242592766002208,,,,1.492160360196272
T3,L2,100,2,12,True,-1,0.3660558891296386,-0.1135579109191891,0.0,,,0.16000000000000003,0.5887347991993551,,,,1.3111266243247917
T3,L2,100,2,13,True,-1,0.3835419845581054,-0.09437594413757333,0.0,,,0.0,0.5778070011368239,,,,1.8133743781158325
T3,L2,100,2,14,True,-1,0.41499988555908196,-0.04697701930999765,0.0,,,0.0,0.3037274704372746,,,,1.9012999133971324
T3,L2,100,2,15,True,-1,0.47684185028076165,-0.11836585998535121,0.0,,,0.040000000000000036,0.32036853320856246,,,,1.3212933885362155
T3,L2,100,2,16,True,-1,0.3745397758483886,-0.15163431167602504,0.0,,,0.0,0.2727104937100755,,,,1.931784582846176
T3,L2,100,2,17,True,-1,0.4009560775756835,-0.05997202396392831,0.0,,,0.0,0.21667790770757664,,,,1.7801923818327865
T3,L2,100,2,18,True,-1,0.4585680198669433,-0.1244309902191163,0.0,,,0.040000000000000036,0.4449021633088355,,,,1.2811429167183281
T3,L2,100,2,19,True,-1,0.3650788497924804,-0.08405218124389613,0.0,,,0.0,0.4500113077234841,,,,1.772552035291824
T3,L2,100,3,0,True,-1,0.37913791656494134,-0.07000408172607386,0.0,,,0.040000000000000036,0.9024775213377171,,,,1.4628354635888488
T3,L2,100,3,1,True,-1,0.44862882614135735,-0.05393395423889169,0.0,,,0.0,0.31419792186355205,,,,1.9277956705647883
T3,L2,100,3,2,True,-1,0.4081987571716308,-0.1317089557647706,0.0,,,0.0,0.45905882785837,,,,1.9706998704837646
T3,L2,100,3,3,True,-1,0.4632658195495605,-0.10365304946899379,0.0,,,0.0,0.5014561131559201,,,,1.7653672480560323
T3,L2,100,3,4,True,-1,0.3680688571929931,-0.07675800323486293,0.0,,,0.040000000000000036,0.9129315356102791,,,,1.5600958613575475
T3,L2,100,3,5,True,-1,0.39937393188476555,-0.10842094421386728,0.0,,,0.0,0.4156854410201186,,,,1.658368784567078
T3,L2,100,3,6,True,-1,0.42102281570434563,-0.13230702877044687,0.0,,,0.040000000000000036,0.3655167402291665,,,,1.7144239282798694
T3,L2,100,3,7,True,-1,0.4182860088348388,-0.1473551750183102,0.0,,,0.0,0.4369463113745745,,,,1.953318467810321
T3,L2,100,3,8,True,-1,0.4649230074882507,-0.14342889785766566,0.0,,,0.040000000000000036,0.8309437504826845,,,,1.171652544745151
T3,L2,100,3,9,True,-1,0.46992902278900145,-0.05721495151519784,0.0,,,0.19999999999999996,0.48372008972794733,,,,1.31845780221491
T3,L2,100,3,10,True,-1,0.4211320114135742,-0.14105901718139657,0.0,,,0.0,0.23385745376568573,,,,1.8582326887819103
T3,L2,100,3,11,True,-1,0.47062201619148253,-0.07973108291625941,0.0,,,0.24,0.5087963943825594,,,,1.2685617263042437
T3,L2,100,3,12,True,-1,0.38078681945800774,-0.08428821563720668,0.0,,,0.0,0.3912876863694198,,,,1.7378075994382205
T3,L2,100,3,13,True,-1,0.39467303276062005,-0.12723002433776864,0.0,,,0.0,0.3737019395896229,,,,1.932736624119428
T3,L2,100,3,14,True,-1,0.4116939735412597,-0.04194400310516366,0.0,,,0.040000000000000036,0.5980881009889005,,,,1.1479749319800645
T3,L2,100,3,15,True,-1,0.46862093925476067,-0.12440595626831019,0.0,,,0.040000000000000036,0.5242821964937532,,,,1.4125873359621568
T3,L2,100,3,16,True,-1,0.46767179489135735,-0.13343200683593714,0.0,,,0.0,0.11219471130452263,,,,1.8535626643967802
T3,L2,100,3,17,True,-1,0.4549659919738769,-0.11816797256469735,0.0,,,0.040000000000000036,0.46400109794776695,,,,1.5751355606341928
T3,L2,100,3,18,True,-1,0.37517015457153313,-0.04953799247741708,0.0,,,0.0,0.7377990273073813,,,,1.9175762089421584
T3,L2,100,3,19,True,-1,0.37221090316772454,-0.09409818649291957,0.0,,,0.0,0.8689411562794799,,,,1.9697665692352593
T3,L2,100,4,0,True,-1,0.39956991195678704,-0.1269861221313473,0.0,,,0.07999999999999996,0.08958762891012997,,,,1.2470063360150387
T3,L2,100,4,1,True,-1,0.3914198112487792,-0.13540003299713144,0.0,,,0.07999999999999996,0.4591987847361479,,,,1.2044722465694964
T3,L2,100,4,2,True,-1,0.47316781997680657,-0.15609798431396493,0.0,,,0.040000000000000036,0.8201003188825338,,,,1.2951174357915078
T3,L2,100,4,3,True,-1,0.3905419540405273,-0.08608589172363246,0.0,,,0.07999999999999996,0.5143325202867053,,,,1.3284787636017916
T3,L2,100,4,4,True,-1,0.370920820236206,-0.11819992065429652,0.0,,,0.0,0.2580646978538134,,,,1.939541459986988
T3,L2,100,4,5,True,-1,0.3636419010162353,-0.10342595577239999,0.0,,,0.12,0.6561193857505919,,,,1.1352309454629264
T3,L2,100,4,6,True,-1,0.47127000808715813,-0.07730195522308358,0.0,,,0.0,0.4383020116292517,,,,1.8008402399092072
T3,L2,100,4,7,True,-1,0.3819538784027099,-0.11972007751464808,0.0,,,0.16000000000000003,0.5104795999045075,,,,1.5027982022632256
T3,L2,100,4,8,True,-1,0.3782080245018005,-0.07989416122436488,0.0,,,0.040000000000000036,0.5939587564123403,,,,1.4353021417078242
T3,L2,100,4,9,True,-1,0.44078402042388914,-0.06075499057769784,0.0,,,0.0,0.439876621539688,,,,1.9865291155109288
T3,L2,100,4,10,True,-1,0.45422600030899046,-0.07606194019317636,0.0,,,0.07999999999999996,0.5557261068733519,,,,1.3772650751908246
T3,L2,100,4,11,True,-1,0.4376170170307159,-0.1545301437377926,0.0,,,0.040000000000000036,0.7876862166603265,,,,1.6505808364957197
T3,L2,100,4,12,True,-1,0.466872854232788,-0.10326204299926722,0.0,,,0.040000000000000036,0.2393567564025442,,,,1.6528879801773817
T3,L2,100,4,13,False,-1,0.41508786201477044,-0.11819396018981942,0.0,,,0.040000000000000036,0.4171980955702108,,,,1.5332425413513562
T3,L2,100,4,14,True,-1,0.4664730262756347,-0.0828280210494996,0.0,,,0.19999999999999996,0.36212493245018057,,,,1.310037591851707
T3,L2,100,4,15,True,-1,0.4130338859558105,-0.09003410339355433,0.0,,,0.0,0.15302698844930818,,,,1.5604964828860872
T3,L2,100,4,16,True,-1,0.4663199615478515,-0.054485893249511363,0.0,,,0.19999999999999996,0.3420422600718408,,,,1.2342497766414375
T3,L2,100,4,17,True,-1,0.46339790344238274,-0.12775096893310556,0.0,,,0.040000000000000036,0.5443791464843217,,,,1.514557184589242
T3,L2,100,4,18,True,-1,0.4699796867370605,-0.06912395954132089,0.0,,,0.16000000000000003,0.46056778524900754,,,,1.4030197691444743
T3,L2,100,4,19,True,-1,0.47963611602783196,-0.06680831909179652,0.0,,,0.24,0.38144484955210306,,,,1.3636811219063638
T3,L3b,400,0,0,False,0,0.3879679870605468,-0.06603822708129847,0.0,,,0.07999999999999996,0.33306820480909255,,,,1.572286439679755
T3,L3b,400,0,1,True,0,0.46073190689086907,-0.09940502643585214,0.0,,,0.19999999999999996,0.18219921940026607,,,,1.5892271225895975
T3,L3b,400,0,2,True,0,0.43088571548461907,-0.1522339344024659,0.0,,,0.040000000000000036,0.18568933971654247,,,,1.7094801874230252
T3,L3b,400,0,3,True,0,0.4300541114807128,-0.15677986145019496,0.0,,,0.0,0.07259933718338879,,,,1.8991884537771966
T3,L3b,400,0,4,True,0,0.443339033126831,-0.12418422698974574,0.0,,,0.0,0.2542262621415109,,,,1.8044577778728306
T3,L3b,400,0,5,True,0,0.43518583297729485,-0.09828398227691659,0.0,,,0.07999999999999996,0.2642708619030789,,,,1.8646045214960802
T3,L3b,400,0,6,True,0,0.44157592773437493,-0.1553380250930787,0.0,,,0.0,0.3261214757590455,,,,1.820807805425492
T3,L3b,400,0,7,True,0,0.46017901420593255,-0.06388626098632777,0.0,,,0.0,0.35771210622143085,,,,1.9576269446333732
T3,L3b,400,0,8,True,0,0.36223001599311827,-0.08822212219238246,0.0,,,0.19999999999999996,0.4235011224845933,,,,1.1506176815760345
T3,L3b,400,0,9,True,0,0.401779009103775,-0.1381050109863282,0.0,,,0.0,0.14790281233679015,,,,1.9345178110991796
T3,L3b,400,0,10,True,0,0.4193840157985687,-0.15719900131225595,0.0,,,0.12,0.2868053319571845,,,,1.300423794731297
T3,L3b,400,0,11,True,0,0.44061402797698973,-0.14537630081176722,0.0,,,0.12,0.41267398688124307,,,,1.3654927441826594
T3,L3b,400,0,12,True,0,0.3708898258209228,-0.09858093261718714,0.0,,,0.0,0.4393810500594042,,,,1.9190048266188493
T3,L3b,400,0,13,True,0,0.44482795715332024,-0.12978599071502694,0.0,,,0.0,0.29345022912992863,,,,1.7791101636069928
T3,L3b,400,0,14,True,0,0.38853899955749505,-0.11990294456481942,0.0,,,0.0,0.3547823904844126,,,,1.9517478693826862
T3,L3b,400,0,15,True,0,0.4104618263244628,-0.12674818038940394,0.0,,,0.040000000000000036,0.3934320306184645,,,,1.3665091291753337
T3,L3b,400,0,16,False,0,0.4200238418579101,-0.1317769050598141,0.0,,,0.040000000000000036,0.296308318630738,,,,1.1737013489466903
T3,L3b,400,0,17,True,0,0.39392702102661126,-0.06501493453979501,0.0,,,0.16000000000000003,0.19828446978010095,,,,1.1777591898744066
T3,L3b,400,0,18,True,0,0.3909129333496093,-0.06681201457977304,0.0,,,0.16000000000000003,0.16949193277352304,,,,1.1983836013199414
T3,L3b,400,0,19,True,0,0.3874348831176757,-0.09845695495605433,0.0,,,0.12,0.2737444286248889,,,,1.417668093370563
T3,L3b,400,1,0,True,1,0.428430004119873,-0.08460197448730433,0.0,,,0.040000000000000036,0.17151597707142874,,,,1.6289484507244067
T3,L3b,400,1,1,True,1,0.3743380737304687,-0.14470503330230722,0.0,,,0.040000000000000036,0.11987465923159212,,,,1.6069461258230002
T3,L3b,400,1,2,True,1,0.41568414688110344,-0.07656798362731942,0.0,,,0.07999999999999996,0.38213410409515863,,,,1.4782607268121615
T3,L3b,400,1,3,False,1,0.3658746910095214,-0.07255420684814418,0.0,,,0.12,0.3645574255950927,,,,1.5925275772842262
T3,L3b,400,1,4,False,1,0.42792503356933587,-0.09298191070556605,0.0,,,0.040000000000000036,0.21083059226637907,,,,1.2555576294819877
T3,L3b,400,1,5,True,1,0.4224859905242919,-0.04038999080657968,0.0,,,0.040000000000000036,0.40287157632535814,,,,1.892944209495767
T3,L3b,400,1,6,True,1,0.4098779392242431,-0.06524202823638925,0.0,,,0.07999999999999996,0.2420395188276442,,,,1.3568582603073576
T3,L3b,400,1,7,False,1,0.37796203613281243,-0.07041988372802699,0.0,,,0.0,0.11791883606123026,,,,1.8512065129499733
T3,L3b,400,1,8,True,1,0.4692430031299591,-0.13293228149414027,0.0,,,0.040000000000000036,0.10041803053592549,,,,1.8788975933267995
T3,L3b,400,1,9,True,1,0.43827600598335265,-0.0648979902267457,0.0,,,0.12,0.16658582032091387,,,,1.4374815647956294
T3,L3b,400,1,10,True,1,0.44880001068115233,-0.1587940216064454,0.0,,,0.12,0.3785055931765493,,,,1.4569764064451844
T3,L3b,400,1,11,True,1,0.4115810227394104,-0.10039911270141566,0.0,,,0.040000000000000036,0.197162137183117,,,,1.5803914599666755
T3,L3b,400,1,12,True,1,0.47421781539916985,-0.05289230346679652,0.0,,,0.07999999999999996,0.29963771136426137,,,,1.541371309882926
T3,L3b,400,1,13,True,1,0.399684829711914,-0.07077703475952157,0.0,,,0.07999999999999996,0.46341436749585385,,,,1.5188775038859244
T3,L3b,400,1,14,True,1,0.46083895683288567,-0.057278013229370206,0.0,,,0.12,0.4650368894655207,,,,1.4825168281838559
T3,L3b,400,1,15,True,1,0.47034184455871575,-0.11900291442871058,0.0,,,0.24,0.11372948393811554,,,,1.3594711996411097
T3,L3b,400,1,16,True,1,0.3862771224975585,-0.13188133239746058,0.0,,,0.040000000000000036,0.13421462972368595,,,,1.4987891855819193
T3,L3b,400,1,17,False,1,0.38466398239135735,-0.06557998657226571,0.0,,,0.040000000000000036,0.3334555599135853,,,,1.4773507940901012
T3,L3b,400,1,18,False,1,0.479093952178955,-0.09019598960876474,0.0,,,0.31999999999999995,0.38184095377322386,,,,1.3846335122057374
T3,L3b,400,1,19,True,1,0.41182701110839837,-0.04198226928710902,0.0,,,0.040000000000000036,0.2934039763475499,,,,1.7129182762055262
T3,L3b,400,2,0,True,2,0.43654195785522454,-0.1293202400207516,0.0,,,0.12,0.3671769562129479,,,,1.1344861848079937
T3,L3b,400,2,1,True,2,0.4321378898620605,-0.11450896263122567,0.0,,,0.040000000000000036,0.2792149088525343,,,,1.224050658452942
T3,L3b,400,2,2,True,2,0.38269798278808587,-0.1419499874114991,0.0,,,0.040000000000000036,0.3792621422144042,,,,1.786067102996521
T3,L3b,400,2,3,True,2,0.37192384719848626,-0.08823785781860316,0.0,,,0.0,0.18979754583166383,,,,1.8698284882665779
T3,L3b,400,2,4,True,2,0.46596090316772454,-0.059197998046874645,0.0,,,0.0,0.2832522499495379,,,,1.880761999166525
T3,L3b,400,2,5,True,2,0.3609868717193603,-0.11326596736907968,0.0,,,0.16000000000000003,0.19047654982501863,,,,1.154506439612708
T3,L3b,400,2,6,True,2,0.41864482879638665,-0.1414459705352784,0.0,,,0.07999999999999996,0.2633592295491234,,,,1.5755504044847808
T3,L3b,400,2,7,False,2,0.4721059036254882,-0.09182701110839808,0.0,,,0.28,0.3525514834619491,,,,1.3782376556706062
T3,L3b,400,2,8,True,2,0.3973540198802948,-0.049887275695800426,0.0,,,0.12,0.2281268567961326,,,,1.4566638648051113
T3,L3b,400,2,9,True,2,0.375018013715744,-0.09511003494262704,0.0,,,0.12,0.11103996618532119,,,,1.5209807143027583
T3,L3b,400,2,10,True,2,0.3771910202503204,-0.12990996837615976,0.0,,,0.040000000000000036,0.27436877369499785,,,,1.5883423259095577
T3,L3b,400,2,11,True,2,0.41602702260017393,-0.1547108650207516,0.0,,,0.07999999999999996,0.35264946684823495,,,,1.492160360196272
T3,L3b,400,2,12,True,2,0.3660558891296386,-0.1135579109191891,0.0,,,0.19999999999999996,0.13325477871263858,,,,1.3111266243247917
T3,L3b,400,2,13,True,2,0.3835419845581054,-0.09437594413757333,0.0,,,0.0,0.1925981113355933,,,,1.8133743781158325
T3,L3b,400,2,14,True,2,0.41499988555908196,-0.04697701930999765,0.0,,,0.040000000000000036,0.17612911292470498,,,,1.9012999133971324
T3,L3b,400,2,15,True,2,0.47684185028076165,-0.11836585998535121,0.0,,,0.28,0.27871489289214857,,,,1.3212933885362155
T3,L3b,400,2,16,True,2,0.3745397758483886,-0.15163431167602504,0.0,,,0.0,0.18554406550082742,,,,1.931784582846176
T3,L3b,400,2,17,True,2,0.4009560775756835,-0.05997202396392831,0.0,,,0.040000000000000036,0.16896414287794184,,,,1.7801923818327865
T3,L3b,400,2,18,True,2,0.4585680198669433,-0.1244309902191163,0.0,,,0.12,0.2623304512793318,,,,1.2811429167183281
T3,L3b,400,2,19,True,2,0.3650788497924804,-0.08405218124389613,0.0,,,0.0,0.31135094458850227,,,,1.772552035291824
T3,L3b,400,3,0,True,3,0.37913791656494134,-0.07000408172607386,0.0,,,0.12,0.27157222682865456,,,,1.4628354635888488
T3,L3b,400,3,1,True,3,0.44862882614135735,-0.05393395423889169,0.0,,,0.0,0.35111121056981337,,,,1.9277956705647883
T3,L3b,400,3,2,True,3,0.4081987571716308,-0.1317089557647706,0.0,,,0.0,0.17217774717610984,,,,1.9706998704837646
T3,L3b,400,3,3,True,3,0.4632658195495605,-0.10365304946899379,0.0,,,0.0,0.18976958790793297,,,,1.7653672480560323
T3,L3b,400,3,4,True,3,0.3680688571929931,-0.07675800323486293,0.0,,,0.12,0.2476383471252993,,,,1.5600958613575475
T3,L3b,400,3,5,True,3,0.39937393188476555,-0.10842094421386728,0.0,,,0.0,0.2102270678540224,,,,1.658368784567078
T3,L3b,400,3,6,True,3,0.42102281570434563,-0.13230702877044687,0.0,,,0.0,0.16595736347322879,,,,1.7144239282798694
T3,L3b,400,3,7,True,3,0.4182860088348388,-0.1473551750183102,0.0,,,0.0,0.3713647039715918,,,,1.953318467810321
T3,L3b,400,3,8,True,3,0.4649230074882507,-0.14342889785766566,0.0,,,0.12,0.48983441959453167,,,,1.171652544745151
T3,L3b,400,3,9,False,3,0.46992902278900145,-0.05721495151519784,0.0,,,0.16000000000000003,0.3155547447148751,,,,1.31845780221491
T3,L3b,400,3,10,True,3,0.4211320114135742,-0.14105901718139657,0.0,,,0.0,0.15051004146928867,,,,1.8582326887819103
T3,L3b,400,3,11,True,3,0.47062201619148253,-0.07973108291625941,0.0,,,0.24,0.4829108017432544,,,,1.2685617263042437
T3,L3b,400,3,12,True,3,0.38078681945800774,-0.08428821563720668,0.0,,,0.0,0.3544014388408733,,,,1.7378075994382205
T3,L3b,400,3,13,True,3,0.39467303276062005,-0.12723002433776864,0.0,,,0.0,0.2936123048747445,,,,1.932736624119428
T3,L3b,400,3,14,True,3,0.4116939735412597,-0.04194400310516366,0.0,,,0.16000000000000003,0.08243401745353271,,,,1.1479749319800645
T3,L3b,400,3,15,True,3,0.46862093925476067,-0.12440595626831019,0.0,,,0.19999999999999996,0.23181563784912848,,,,1.4125873359621568
T3,L3b,400,3,16,True,3,0.46767179489135735,-0.13343200683593714,0.0,,,0.040000000000000036,0.20268073882439827,,,,1.8535626643967802
T3,L3b,400,3,17,True,3,0.4549659919738769,-0.11816797256469735,0.0,,,0.28,0.22596147811034226,,,,1.5751355606341928
T3,L3b,400,3,18,True,3,0.37517015457153313,-0.04953799247741708,0.0,,,0.0,0.3031792941980913,,,,1.9175762089421584
T3,L3b,400,3,19,False,3,0.37221090316772454,-0.09409818649291957,0.0,,,0.0,0.3721865856446503,,,,1.9697665692352593
T3,L3b,400,4,0,True,4,0.39956991195678704,-0.1269861221313473,0.0,,,0.07999999999999996,0.2550752164855327,,,,1.2470063360150387
T3,L3b,400,4,1,False,4,0.3914198112487792,-0.13540003299713144,0.0,,,0.07999999999999996,0.24793923822289618,,,,1.2044722465694964
T3,L3b,400,4,2,True,4,0.47316781997680657,-0.15609798431396493,0.0,,,0.12,0.1557545218587031,,,,1.2951174357915078
T3,L3b,400,4,3,True,4,0.3905419540405273,-0.08608589172363246,0.0,,,0.07999999999999996,0.14257354370511138,,,,1.3284787636017916
T3,L3b,400,4,4,False,4,0.370920820236206,-0.11819992065429652,0.0,,,0.0,0.13820190071759442,,,,1.939541459986988
T3,L3b,400,4,5,True,4,0.3636419010162353,-0.10342595577239999,0.0,,,0.16000000000000003,0.39692910607714726,,,,1.1352309454629264
T3,L3b,400,4,6,True,4,0.47127000808715813,-0.07730195522308358,0.0,,,0.0,0.3076111326353489,,,,1.8008402399092072
T3,L3b,400,4,7,True,4,0.3819538784027099,-0.11972007751464808,0.0,,,0.040000000000000036,0.2575327435772538,,,,1.5027982022632256
T3,L3b,400,4,8,False,4,0.3782080245018005,-0.07989416122436488,0.0,,,0.12,0.16416554680083023,,,,1.4353021417078242
T3,L3b,400,4,9,True,4,0.44078402042388914,-0.06075499057769784,0.0,,,0.0,0.3948187074114062,,,,1.9865291155109288
T3,L3b,400,4,10,True,4,0.45422600030899046,-0.07606194019317636,0.0,,,0.19999999999999996,0.12871949371041608,,,,1.3772650751908246
T3,L3b,400,4,11,True,4,0.4376170170307159,-0.1545301437377926,0.0,,,0.07999999999999996,0.14826130609768962,,,,1.6505808364957197
T3,L3b,400,4,12,True,4,0.466872854232788,-0.10326204299926722,0.0,,,0.16000000000000003,0.3303411895268653,,,,1.6528879801773817
T3,L3b,400,4,13,True,4,0.41508786201477044,-0.11819396018981942,0.0,,,0.0,0.1976328406105528,,,,1.5332425413513562
T3,L3b,400,4,14,True,4,0.4664730262756347,-0.0828280210494996,0.0,,,0.24,0.3519665521583305,,,,1.310037591851707
T3,L3b,400,4,15,True,4,0.4130338859558105,-0.09003410339355433,0.0,,,0.0,0.42778202943702953,,,,1.5604964828860872
T3,L3b,400,4,16,True,4,0.4663199615478515,-0.054485893249511363,0.0,,,0.16000000000000003,0.2585744015508304,,,,1.2342497766414375
T3,L3b,400,4,17,True,4,0.46339790344238274,-0.12775096893310556,0.0,,,0.16000000000000003,0.3578075826995563,,,,1.514557184589242
T3,L3b,400,4,18,True,4,0.4699796867370605,-0.06912395954132089,0.0,,,0.16000000000000003,0.3861348950818441,,,,1.4030197691444743
T3,L3b,400,4,19,True,4,0.47963611602783196,-0.06680831909179652,0.0,,,0.19999999999999996,0.5057296697738702,,,,1.3636811219063638
T3,L3b,400,5,0,True,5,0.3857588005065917,-0.15338907241821254,0.0,,,0.040000000000000036,0.10265507528361989,,,,1.4291437235611133
T3,L3b,400,5,1,False,5,0.3821539115905761,-0.13851091861724862,0.0,,,0.12,0.27639958818765825,,,,1.1966361164166928
T3,L3b,400,5,2,True,5,0.43232910156249993,-0.06315801143646249,0.0,,,0.0,0.37854866823819916,,,,1.857745201236275
T3,L3b,400,5,3,False,5,0.37643615722656243,-0.10502586364746058,0.0,,,0.16000000000000003,0.23676088355648411,,,,1.369970598349863
T3,L3b,400,5,4,True,5,0.38879982948303216,-0.09855613708496058,0.0,,,0.040000000000000036,0.46185236253912065,,,,1.625944235280019
T3,L3b,400,5,5,True,5,0.4651619625091552,-0.08562800884246835,0.0,,,0.0,0.3136703386020017,,,,1.8240853915083315
T3,L3b,400,5,6,True,5,0.47955600738525384,-0.04168996810913095,0.0,,,0.040000000000000036,0.26812894154167355,,,,1.7656668558586197
T3,L3b,400,5,7,False,5,0.3753608894348144,-0.1552449226379391,0.0,,,0.040000000000000036,0.3091323624207858,,,,1.6692602955018279
T3,L3b,400,5,8,True,5,0.4721080195903778,-0.12504014968872035,0.0,,,0.16000000000000003,0.2424698814384208,,,,1.2958506092442181
T3,L3b,400,5,9,True,5,0.46903700947761534,-0.14312896728515634,0.0,,,0.16000000000000003,0.11283092231214324,,,,1.4788919873498252
T3,L3b,400,5,10,False,5,0.3933550250530243,-0.1172070264816285,0.0,,,0.07999999999999996,0.4417430274891937,,,,1.2747723951387522
T3,L3b,400,5,11,True,5,0.41570801854133604,-0.10040817260742152,0.0,,,0.0,0.17028344678481003,,,,1.4435936770641953
T3,L3b,400,5,12,True,5,0.379115982055664,-0.13849506378173793,0.0,,,0.0,0.23473383030700348,,,,1.8837086299138128
T3,L3b,400,5,13,False,5,0.4088889789581298,-0.08950600624084482,0.0,,,0.040000000000000036,0.26954187755423403,,,,1.290214695945577
T3,L3b,400,5,14,False,5,0.36462680816650384,-0.08366594314575204,0.0,,,0.12,0.3360058725079756,,,,1.4728237290749788
T3,L3b,400,5,15,True,5,0.4367508125305175,-0.12435398101806605,0.0,,,0.12,0.21368231005088964,,,,1.185606274862113
T3,L3b,400,5,16,True,5,0.42326585769653313,-0.07301912307739222,0.0,,,0.040000000000000036,0.25773948452665474,,,,1.5950887804443976
T3,L3b,400,5,17,False,5,0.36115304946899407,-0.11109898090362558,0.0,,,0.19999999999999996,0.21353548978071774,,,,1.3500446092857696
T3,L3b,400,5,18,True,5,0.45385972976684563,-0.06064496040344247,0.0,,,0.0,0.29716444721681423,,,,1.797216414910373
T3,L3b,400,5,19,False,5,0.3722199630737304,-0.08701620101928675,0.0,,,0.12,0.1611271846638882,,,,1.4605337746458973
T3,L3b,400,6,0,True,6,0.3802179527282714,-0.0694900512695309,0.0,,,0.07999999999999996,0.3242731753719761,,,,1.2548647976791023
T3,L3b,400,6,1,True,6,0.44903985977172844,-0.04749796390533456,0.0,,,0.16000000000000003,0.3833449207171822,,,,1.4350610779576067
T3,L3b,400,6,2,True,6,0.4259800148010253,-0.09092698097229013,0.0,,,0.040000000000000036,0.3024613451656362,,,,1.4100713049139117
T3,L3b,400,6,3,True,6,0.4209279251098632,-0.11699829101562464,0.0,,,0.0,0.37643615482123594,,,,1.8220103007864736
T3,L3b,400,6,4,True,6,0.3851479721069335,-0.11715230941772425,0.0,,,0.12,0.3674391015260599,,,,1.304960924464873
T3,L3b,400,6,5,True,6,0.459853811264038,-0.13693997859954843,0.0,,,0.040000000000000036,0.26852874217892914,,,,1.8695833468060004
T3,L3b,400,6,6,True,6,0.3675519657135009,-0.13852498531341562,0.0,,,0.040000000000000036,0.1857102756664965,,,,1.6042227440604475
T3,L3b,400,6,7,True,6,0.4763929080963134,-0.13874206542968714,0.0,,,0.040000000000000036,0.1813808701126221,,,,1.850634387679749
T3,L3b,400,6,8,True,6,0.4423970115184784,-0.07417402267456019,0.0,,,0.0,0.457079762646552,,,,1.995817132740324
T3,L3b,400,6,9,True,6,0.4664460253715515,-0.14377901554107675,0.0,,,0.0,0.3449623883890444,,,,1.8266068165323694
T3,L3b,400,6,10,True,6,0.4773490262031555,-0.11262998580932626,0.0,,,0.24,0.31563498224968817,,,,1.5260365466566734
T3,L3b,400,6,11,True,6,0.40739200830459593,-0.15331230163574183,0.0,,,0.0,0.3930951910421659,,,,1.9712912160126501
T3,L3b,400,6,12,False,6,0.40435997962951653,-0.060330009460448863,0.0,,,0.19999999999999996,0.14892480340705103,,,,1.38901644176676
T3,L3b,400,6,13,False,6,0.46897189140319817,-0.05009303092956552,0.0,,,0.16000000000000003,0.16550683351160547,,,,1.3092695423679852
T3,L3b,400,6,14,False,6,0.45554201126098626,-0.09936401844024667,0.0,,,0.07999999999999996,0.2681756371515975,,,,1.9643193818164952
T3,L3b,400,6,15,True,6,0.4241320323944091,-0.094927883148193,0.0,,,0.040000000000000036,0.26321915813191543,,,,1.992564790463469
T3,L3b,400,6,16,True,6,0.4592680168151855,-0.05364809036254847,0.0,,,0.0,0.38521537824218166,,,,1.8950168087358146
T3,L3b,400,6,17,True,6,0.39497797012329094,-0.11539993286132821,0.0,,,0.0,0.42205458656455114,,,,1.8781022534316203
T3,L3b,400,6,18,True,6,0.4576420021057128,-0.09766099452972421,0.0,,,0.07999999999999996,0.11262816960275639,,,,1.8456848102926555
T3,L3b,400,6,19,True,6,0.3959621620178222,-0.15372524261474574,0.0,,,0.040000000000000036,0.2284434291885602,,,,1.762551474967204
T3,L3b,400,7,0,True,7,0.3750299644470214,-0.09035930633544886,0.0,,,0.0,0.3562868769304627,,,,1.688063717218443
T3,L3b,400,7,1,True,7,0.40373603820800774,-0.1452740192413331,0.0,,,0.07999999999999996,0.42189762567779104,,,,1.2960018361303778
T3,L3b,400,7,2,True,7,0.4007538986206054,-0.12566897869110116,0.0,,,0.0,0.09644657356383071,,,,1.4578708107261307
T3,L3b,400,7,3,True,7,0.439385814666748,-0.06518421173095668,0.0,,,0.040000000000000036,0.17342400488061352,,,,1.2800243963024538
T3,L3b,400,7,4,True,7,0.39049283981323235,-0.10656127929687464,0.0,,,0.0,0.2207804142522812,,,,1.9845148781909197
T3,L3b,400,7,5,True,7,0.4011220169067382,-0.11714193820953378,0.0,,,0.040000000000000036,0.2593454471289584,,,,1.2866134060149412
T3,L3b,400,7,6,True,7,0.4336489868164062,-0.06599602699279794,0.0,,,0.07999999999999996,0.20856935700966206,,,,1.3104203099467902
T3,L3b,400,7,7,True,7,0.42600004196166985,-0.15027627944946254,0.0,,,0.16000000000000003,0.16261085910417764,,,,1.378377885712406
T3,L3b,400,7,8,True,7,0.39658902406692503,-0.14332208633422816,0.0,,,0.0,0.337111763943166,,,,1.3380344148507834
T3,L3b,400,7,9,True,7,0.45757500648498534,-0.09683094024658212,0.0,,,0.16000000000000003,0.3613264370844024,,,,1.3161062200708618
T3,L3b,400,7,10,True,7,0.42969401001930235,-0.11147401332855233,0.0,,,0.040000000000000036,0.19602594876356674,,,,1.828029459933936
T3,L3b,400,7,11,True,7,0.4639079999923706,-0.13189086914062464,0.0,,,0.040000000000000036,0.16246566143339902,,,,1.8487516267684718
T3,L3b,400,7,12,True,7,0.4572428894042968,-0.14696416854858363,0.0,,,0.07999999999999996,0.45322694760864385,,,,1.205259523651327
T3,L3b,400,7,13,True,7,0.46962682723999016,-0.06875202655792245,0.0,,,0.040000000000000036,0.20800174677006814,,,,1.6401114650762882
T3,L3b,400,7,14,True,7,0.45261399269103997,-0.1572049617767335,0.0,,,0.12,0.275608345090035,,,,1.2541579105111014
T3,L3b,400,7,15,False,7,0.3773509693145751,-0.10540590286254847,0.0,,,0.0,0.22616018684532765,,,,1.969835320217644
T3,L3b,400,7,16,True,7,0.41870395660400384,-0.15075120925903285,0.0,,,0.07999999999999996,0.554453523312801,,,,1.174113992814595
T3,L3b,400,7,17,True,7,0.40906469345092766,-0.060176944732666104,0.0,,,0.16000000000000003,0.14127848142044008,,,,1.4075517818500198
T3,L3b,400,7,18,False,7,0.3694118690490722,-0.06137893199920663,0.0,,,0.07999999999999996,0.2392695313725424,,,,1.1944855213596135
T3,L3b,400,7,19,True,7,0.43391792297363274,-0.061766242980956676,0.0,,,0.0,0.2922522616482508,,,,1.9849569193341727
T3,L3b,400,8,0,True,8,0.36144868850708,-0.14116392135620082,0.0,,,0.040000000000000036,0.32727809199074076,,,,1.7979656258832437
T3,L3b,400,8,1,True,8,0.3980097007751464,-0.0887169599533082,0.0,,,0.040000000000000036,0.38135879405891876,,,,1.624201202305009
T3,L3b,400,8,2,True,8,0.45059577941894524,-0.11965999603271493,0.0,,,0.07999999999999996,0.25868882664997034,,,,1.8331039130728848
T3,L3b,400,8,3,True,8,0.41193000793457024,-0.135513877868652,0.0,,,0.040000000000000036,0.4143082229221256,,,,1.4231419873860085
T3,L3b,400,8,4,True,8,0.4562699031829833,-0.14645204544067347,0.0,,,0.0,0.2911809097293469,,,,1.7688640290087712
T3,L3b,400,8,5,True,8,0.4033788871765136,-0.14165601730346689,0.0,,,0.12,0.32748963711686346,,,,1.1757627541138949
T3,L3b,400,8,6,True,8,0.36191503524780266,-0.08552298545837411,0.0,,,0.19999999999999996,0.40627572128814426,,,,1.284203767470653
T3,L3b,400,8,7,False,8,0.4271358680725097,-0.11592588424682582,0.0,,,0.040000000000000036,0.2991807665184998,,,,1.2149860807927197
T3,L3b,400,8,8,True,8,0.3894460034370422,-0.08393106460571254,0.0,,,0.0,0.340832495568457,,,,1.802535670377952
T3,L3b,400,8,9,True,8,0.4727120232582092,-0.08830699920654306,0.0,,,0.24,0.44350379558665726,,,,1.4437398378905053
T3,L3b,400,8,10,False,8,0.3657530081272125,-0.10636494159698495,0.0,,,0.12,0.46340922585685745,,,,1.5291893802165484
T3,L3b,400,8,11,False,8,0.4333640170097351,-0.14428386688232386,0.0,,,0.07999999999999996,0.2576724441624927,,,,1.2441466823117313
T3,L3b,400,8,12,False,8,0.47765390396118157,-0.05845603942871058,0.0,,,0.16000000000000003,0.34061040419358185,,,,1.4008187137031916
T3,L3b,400,8,13,True,8,0.4636518192291259,-0.12760195732116708,0.0,,,0.0,0.17369227519634725,,,,1.779916413015527
T3,L3b,400,8,14,True,8,0.37493197441101067,-0.08777198791503915,0.0,,,0.12,0.22875221959847622,,,,1.402386743017361
T3,L3b,400,8,15,True,8,0.40390698432922356,-0.08779821395873988,0.0,,,0.040000000000000036,0.3278655554306503,,,,1.633191787460259
T3,L3b,400,8,16,True,8,0.37683813095092766,-0.15486106872558558,0.0,,,0.040000000000000036,0.262719436570418,,,,1.6377584367205469
T3,L3b,400,8,17,True,8,0.41283409118652337,-0.1255979299545289,0.0,,,0.0,0.17299039553352977,,,,1.913319968714069
T3,L3b,400,8,18,True,8,0.4397277069091796,-0.14295098781585702,0.0,,,0.0,0.18956505919782793,,,,1.9368352276025642
T3,L3b,400,8,19,True,8,0.4130839538574218,-0.11904392242431605,0.0,,,0.0,0.1850805173204883,,,,1.9764175399778565
T3,L3b,400,9,0,True,9,0.47844402313232415,-0.12223300933837855,0.0,,,0.16000000000000003,0.3582994319383531,,,,1.5896276957251267
T3,L3b,400,9,1,True,9,0.40288393020629876,-0.07034692764282235,0.0,,,0.16000000000000003,0.36860962073461817,,,,1.2142504333265944
T3,L3b,400,9,2,True,9,0.3729237747192382,-0.1263710021972657,0.0,,,0.0,0.3933481546891581,,,,1.9611115848504934
T3,L3b,400,9,3,True,9,0.4288300704956054,-0.10790786743164027,0.0,,,0.040000000000000036,0.41933564403886536,,,,1.2013593876764725
T3,L3b,400,9,4,True,9,0.42323796272277825,-0.10383424758911097,0.0,,,0.07999999999999996,0.3049459135961284,,,,1.5371301346315385
T3,L3b,400,9,5,True,9,0.4000360202789306,-0.1563009977340699,0.0,,,0.07999999999999996,0.4248670245053036,,,,1.4539509716242998
T3,L3b,400,9,6,False,9,0.37613598823547356,-0.09783301353454599,0.0,,,0.16000000000000003,0.22427455996078563,,,,1.361931466914753
T3,L3b,400,9,7,True,9,0.38223902702331536,-0.09070930480956996,0.0,,,0.16000000000000003,0.3031234707325866,,,,1.1314465519372854
T3,L3b,400,9,8,True,9,0.45716400265693663,-0.13110218048095668,0.0,,,0.12,0.31168640450403556,,,,1.1423968790801058
T3,L3b,400,9,9,False,9,0.4412610065937042,-0.12470397949218759,0.0,,,0.040000000000000036,0.3441654574413523,,,,1.8708377231383786
T3,L3b,400,9,10,True,9,0.44128100395202635,-0.1397679805755616,0.0,,,0.040000000000000036,0.219458257233906,,,,1.99150266561148
T3,L3b,400,9,11,True,9,0.42263699889183043,-0.08720788955688441,0.0,,,0.0,0.2107256545541576,,,,1.8957978564591975
T3,L3b,400,9,12,True,9,0.39331595420837395,-0.14588413238525355,0.0,,,0.0,0.296136441618919,,,,1.783465427935403
T3,L3b,400,9,13,True,9,0.39944903373718255,-0.05568299293518075,0.0,,,0.12,0.38573217245936486,,,,1.4925822314268928
T3,L3b,400,9,14,True,9,0.46966998100280755,-0.06339702606201181,0.0,,,0.0,0.1420897990021305,,,,1.8855952695855993
T3,L3b,400,9,15,True,9,0.42158786773681634,-0.1496001243591305,0.0,,,0.07999999999999996,0.354591503810432,,,,1.4849352205540232
T3,L3b,400,9,16,True,9,0.3726057243347167,-0.1059890747070309,0.0,,,0.19999999999999996,0.2153580654919885,,,,1.2788453536860913
T3,L3b,400,9,17,True,9,0.4002980422973632,-0.14638493061065683,0.0,,,0.07999999999999996,0.5143488268036465,,,,1.4532856720375007
T3,L3b,400,9,18,True,9,0.464990062713623,-0.11475095748901376,0.0,,,0.28,0.28268392270931003,,,,1.3976539939489008
T3,L3b,400,9,19,True,9,0.46132604598999016,-0.14414987564086879,0.0,,,0.16000000000000003,0.2561984505566245,,,,1.4291889060874012
T3,L3b,100,0,0,False,0,0.3879679870605468,-0.06603822708129847,0.0,,,0.07999999999999996,0.4567615479327674,,,,1.572286439679755
T3,L3b,100,0,1,True,0,0.46073190689086907,-0.09940502643585214,0.0,,,0.19999999999999996,0.3529082886514228,,,,1.5892271225895975
T3,L3b,100,0,2,True,0,0.43088571548461907,-0.1522339344024659,0.0,,,0.040000000000000036,0.22613034138334656,,,,1.7094801874230252
T3,L3b,100,0,3,True,0,0.4300541114807128,-0.15677986145019496,0.0,,,0.0,0.5194211471821315,,,,1.8991884537771966
T3,L3b,100,0,4,True,0,0.443339033126831,-0.12418422698974574,0.0,,,0.0,0.3452291121466591,,,,1.8044577778728306
T3,L3b,100,0,5,False,0,0.43518583297729485,-0.09828398227691659,0.0,,,0.07999999999999996,0.2642708619030789,,,,1.8646045214960802
T3,L3b,100,0,6,True,0,0.44157592773437493,-0.1553380250930787,0.0,,,0.0,0.37336160736153556,,,,1.820807805425492
T3,L3b,100,0,7,True,0,0.46017901420593255,-0.06388626098632777,0.0,,,0.0,0.5281849578297242,,,,1.9576269446333732
T3,L3b,100,0,8,False,0,0.36223001599311827,-0.08822212219238246,0.0,,,0.19999999999999996,0.7449814081752897,,,,1.1506176815760345
T3,L3b,100,0,9,True,0,0.401779009103775,-0.1381050109863282,0.0,,,0.0,0.3125779026237144,,,,1.9345178110991796
T3,L3b,100,0,10,True,0,0.4193840157985687,-0.15719900131225595,0.0,,,0.12,0.7147582076692841,,,,1.300423794731297
T3,L3b,100,0,11,True,0,0.44061402797698973,-0.14537630081176722,0.0,,,0.12,0.41267398688124307,,,,1.3654927441826594
T3,L3b,100,0,12,True,0,0.3708898258209228,-0.09858093261718714,0.0,,,0.0,0.5731087054608986,,,,1.9190048266188493
T3,L3b,100,0,13,False,0,0.44482795715332024,-0.12978599071502694,0.0,,,0.0,0.29345022912992863,,,,1.7791101636069928
T3,L3b,100,0,14,True,0,0.38853899955749505,-0.11990294456481942,0.0,,,0.0,0.3547823904844126,,,,1.9517478693826862
T3,L3b,100,0,15,True,0,0.4104618263244628,-0.12674818038940394,0.0,,,0.040000000000000036,0.3934320306184645,,,,1.3665091291753337
T3,L3b,100,0,16,False,0,0.4200238418579101,-0.1317769050598141,0.0,,,0.040000000000000036,0.296308318630738,,,,1.1737013489466903
T3,L3b,100,0,17,True,0,0.39392702102661126,-0.06501493453979501,0.0,,,0.16000000000000003,0.5726776814032714,,,,1.1777591898744066
T3,L3b,100,0,18,True,0,0.3909129333496093,-0.06681201457977304,0.0,,,0.16000000000000003,0.5823706977824095,,,,1.1983836013199414
T3,L3b,100,0,19,False,0,0.3874348831176757,-0.09845695495605433,0.0,,,0.12,0.48124623733831823,,,,1.417668093370563
T3,L3b,100,1,0,True,1,0.428430004119873,-0.08460197448730433,0.0,,,0.040000000000000036,0.42824287430441194,,,,1.6289484507244067
T3,L3b,100,1,1,True,1,0.3743380737304687,-0.14470503330230722,0.0,,,0.040000000000000036,0.11987465923159212,,,,1.6069461258230002
T3,L3b,100,1,2,False,1,0.41568414688110344,-0.07656798362731942,0.0,,,0.07999999999999996,0.38213410409515863,,,,1.4782607268121615
T3,L3b,100,1,3,True,1,0.3658746910095214,-0.07255420684814418,0.0,,,0.12,0.36798038908016645,,,,1.5925275772842262
T3,L3b,100,1,4,True,1,0.42792503356933587,-0.09298191070556605,0.0,,,0.040000000000000036,0.5462255728721984,,,,1.2555576294819877
T3,L3b,100,1,5,False,1,0.4224859905242919,-0.04038999080657968,0.0,,,0.040000000000000036,0.5474101999737553,,,,1.892944209495767
T3,L3b,100,1,6,True,1,0.4098779392242431,-0.06524202823638925,0.0,,,0.07999999999999996,0.2420395188276442,,,,1.3568582603073576
T3,L3b,100,1,7,True,1,0.37796203613281243,-0.07041988372802699,0.0,,,0.0,0.1547523054350375,,,,1.8512065129499733
T3,L3b,100,1,8,True,1,0.4692430031299591,-0.13293228149414027,0.0,,,0.040000000000000036,0.4751968341568911,,,,1.8788975933267995
T3,L3b,100,1,9,True,1,0.43827600598335265,-0.0648979902267457,0.0,,,0.12,0.3299539173621345,,,,1.4374815647956294
T3,L3b,100,1,10,True,1,0.44880001068115233,-0.1587940216064454,0.0,,,0.12,0.4192413428856722,,,,1.4569764064451844
T3,L3b,100,1,11,True,1,0.4115810227394104,-0.10039911270141566,0.0,,,0.040000000000000036,0.45234136440486333,,,,1.5803914599666755
T3,L3b,100,1,12,True,1,0.47421781539916985,-0.05289230346679652,0.0,,,0.07999999999999996,0.6577268142851236,,,,1.541371309882926
T3,L3b,100,1,13,True,1,0.399684829711914,-0.07077703475952157,0.0,,,0.07999999999999996,0.5539728537440942,,,,1.5188775038859244
T3,L3b,100,1,14,False,1,0.46083895683288567,-0.057278013229370206,0.0,,,0.12,0.5070750538981506,,,,1.4825168281838559
T3,L3b,100,1,15,True,1,0.47034184455871575,-0.11900291442871058,0.0,,,0.24,0.6003884561538683,,,,1.3594711996411097
T3,L3b,100,1,16,True,1,0.3862771224975585,-0.13188133239746058,0.0,,,0.040000000000000036,0.13421462972368595,,,,1.4987891855819193
T3,L3b,100,1,17,True,1,0.38466398239135735,-0.06557998657226571,0.0,,,0.040000000000000036,0.4241878841742585,,,,1.4773507940901012
T3,L3b,100,1,18,True,1,0.479093952178955,-0.09019598960876474,0.0,,,0.31999999999999995,0.7428012280381215,,,,1.3846335122057374
T3,L3b,100,1,19,True,1,0.41182701110839837,-0.04198226928710902,0.0,,,0.040000000000000036,0.47828166504769865,,,,1.7129182762055262
T3,L3b,100,2,0,False,2,0.43654195785522454,-0.1293202400207516,0.0,,,0.12,0.4188050764514367,,,,1.1344861848079937
T3,L3b,100,2,1,True,2,0.4321378898620605,-0.11450896263122567,0.0,,,0.040000000000000036,0.2792149088525343,,,,1.224050658452942
T3,L3b,100,2,2,True,2,0.38269798278808587,-0.1419499874114991,0.0,,,0.040000000000000036,0.6331714179210955,,,,1.786067102996521
T3,L3b,100,2,3,True,2,0.37192384719848626,-0.08823785781860316,0.0,,,0.0,0.45702852803491956,,,,1.8698284882665779
T3,L3b,100,2,4,False,2,0.46596090316772454,-0.059197998046874645,0.0,,,0.0,0.2946499230001117,,,,1.880761999166525
T3,L3b,100,2,5,False,2,0.3609868717193603,-0.11326596736907968,0.0,,,0.16000000000000003,0.19047654982501863,,,,1.154506439612708
T3,L3b,100,2,6,False,2,0.41864482879638665,-0.1414459705352784,0.0,,,0.07999999999999996,0.2633592295491234,,,,1.5755504044847808
T3,L3b,100,2,7,True,2,0.4721059036254882,-0.09182701110839808,0.0,,,0.28,0.6307486295435627,,,,1.3782376556706062
T3,L3b,100,2,8,True,2,0.3973540198802948,-0.049887275695800426,0.0,,,0.12,0.45456468826147023,,,,1.4566638648051113
T3,L3b,100,2,9,True,2,0.375018013715744,-0.09511003494262704,0.0,,,0.12,0.11103996618532119,,,,1.5209807143027583
T3,L3b,100,2,10,True,2,0.3771910202503204,-0.12990996837615976,0.0,,,0.040000000000000036,0.42808588794860786,,,,1.5883423259095577
T3,L3b,100,2,11,True,2,0.41602702260017393,-0.1547108650207516,0.0,,,0.07999999999999996,0.47453103860379003,,,,1.492160360196272
T3,L3b,100,2,12,False,2,0.3660558891296386,-0.1135579109191891,0.0,,,0.19999999999999996,0.3087329843018753,,,,1.3111266243247917
T3,L3b,100,2,13,True,2,0.3835419845581054,-0.09437594413757333,0.0,,,0.0,0.1925981113355933,,,,1.8133743781158325
T3,L3b,100,2,14,False,2,0.41499988555908196,-0.04697701930999765,0.0,,,0.040000000000000036,0.4325299056157315,,,,1.9012999133971324
T3,L3b,100,2,15,True,2,0.47684185028076165,-0.11836585998535121,0.0,,,0.28,0.4536076355484341,,,,1.3212933885362155
T3,L3b,100,2,16,True,2,0.3745397758483886,-0.15163431167602504,0.0,,,0.0,0.8941447324914351,,,,1.931784582846176
T3,L3b,100,2,17,True,2,0.4009560775756835,-0.05997202396392831,0.0,,,0.040000000000000036,0.34288229221422567,,,,1.7801923818327865
T3,L3b,100,2,18,True,2,0.4585680198669433,-0.1244309902191163,0.0,,,0.12,0.4723098172287187,,,,1.2811429167183281
T3,L3b,100,2,19,True,2,0.3650788497924804,-0.08405218124389613,0.0,,,0.0,0.5360884914108142,,,,1.772552035291824
T3,L3b,100,3,0,True,3,0.37913791656494134,-0.07000408172607386,0.0,,,0.12,0.48551413735182236,,,,1.4628354635888488
T3,L3b,100,3,1,True,3,0.44862882614135735,-0.05393395423889169,0.0,,,0.0,0.35111121056981337,,,,1.9277956705647883
T3,L3b,100,3,2,True,3,0.4081987571716308,-0.1317089557647706,0.0,,,0.0,0.32734550057682943,,,,1.9706998704837646
T3,L3b,100,3,3,True,3,0.4632658195495605,-0.10365304946899379,0.0,,,0.0,0.43135661397757,,,,1.7653672480560323
T3,L3b,100,3,4,True,3,0.3680688571929931,-0.07675800323486293,0.0,,,0.12,0.46843488331872957,,,,1.5600958613575475
T3,L3b,100,3,5,True,3,0.39937393188476555,-0.10842094421386728,0.0,,,0.0,0.2102270678540224,,,,1.658368784567078
T3,L3b,100,3,6,True,3,0.42102281570434563,-0.13230702877044687,0.0,,,0.0,0.2591105965535712,,,,1.7144239282798694
T3,L3b,100,3,7,True,3,0.4182860088348388,-0.1473551750183102,0.0,,,0.0,0.48080950551990276,,,,1.953318467810321
T3,L3b,100,3,8,True,3,0.4649230074882507,-0.14342889785766566,0.0,,,0.12,0.6196855032503156,,,,1.171652544745151
T3,L3b,100,3,9,True,3,0.46992902278900145,-0.05721495151519784,0.0,,,0.16000000000000003,0.39028379821159437,,,,1.31845780221491
T3,L3b,100,3,10,False,3,0.4211320114135742,-0.14105901718139657,0.0,,,0.0,0.27491148270589555,,,,1.8582326887819103
T3,L3b,100,3,11,True,3,0.47062201619148253,-0.07973108291625941,0.0,,,0.24,0.5569167816094095,,,,1.2685617263042437
T3,L3b,100,3,12,True,3,0.38078681945800774,-0.08428821563720668,0.0,,,0.0,0.40196267325922885,,,,1.7378075994382205
T3,L3b,100,3,13,True,3,0.39467303276062005,-0.12723002433776864,0.0,,,0.0,0.31136500948468643,,,,1.932736624119428
T3,L3b,100,3,14,True,3,0.4116939735412597,-0.04194400310516366,0.0,,,0.16000000000000003,0.1776580013011934,,,,1.1479749319800645
T3,L3b,100,3,15,True,3,0.46862093925476067,-0.12440595626831019,0.0,,,0.19999999999999996,0.6165256389369332,,,,1.4125873359621568
T3,L3b,100,3,16,True,3,0.46767179489135735,-0.13343200683593714,0.0,,,0.040000000000000036,0.4646755084171986,,,,1.8535626643967802
T3,L3b,100,3,17,True,3,0.4549659919738769,-0.11816797256469735,0.0,,,0.28,0.22596147811034226,,,,1.5751355606341928
T3,L3b,100,3,18,True,3,0.37517015457153313,-0.04953799247741708,0.0,,,0.0,0.5734042320626012,,,,1.9175762089421584
T3,L3b,100,3,19,True,3,0.37221090316772454,-0.09409818649291957,0.0,,,0.0,0.5908304297497281,,,,1.9697665692352593
T3,L3b,100,4,0,False,4,0.39956991195678704,-0.1269861221313473,0.0,,,0.07999999999999996,0.39732339786740123,,,,1.2470063360150387
T3,L3b,100,4,1,False,4,0.3914198112487792,-0.13540003299713144,0.0,,,0.07999999999999996,0.5425018327255509,,,,1.2044722465694964
T3,L3b,100,4,2,True,4,0.47316781997680657,-0.15609798431396493,0.0,,,0.12,0.8921984549387204,,,,1.2951174357915078
T3,L3b,100,4,3,True,4,0.3905419540405273,-0.08608589172363246,0.0,,,0.07999999999999996,0.46804775321904496,,,,1.3284787636017916
T3,L3b,100,4,4,False,4,0.370920820236206,-0.11819992065429652,0.0,,,0.0,0.3659340147821077,,,,1.939541459986988
T3,L3b,100,4,5,False,4,0.3636419010162353,-0.10342595577239999,0.0,,,0.16000000000000003,0.4769738481036892,,,,1.1352309454629264
T3,L3b,100,4,6,True,4,0.47127000808715813,-0.07730195522308358,0.0,,,0.0,0.43778078134007575,,,,1.8008402399092072
T3,L3b,100,4,7,True,4,0.3819538784027099,-0.11972007751464808,0.0,,,0.040000000000000036,0.3202836932532297,,,,1.5027982022632256
T3,L3b,100,4,8,False,4,0.3782080245018005,-0.07989416122436488,0.0,,,0.12,0.2809128422388443,,,,1.4353021417078242
T3,L3b,100,4,9,True,4,0.44078402042388914,-0.06075499057769784,0.0,,,0.0,0.4954977911637796,,,,1.9865291155109288
T3,L3b,100,4,10,True,4,0.45422600030899046,-0.07606194019317636,0.0,,,0.19999999999999996,0.12871949371041608,,,,1.3772650751908246
T3,L3b,100,4,11,True,4,0.4376170170307159,-0.1545301437377926,0.0,,,0.07999999999999996,0.3358015872128852,,,,1.6505808364957197
T3,L3b,100,4,12,True,4,0.466872854232788,-0.10326204299926722,0.0,,,0.16000000000000003,0.3303411895268653,,,,1.6528879801773817
T3,L3b,100,4,13,True,4,0.41508786201477044,-0.11819396018981942,0.0,,,0.0,0.47402481093474236,,,,1.5332425413513562
T3,L3b,100,4,14,True,4,0.4664730262756347,-0.0828280210494996,0.0,,,0.24,0.4108560462632487,,,,1.310037591851707
T3,L3b,100,4,15,True,4,0.4130338859558105,-0.09003410339355433,0.0,,,0.0,0.5601120518158564,,,,1.5604964828860872
T3,L3b,100,4,16,True,4,0.4663199615478515,-0.054485893249511363,0.0,,,0.16000000000000003,0.3293765329540331,,,,1.2342497766414375
T3,L3b,100,4,17,True,4,0.46339790344238274,-0.12775096893310556,0.0,,,0.16000000000000003,0.3578075826995563,,,,1.514557184589242
T3,L3b,100,4,18,True,4,0.4699796867370605,-0.06912395954132089,0.0,,,0.16000000000000003,0.3861348950818441,,,,1.4030197691444743
T3,L3b,100,4,19,True,4,0.47963611602783196,-0.06680831909179652,0.0,,,0.19999999999999996,0.6531636638054389,,,,1.3636811219063638
T3,L3b,100,5,0,True,5,0.3857588005065917,-0.15338907241821254,0.0,,,0.040000000000000036,0.5665555533750296,,,,1.4291437235611133
T3,L3b,100,5,1,False,5,0.3821539115905761,-0.13851091861724862,0.0,,,0.12,0.7180562949625595,,,,1.1966361164166928
T3,L3b,100,5,2,False,5,0.43232910156249993,-0.06315801143646249,0.0,,,0.0,0.6331271386025938,,,,1.857745201236275
T3,L3b,100,5,3,True,5,0.37643615722656243,-0.10502586364746058,0.0,,,0.16000000000000003,0.44093794433419187,,,,1.369970598349863
T3,L3b,100,5,4,True,5,0.38879982948303216,-0.09855613708496058,0.0,,,0.040000000000000036,0.46185236253912065,,,,1.625944235280019
T3,L3b,100,5,5,False,5,0.4651619625091552,-0.08562800884246835,0.0,,,0.0,0.31655273865632527,,,,1.8240853915083315
T3,L3b,100,5,6,True,5,0.47955600738525384,-0.04168996810913095,0.0,,,0.040000000000000036,0.48504829076029715,,,,1.7656668558586197
T3,L3b,100,5,7,True,5,0.3753608894348144,-0.1552449226379391,0.0,,,0.040000000000000036,0.3091323624207858,,,,1.6692602955018279
T3,L3b,100,5,8,True,5,0.4721080195903778,-0.12504014968872035,0.0,,,0.16000000000000003,0.31186078073155266,,,,1.2958506092442181
T3,L3b,100,5,9,True,5,0.46903700947761534,-0.14312896728515634,0.0,,,0.16000000000000003,0.3598161144709546,,,,1.4788919873498252
T3,L3b,100,5,10,True,5,0.3933550250530243,-0.1172070264816285,0.0,,,0.07999999999999996,0.5174811322746163,,,,1.2747723951387522
T3,L3b,100,5,11,True,5,0.41570801854133604,-0.10040817260742152,0.0,,,0.0,0.503712670336699,,,,1.4435936770641953
T3,L3b,100,5,12,True,5,0.379115982055664,-0.13849506378173793,0.0,,,0.0,0.5680635298284201,,,,1.8837086299138128
T3,L3b,100,5,13,True,5,0.4088889789581298,-0.08950600624084482,0.0,,,0.040000000000000036,0.5391301771964535,,,,1.290214695945577
T3,L3b,100,5,14,True,5,0.36462680816650384,-0.08366594314575204,0.0,,,0.12,0.3360058725079756,,,,1.4728237290749788
T3,L3b,100,5,15,True,5,0.4367508125305175,-0.12435398101806605,0.0,,,0.12,0.21368231005088964,,,,1.185606274862113
T3,L3b,100,5,16,True,5,0.42326585769653313,-0.07301912307739222,0.0,,,0.040000000000000036,0.5974312844280342,,,,1.5950887804443976
T3,L3b,100,5,17,True,5,0.36115304946899407,-0.11109898090362558,0.0,,,0.19999999999999996,0.21353548978071774,,,,1.3500446092857696
T3,L3b,100,5,18,True,5,0.45385972976684563,-0.06064496040344247,0.0,,,0.0,0.5999412788865828,,,,1.797216414910373
T3,L3b,100,5,19,False,5,0.3722199630737304,-0.08701620101928675,0.0,,,0.12,0.1611271846638882,,,,1.4605337746458973
T3,L3b,100,6,0,True,6,0.3802179527282714,-0.0694900512695309,0.0,,,0.07999999999999996,0.3242731753719761,,,,1.2548647976791023
T3,L3b,100,6,1,True,6,0.44903985977172844,-0.04749796390533456,0.0,,,0.16000000000000003,0.3833449207171822,,,,1.4350610779576067
T3,L3b,100,6,2,True,6,0.4259800148010253,-0.09092698097229013,0.0,,,0.040000000000000036,0.4290020623080799,,,,1.4100713049139117
T3,L3b,100,6,3,False,6,0.4209279251098632,-0.11699829101562464,0.0,,,0.0,0.4288097394584753,,,,1.8220103007864736
T3,L3b,100,6,4,True,6,0.3851479721069335,-0.11715230941772425,0.0,,,0.12,0.5505925409773148,,,,1.304960924464873
T3,L3b,100,6,5,False,6,0.459853811264038,-0.13693997859954843,0.0,,,0.040000000000000036,0.46996939806614696,,,,1.8695833468060004
T3,L3b,100,6,6,True,6,0.3675519657135009,-0.13852498531341562,0.0,,,0.040000000000000036,0.35037324351317295,,,,1.6042227440604475
T3,L3b,100,6,7,False,6,0.4763929080963134,-0.13874206542968714,0.0,,,0.040000000000000036,0.47863473498029846,,,,1.850634387679749
T3,L3b,100,6,8,True,6,0.4423970115184784,-0.07417402267456019,0.0,,,0.0,0.5656699840020933,,,,1.995817132740324
T3,L3b,100,6,9,False,6,0.4664460253715515,-0.14377901554107675,0.0,,,0.0,0.40510002162356656,,,,1.8266068165323694
T3,L3b,100,6,10,True,6,0.4773490262031555,-0.11262998580932626,0.0,,,0.24,0.4093866677169996,,,,1.5260365466566734
T3,L3b,100,6,11,True,6,0.40739200830459593,-0.15331230163574183,0.0,,,0.0,0.6279640307843605,,,,1.9712912160126501
T3,L3b,100,6,12,True,6,0.40435997962951653,-0.060330009460448863,0.0,,,0.19999999999999996,0.14892480340705103,,,,1.38901644176676
T3,L3b,100,6,13,True,6,0.46897189140319817,-0.05009303092956552,0.0,,,0.16000000000000003,0.4888814078250374,,,,1.3092695423679852
T3,L3b,100,6,14,False,6,0.45554201126098626,-0.09936401844024667,0.0,,,0.07999999999999996,0.33071026648368484,,,,1.9643193818164952
T3,L3b,100,6,15,True,6,0.4241320323944091,-0.094927883148193,0.0,,,0.040000000000000036,0.26321915813191543,,,,1.992564790463469
T3,L3b,100,6,16,True,6,0.4592680168151855,-0.05364809036254847,0.0,,,0.0,0.4867711536622738,,,,1.8950168087358146
T3,L3b,100,6,17,True,6,0.39497797012329094,-0.11539993286132821,0.0,,,0.0,0.42205458656455114,,,,1.8781022534316203
T3,L3b,100,6,18,True,6,0.4576420021057128,-0.09766099452972421,0.0,,,0.07999999999999996,0.3259016413946174,,,,1.8456848102926555
T3,L3b,100,6,19,False,6,0.3959621620178222,-0.15372524261474574,0.0,,,0.040000000000000036,0.6253449811973352,,,,1.762551474967204
T3,L3b,100,7,0,True,7,0.3750299644470214,-0.09035930633544886,0.0,,,0.0,0.54372903494622,,,,1.688063717218443
T3,L3b,100,7,1,True,7,0.40373603820800774,-0.1452740192413331,0.0,,,0.07999999999999996,0.6108897179548645,,,,1.2960018361303778
T3,L3b,100,7,2,True,7,0.4007538986206054,-0.12566897869110116,0.0,,,0.0,0.09644657356383071,,,,1.4578708107261307
T3,L3b,100,7,3,True,7,0.439385814666748,-0.06518421173095668,0.0,,,0.040000000000000036,0.27165826820966565,,,,1.2800243963024538
T3,L3b,100,7,4,True,7,0.39049283981323235,-0.10656127929687464,0.0,,,0.0,0.29529919741725386,,,,1.9845148781909197
T3,L3b,100,7,5,True,7,0.4011220169067382,-0.11714193820953378,0.0,,,0.040000000000000036,0.5386405399134021,,,,1.2866134060149412
T3,L3b,100,7,6,True,7,0.4336489868164062,-0.06599602699279794,0.0,,,0.07999999999999996,0.22001182017266654,,,,1.3104203099467902
T3,L3b,100,7,7,True,7,0.42600004196166985,-0.15027627944946254,0.0,,,0.16000000000000003,0.5580674893899589,,,,1.378377885712406
T3,L3b,100,7,8,False,7,0.39658902406692503,-0.14332208633422816,0.0,,,0.0,0.38193648922168,,,,1.3380344148507834
T3,L3b,100,7,9,True,7,0.45757500648498534,-0.09683094024658212,0.0,,,0.16000000000000003,0.5023473047526259,,,,1.3161062200708618
T3,L3b,100,7,10,True,7,0.42969401001930235,-0.11147401332855233,0.0,,,0.040000000000000036,0.19602594876356674,,,,1.828029459933936
T3,L3b,100,7,11,True,7,0.4639079999923706,-0.13189086914062464,0.0,,,0.040000000000000036,0.5089611518228814,,,,1.8487516267684718
T3,L3b,100,7,12,True,7,0.4572428894042968,-0.14696416854858363,0.0,,,0.07999999999999996,0.8068703722021157,,,,1.205259523651327
T3,L3b,100,7,13,True,7,0.46962682723999016,-0.06875202655792245,0.0,,,0.040000000000000036,0.6610935191913793,,,,1.6401114650762882
T3,L3b,100,7,14,True,7,0.45261399269103997,-0.1572049617767335,0.0,,,0.12,0.4942657107569638,,,,1.2541579105111014
T3,L3b,100,7,15,True,7,0.3773509693145751,-0.10540590286254847,0.0,,,0.0,0.5007750300477725,,,,1.969835320217644
T3,L3b,100,7,16,False,7,0.41870395660400384,-0.15075120925903285,0.0,,,0.07999999999999996,0.5771450892920134,,,,1.174113992814595
T3,L3b,100,7,17,True,7,0.40906469345092766,-0.060176944732666104,0.0,,,0.16000000000000003,0.14127848142044008,,,,1.4075517818500198
T3,L3b,100,7,18,True,7,0.3694118690490722,-0.06137893199920663,0.0,,,0.07999999999999996,0.2392695313725424,,,,1.1944855213596135
T3,L3b,100,7,19,True,7,0.43391792297363274,-0.061766242980956676,0.0,,,0.0,0.5484804646260608,,,,1.9849569193341727
T3,L3b,100,8,0,True,8,0.36144868850708,-0.14116392135620082,0.0,,,0.040000000000000036,0.7838265921765879,,,,1.7979656258832437
T3,L3b,100,8,1,True,8,0.3980097007751464,-0.0887169599533082,0.0,,,0.040000000000000036,0.38135879405891876,,,,1.624201202305009
T3,L3b,100,8,2,False,8,0.45059577941894524,-0.11965999603271493,0.0,,,0.07999999999999996,0.25868882664997034,,,,1.8331039130728848
T3,L3b,100,8,3,False,8,0.41193000793457024,-0.135513877868652,0.0,,,0.040000000000000036,0.4143082229221256,,,,1.4231419873860085
T3,L3b,100,8,4,True,8,0.4562699031829833,-0.14645204544067347,0.0,,,0.0,0.47172576550666845,,,,1.7688640290087712
T3,L3b,100,8,5,True,8,0.4033788871765136,-0.14165601730346689,0.0,,,0.12,0.32748963711686346,,,,1.1757627541138949
T3,L3b,100,8,6,False,8,0.36191503524780266,-0.08552298545837411,0.0,,,0.19999999999999996,0.5225373318947216,,,,1.284203767470653
T3,L3b,100,8,7,False,8,0.4271358680725097,-0.11592588424682582,0.0,,,0.040000000000000036,0.2991807665184998,,,,1.2149860807927197
T3,L3b,100,8,8,True,8,0.3894460034370422,-0.08393106460571254,0.0,,,0.0,0.340832495568457,,,,1.802535670377952
T3,L3b,100,8,9,True,8,0.4727120232582092,-0.08830699920654306,0.0,,,0.24,0.6259706749733651,,,,1.4437398378905053
T3,L3b,100,8,10,True,8,0.3657530081272125,-0.10636494159698495,0.0,,,0.12,0.49333324354698616,,,,1.5291893802165484
T3,L3b,100,8,11,False,8,0.4333640170097351,-0.14428386688232386,0.0,,,0.07999999999999996,0.6798767291706026,,,,1.2441466823117313
T3,L3b,100,8,12,True,8,0.47765390396118157,-0.05845603942871058,0.0,,,0.16000000000000003,0.737610031613691,,,,1.4008187137031916
T3,L3b,100,8,13,True,8,0.4636518192291259,-0.12760195732116708,0.0,,,0.0,0.37281434172577316,,,,1.779916413015527
T3,L3b,100,8,14,True,8,0.37493197441101067,-0.08777198791503915,0.0,,,0.12,0.22875221959847622,,,,1.402386743017361
T3,L3b,100,8,15,True,8,0.40390698432922356,-0.08779821395873988,0.0,,,0.040000000000000036,0.3278655554306503,,,,1.633191787460259
T3,L3b,100,8,16,True,8,0.37683813095092766,-0.15486106872558558,0.0,,,0.040000000000000036,0.262719436570418,,,,1.6377584367205469
T3,L3b,100,8,17,True,8,0.41283409118652337,-0.1255979299545289,0.0,,,0.0,0.5824589373081952,,,,1.913319968714069
T3,L3b,100,8,18,True,8,0.4397277069091796,-0.14295098781585702,0.0,,,0.0,0.32290038645806884,,,,1.9368352276025642
T3,L3b,100,8,19,True,8,0.4130839538574218,-0.11904392242431605,0.0,,,0.0,0.6105729625488064,,,,1.9764175399778565
T3,L3b,100,9,0,True,9,0.47844402313232415,-0.12223300933837855,0.0,,,0.16000000000000003,0.5279671783603791,,,,1.5896276957251267
T3,L3b,100,9,1,True,9,0.40288393020629876,-0.07034692764282235,0.0,,,0.16000000000000003,0.3861592487025276,,,,1.2142504333265944
T3,L3b,100,9,2,True,9,0.3729237747192382,-0.1263710021972657,0.0,,,0.0,0.4398881451002105,,,,1.9611115848504934
T3,L3b,100,9,3,True,9,0.4288300704956054,-0.10790786743164027,0.0,,,0.040000000000000036,0.41933564403886536,,,,1.2013593876764725
T3,L3b,100,9,4,True,9,0.42323796272277825,-0.10383424758911097,0.0,,,0.07999999999999996,0.3215361652303303,,,,1.5371301346315385
T3,L3b,100,9,5,False,9,0.4000360202789306,-0.1563009977340699,0.0,,,0.07999999999999996,0.766887324331538,,,,1.4539509716242998
T3,L3b,100,9,6,False,9,0.37613598823547356,-0.09783301353454599,0.0,,,0.16000000000000003,0.4740399412407053,,,,1.361931466914753
T3,L3b,100,9,7,False,9,0.38223902702331536,-0.09070930480956996,0.0,,,0.16000000000000003,0.5798262485922688,,,,1.1314465519372854
T3,L3b,100,9,8,True,9,0.45716400265693663,-0.13110218048095668,0.0,,,0.12,0.6509733847817131,,,,1.1423968790801058
T3,L3b,100,9,9,True,9,0.4412610065937042,-0.12470397949218759,0.0,,,0.040000000000000036,0.49225457871608347,,,,1.8708377231383786
T3,L3b,100,9,10,True,9,0.44128100395202635,-0.1397679805755616,0.0,,,0.040000000000000036,0.5036772261930641,,,,1.99150266561148
T3,L3b,100,9,11,True,9,0.42263699889183043,-0.08720788955688441,0.0,,,0.0,0.2107256545541576,,,,1.8957978564591975
T3,L3b,100,9,12,True,9,0.39331595420837395,-0.14588413238525355,0.0,,,0.0,0.5292088092188199,,,,1.783465427935403
T3,L3b,100,9,13,True,9,0.39944903373718255,-0.05568299293518075,0.0,,,0.12,0.4826592022224253,,,,1.4925822314268928
T3,L3b,100,9,14,True,9,0.46966998100280755,-0.06339702606201181,0.0,,,0.0,0.29907497209278805,,,,1.8855952695855993
T3,L3b,100,9,15,True,9,0.42158786773681634,-0.1496001243591305,0.0,,,0.07999999999999996,0.36716126666120497,,,,1.4849352205540232
T3,L3b,100,9,16,False,9,0.3726057243347167,-0.1059890747070309,0.0,,,0.19999999999999996,0.5383422367453368,,,,1.2788453536860913
T3,L3b,100,9,17,True,9,0.4002980422973632,-0.14638493061065683,0.0,,,0.07999999999999996,0.5304202551313147,,,,1.4532856720375007
T3,L3b,100,9,18,False,9,0.464990062713623,-0.11475095748901376,0.0,,,0.28,0.6201413237904843,,,,1.3976539939489008
T3,L3b,100,9,19,False,9,0.46132604598999016,-0.14414987564086879,0.0,,,0.16000000000000003,0.3345693549623223,,,,1.4291889060874012
